Temperature,Humidity,Pressure,WindSpeed,CloudCover,RainToday,RainTomorrow
24,76,1023,16,71,0,0
24,99,1005,25,99,0,1
20,46,1015,3,87,1,1
23,26,1022,22,32,0,0
39,73,1021,43,91,1,1
32,86,1024,4,50,0,0
26,63,1012,5,88,1,1
35,33,1020,3,83,0,0
24,68,1023,9,46,0,0
34,60,1012,41,3,0,0
23,78,1004,5,53,0,1
35,68,996,11,61,1,1
33,39,1002,15,86,0,1
25,77,1018,27,88,0,1
30,65,1023,16,44,0,0
24,33,1018,2,7,0,0
28,32,997,36,32,0,1
27,65,1022,8,72,0,0
19,57,1010,24,61,0,1
20,68,1002,23,90,0,1
20,71,1008,4,0,1,0
40,38,1001,28,8,1,1
27,75,1001,33,3,1,1
40,39,1005,30,35,1,1
24,83,1013,23,27,1,1
30,86,1019,7,27,1,0
29,54,1024,12,91,0,0
18,25,1019,28,61,0,0
30,27,1001,7,71,0,0
22,75,1004,25,78,0,1
41,76,1011,13,38,0,0
34,80,1011,3,1,0,0
40,25,1013,3,52,0,0
23,56,1017,5,54,1,0
34,62,1018,6,97,0,0
28,40,995,10,58,0,1
20,44,1022,37,18,1,0
36,44,1001,42,32,0,1
24,25,1005,29,56,0,0
40,55,1024,43,98,0,1
33,84,1011,3,0,0,0
29,93,999,33,8,0,1
36,72,1010,4,19,1,1
41,57,1018,12,71,1,1
25,49,1023,19,81,0,0
20,85,1003,37,32,0,1
31,45,1010,21,7,1,0
34,57,1010,13,58,0,0
40,46,1008,31,37,1,1
36,78,1002,28,26,1,1
18,52,1009,34,68,0,1
33,43,998,36,63,0,1
34,68,1022,31,92,0,1
23,61,1018,30,45,1,1
20,84,995,22,31,1,1
20,42,1019,43,94,1,1
20,70,1018,33,46,1,1
19,51,1004,3,89,1,1
18,33,1005,40,92,0,1
20,74,1019,25,12,0,0
24,81,998,21,64,0,1
31,40,1008,13,86,0,1
19,90,1017,23,50,0,0
39,82,1020,23,48,0,0
23,39,1016,44,59,0,0
25,77,1022,6,67,1,1
37,71,997,41,51,0,1
35,54,1013,18,62,0,0
40,86,1017,10,11,0,0
18,58,1024,26,0,1,0
24,88,999,23,92,0,1
29,50,1010,38,85,0,1
31,93,1009,31,61,1,1
29,40,1020,27,47,1,0
21,57,1024,31,22,0,0
39,93,998,35,51,0,1
36,82,995,6,3,0,1
33,26,1011,29,31,1,1
41,36,1012,36,32,0,0
36,67,999,13,66,1,1
25,98,1005,30,12,0,1
31,26,1023,36,86,0,0
25,50,1004,27,33,0,0
24,92,1020,12,28,0,0
38,60,1004,38,72,0,1
20,73,997,37,81,0,1
41,47,1024,33,36,0,0
40,37,1017,26,98,0,0
34,86,1014,26,85,0,1
36,73,998,13,60,1,1
29,33,1001,29,77,0,1
37,40,1015,6,98,0,0
37,77,1017,17,56,0,0
38,66,1020,40,13,0,0
22,59,1017,30,74,0,0
29,33,1004,18,6,0,0
25,66,1003,28,65,0,1
22,62,1013,9,64,1,1
34,95,1019,5,35,0,0
36,85,1006,40,90,0,1
36,63,1024,4,44,0,0
37,96,1023,42,38,1,1
30,86,1019,26,55,0,0
38,30,1020,33,44,0,0
38,99,1022,38,35,0,0
37,81,1012,42,48,0,1
18,78,1016,4,15,1,0
28,36,1004,33,15,1,1
29,48,1022,9,91,0,0
25,82,1022,29,91,0,1
21,88,1021,18,72,0,0
37,53,1007,36,5,1,1
22,71,1019,3,9,1,0
35,29,1017,34,64,0,0
32,73,1005,22,25,0,1
39,83,1021,14,32,0,0
20,25,1015,7,91,1,1
22,27,1015,24,52,1,0
27,41,1015,15,72,0,0
36,69,1007,5,61,1,1
25,56,996,29,94,0,1
19,78,1016,4,49,1,1
39,29,1024,31,56,0,0
32,47,1009,38,84,0,1
28,75,1001,39,63,0,1
23,74,996,19,29,0,1
36,87,996,39,96,1,1
40,75,1011,6,28,0,0
41,41,1004,18,83,0,1
19,30,1015,3,76,0,0
28,99,1013,24,54,0,1
28,40,1002,5,3,0,0
20,91,1021,30,31,0,0
36,43,1015,6,81,0,0
39,45,1000,2,4,0,0
31,58,1011,15,89,0,1
26,50,1019,23,55,1,1
33,85,1011,27,35,1,1
34,76,1009,23,13,0,0
40,26,1007,27,13,0,0
36,31,997,24,17,0,0
20,39,1019,38,27,0,0
34,68,1019,18,12,0,0
21,34,997,42,17,0,1
32,58,1009,9,39,0,0
36,66,1003,38,5,1,1
19,83,1018,7,32,0,0
38,94,1000,5,93,0,1
41,79,1003,4,30,0,0
21,48,1000,3,83,1,1
21,30,1016,31,50,1,1
19,99,1002,27,50,1,1
22,94,1020,5,18,0,0
37,36,1009,2,89,1,1
23,61,1024,12,99,0,0
20,57,1000,11,4,0,0
29,26,1007,41,1,0,0
22,97,1011,10,74,0,1
23,59,1024,32,48,1,0
29,74,1008,12,8,0,0
20,59,995,41,63,0,1
25,35,1003,38,13,1,1
20,61,999,20,77,0,1
21,66,1019,19,39,0,0
25,38,1013,39,96,1,1
32,49,1011,34,65,0,1
25,75,1001,7,5,0,0
36,96,1004,16,28,0,1
24,51,998,30,37,1,1
22,51,1017,34,67,0,0
27,29,1021,11,96,0,0
30,55,1009,37,87,0,1
32,53,1002,6,28,0,0
29,69,996,28,94,0,1
21,60,1020,44,26,0,0
28,98,1002,39,5,0,1
32,70,1005,13,89,0,1
35,84,1005,13,99,1,1
22,61,1002,43,91,0,1
26,75,1023,15,39,1,0
28,47,995,38,20,0,1
21,78,1017,2,62,0,0
36,64,1009,22,46,0,0
26,98,1014,27,40,0,1
37,49,1020,12,37,0,0
35,58,1021,18,42,0,0
36,78,1018,26,70,0,1
38,57,1011,30,62,0,1
35,73,1001,18,83,0,1
37,87,1023,41,48,0,0
30,75,1021,20,61,0,0
34,69,1023,31,15,0,0
35,25,1008,3,91,0,0
23,75,998,2,7,1,1
24,27,1004,11,82,0,1
18,79,1022,33,49,1,1
25,89,1019,4,87,0,0
25,78,1019,38,66,1,1
32,32,996,36,95,1,1
41,70,1005,17,67,1,1
39,38,1017,19,6,0,0
18,47,1015,20,18,0,0
35,26,995,6,19,0,0
19,91,1017,13,19,0,0
23,33,996,36,85,1,1
34,98,1024,24,95,0,1
36,38,1003,41,65,0,1
24,97,1016,23,3,0,0
30,61,1005,7,17,0,0
27,65,1000,35,16,0,1
23,51,1019,32,5,1,0
19,36,1007,8,9,1,0
38,86,1020,3,53,1,1
36,77,998,27,28,0,1
25,35,998,40,98,1,1
40,48,1016,23,68,0,0
21,44,1013,36,80,0,1
30,97,1020,3,72,0,0
34,25,1019,44,41,0,0
20,27,1012,38,43,1,1
23,36,1013,38,43,1,1
34,85,1011,11,56,0,1
32,36,1024,17,87,1,0
38,94,1002,26,81,0,1
32,83,1020,42,25,0,0
27,40,1001,18,22,0,0
39,31,1008,16,6,0,0
33,96,1012,24,92,0,1
37,63,997,19,58,1,1
34,38,1018,36,59,0,0
20,61,1005,41,89,1,1
29,63,1009,5,92,0,1
30,57,1010,43,65,0,1
27,58,1024,14,12,0,0
20,63,1008,30,61,0,1
38,81,1010,11,29,0,0
24,29,995,31,48,0,1
31,54,1012,5,17,0,0
33,89,1015,16,72,0,1
41,92,1006,38,60,0,1
23,63,1018,25,10,1,0
19,49,1001,5,58,0,1
39,98,1005,35,56,0,1
34,27,1018,7,4,0,0
32,73,1003,36,19,1,1
27,59,1012,19,61,1,1
20,56,997,39,12,0,1
32,97,998,15,97,0,1
41,91,1021,29,28,1,1
19,66,1003,16,39,1,1
28,83,996,25,78,0,1
22,72,1020,19,69,1,1
33,52,999,14,80,0,1
30,86,1023,4,55,0,0
25,57,1000,25,18,1,1
18,83,1021,42,12,1,1
38,66,998,28,37,0,1
22,69,1020,32,22,0,0
28,77,1024,40,30,0,0
19,36,1001,3,95,0,1
34,41,1002,32,97,0,1
41,59,1010,7,82,1,1
27,87,1022,16,93,1,1
39,92,1014,33,99,0,1
34,36,1016,18,9,0,0
39,74,1008,30,75,1,1
20,76,1023,13,6,0,0
18,30,1009,16,31,1,0
40,50,996,35,28,1,1
20,37,1003,40,14,1,1
28,56,996,15,83,0,1
20,80,1022,30,20,1,0
22,83,1014,7,18,0,0
20,25,1020,39,14,1,0
20,88,1011,26,23,0,0
32,51,1002,26,16,0,0
25,51,1008,8,2,1,0
29,77,1018,4,19,1,0
31,95,1011,21,99,0,1
33,84,1016,3,87,0,0
30,96,1015,19,93,0,1
31,62,1005,26,32,1,1
26,32,1005,23,50,0,0
34,70,1009,17,53,0,1
37,57,1004,41,31,1,1
18,26,995,34,76,0,1
30,50,1016,40,65,1,1
31,39,996,43,43,0,1
28,85,997,7,8,1,1
24,56,1003,13,7,1,1
37,86,1009,8,74,1,1
21,30,1020,23,25,0,0
26,84,1004,15,74,1,1
29,36,1007,26,44,0,0
36,79,1008,37,44,0,1
40,77,1017,33,50,0,0
23,42,1013,23,36,1,1
26,83,997,29,73,0,1
39,87,1009,34,6,0,0
38,55,1020,25,19,0,0
29,44,1022,25,49,1,0
26,60,1020,35,99,1,1
19,60,1000,40,41,1,1
39,36,997,19,39,1,1
18,50,1002,37,93,0,1
29,38,1008,3,36,1,0
30,65,1024,15,88,0,0
24,94,1011,26,27,0,1
22,29,995,41,75,0,1
30,47,1009,32,10,1,1
39,38,1010,11,92,0,0
26,25,999,21,7,0,0
18,81,1016,21,27,0,0
22,71,999,13,36,1,1
41,68,1018,29,78,0,1
37,26,1003,38,19,0,0
18,59,1000,38,58,0,1
34,75,1008,13,19,1,1
41,67,1024,35,88,0,0
24,80,1009,44,49,0,1
23,47,1024,17,49,0,0
40,32,1012,22,0,1,0
23,29,1009,23,46,0,0
40,67,1004,31,81,0,1
25,71,1002,13,90,1,1
31,92,995,2,18,1,1
31,77,1010,6,89,0,1
19,88,1000,10,32,0,1
33,37,1003,14,30,1,1
21,28,1000,20,69,1,1
30,47,1013,12,0,0,0
39,95,1019,22,14,0,0
24,39,1015,20,59,0,0
18,73,1011,36,43,0,1
28,96,1008,15,73,1,1
26,27,1015,27,71,0,0
23,52,1015,30,25,0,0
22,72,999,16,43,0,1
28,72,1017,7,45,1,1
28,45,1017,44,79,0,1
32,49,998,12,50,0,1
38,37,1016,20,33,0,0
21,76,1008,28,28,1,1
20,32,1010,43,35,1,1
19,73,1007,5,89,0,1
28,31,1006,11,38,0,0
24,87,1018,43,60,0,1
21,92,1016,8,53,0,0
41,69,1004,14,21,1,1
39,33,1020,10,14,0,0
27,96,1018,17,48,0,0
22,92,1012,25,18,1,1
24,98,1019,19,18,0,0
18,79,1012,6,46,0,0
29,57,1017,22,80,0,0
22,39,997,29,70,0,1
27,97,1008,14,56,0,1
19,88,997,8,84,0,1
27,63,1003,12,23,0,0
36,92,1020,39,41,1,1
30,60,1002,38,96,0,1
26,32,995,7,40,0,0
30,73,1022,3,59,1,0
38,32,1000,9,49,0,0
29,82,997,23,69,0,1
29,26,1000,18,34,1,1
37,32,1016,37,68,0,0
32,79,1010,43,61,0,1
40,40,1006,18,15,0,0
37,27,1010,31,22,0,0
25,29,1014,41,64,1,1
38,94,1016,19,71,1,1
18,40,1006,39,97,0,1
21,47,1012,3,84,0,0
26,89,1005,4,51,0,1
21,79,1000,36,21,0,1
39,84,999,43,11,1,1
27,62,1012,36,29,1,1
31,30,997,17,6,0,0
26,39,1015,36,65,0,0
20,44,1012,11,24,0,0
39,57,998,32,13,0,1
33,78,1008,4,98,0,1
30,32,1015,35,67,0,0
21,69,1022,13,31,0,0
30,55,1008,21,17,0,0
23,56,1023,44,1,0,0
36,55,1013,6,82,0,0
19,35,1012,32,55,0,0
40,33,997,22,72,1,1
31,31,1010,17,96,0,1
24,64,1011,38,51,0,1
21,62,1001,38,62,0,1
20,31,1021,29,85,1,1
22,29,1024,3,61,0,0
39,45,1004,24,57,0,1
22,89,1007,22,89,0,1
38,77,1012,38,44,0,1
34,84,1005,22,51,0,1
38,50,1024,5,33,0,0
35,76,1023,39,41,1,1
30,88,1011,10,40,0,0
33,53,995,11,57,0,1
25,45,1022,12,33,0,0
39,96,1011,16,16,0,0
41,69,1013,6,31,1,1
40,32,1007,9,86,1,1
30,75,1018,36,23,0,0
37,45,1002,32,99,0,1
32,31,1013,29,50,0,0
22,29,1024,33,7,0,0
23,32,1002,26,72,0,1
35,91,1011,37,67,1,1
26,86,1012,11,20,0,0
25,26,1016,14,52,1,0
33,56,1022,35,10,0,0
34,64,1012,10,24,0,0
31,46,1014,31,83,0,1
36,70,1011,22,98,0,1
40,63,1011,13,46,0,0
30,45,1024,9,45,1,0
24,47,1006,33,74,0,1
39,46,1022,30,12,0,0
38,76,1021,32,78,0,1
41,68,1007,23,42,1,1
18,80,997,20,22,0,1
24,49,999,9,57,0,1
18,29,997,2,3,0,0
27,34,1015,40,90,0,1
26,37,1003,37,85,1,1
39,36,1011,15,13,1,0
38,44,1005,17,94,0,1
41,82,998,5,19,1,1
39,50,999,39,84,0,1
24,45,1004,39,45,0,1
30,44,1011,8,3,0,0
20,82,1017,5,23,0,0
35,43,1022,20,48,0,0
36,46,1018,13,29,1,0
38,55,998,20,47,0,1
40,79,995,19,62,0,1
32,99,1019,34,16,0,0
37,71,1021,16,69,1,1
28,33,1020,17,68,0,0
27,74,997,14,93,1,1
30,94,1011,20,41,1,1
36,93,1023,38,83,1,1
27,88,999,37,69,0,1
24,63,1012,36,0,1,1
21,94,1003,32,83,0,1
21,54,1018,43,29,0,0
24,59,1017,29,13,0,0
33,40,1016,32,88,1,1
29,97,1007,37,55,0,1
35,81,1015,5,49,0,0
24,94,1009,19,31,0,1
37,39,1010,8,20,0,0
29,38,1019,38,57,1,1
22,27,1017,27,36,0,0
36,36,1019,42,32,0,0
21,95,1016,34,80,1,1
19,52,1020,44,40,1,1
34,41,996,7,69,1,1
27,29,996,23,56,0,1
19,40,1010,40,85,0,1
32,64,1000,11,98,0,1
34,88,1001,22,19,0,1
21,39,1018,41,84,0,0
37,38,1021,42,39,1,0
34,87,996,26,2,1,1
18,66,1014,36,5,0,0
40,74,1005,20,68,1,1
41,36,1004,9,23,0,0
26,60,999,22,71,1,1
32,39,1010,41,81,0,1
37,94,1006,3,6,0,0
30,27,1021,44,39,0,0
18,32,999,33,47,0,1
21,94,1008,20,31,0,1
28,70,1017,17,0,0,0
40,45,1024,14,33,0,0
23,83,1017,28,68,0,1
18,92,1019,21,33,0,0
22,85,1022,30,8,1,0
35,30,1013,12,65,1,1
29,97,1015,25,97,1,1
29,54,1020,22,27,1,0
18,59,1014,35,40,1,1
35,82,1005,24,47,0,1
34,93,1006,12,93,1,1
20,57,1014,17,33,0,0
25,52,1009,40,69,1,1
18,96,1017,24,62,0,1
32,62,1009,22,98,1,1
38,70,1014,15,99,1,1
24,33,997,14,78,0,1
18,30,1021,28,22,0,0
19,70,1000,15,99,0,1
20,43,1024,15,83,0,0
25,38,1020,39,86,0,0
36,75,997,43,18,1,1
37,69,1001,15,62,0,1
40,43,1009,15,37,0,0
21,64,1011,31,8,0,0
41,76,1019,15,74,0,0
26,83,1008,31,40,0,1
21,32,996,42,85,1,1
40,40,1023,31,11,0,0
31,74,1015,22,68,0,1
22,91,1006,34,72,1,1
21,59,1011,35,87,1,1
25,69,1017,41,75,1,1
31,71,1009,42,18,1,1
39,45,1013,39,19,1,1
36,28,1017,8,91,0,0
39,69,997,23,65,0,1
40,25,1002,24,37,0,0
35,41,1023,13,5,0,0
25,89,1019,30,98,0,1
20,72,1007,21,55,0,1
23,73,1008,9,42,1,1
18,63,1015,43,53,1,1
26,61,1011,42,16,0,0
36,83,1001,42,38,0,1
28,43,1005,14,45,0,0
25,43,1006,9,71,0,0
30,36,1023,34,44,1,0
22,32,1019,28,45,0,0
30,71,1017,21,81,0,1
21,57,998,19,18,0,1
25,39,1003,40,1,0,0
26,98,996,12,76,0,1
35,75,1016,10,38,1,1
37,94,1021,3,92,0,0
33,64,996,18,40,0,1
20,89,1017,16,89,1,1
34,49,1017,25,37,1,0
39,42,998,36,44,0,1
38,54,1022,35,31,1,0
29,65,1017,41,74,0,1
39,57,1018,40,33,0,0
22,31,998,38,55,1,1
32,44,1013,30,73,0,0
20,67,1009,32,90,0,1
34,62,999,9,33,1,1
41,89,998,6,29,0,1
20,99,1007,5,25,0,0
39,88,1021,43,50,0,1
32,54,1004,38,36,1,1
22,59,1017,7,67,1,1
26,53,1007,18,95,0,1
21,93,999,42,48,0,1
30,77,1021,24,50,0,0
19,56,1007,22,45,0,0
38,68,1005,40,67,0,1
41,37,1009,35,10,0,0
34,48,1020,20,36,1,0
25,52,999,18,35,1,1
38,35,1016,13,20,1,0
24,29,1011,21,40,1,1
29,94,1011,20,25,1,1
29,76,1000,37,74,0,1
41,47,1009,28,74,1,1
36,75,1015,15,90,0,1
36,71,1009,5,6,1,0
33,97,1002,18,80,1,1
25,43,1000,4,58,0,0
32,85,1017,17,95,1,1
39,67,997,11,41,0,1
38,90,1003,25,34,0,1
32,59,1013,9,25,1,0
24,54,1001,4,64,0,1
22,25,1009,38,12,1,1
22,84,1003,2,35,1,1
25,47,1003,35,45,0,1
21,54,1000,12,98,0,1
31,84,1007,33,33,0,1
36,40,996,41,16,0,1
27,40,1000,3,65,1,1
41,55,1022,35,38,0,0
40,79,1021,30,52,1,1
34,54,1015,14,20,0,0
36,81,1019,23,30,1,1
40,56,1024,11,9,1,0
39,76,1014,33,13,0,0
31,77,1018,16,21,0,0
21,83,1017,9,81,0,0
31,58,1012,35,74,0,1
34,81,1011,30,25,1,1
39,62,1011,24,87,1,1
26,30,999,30,27,0,0
18,43,1003,28,33,0,0
21,39,1013,14,82,1,1
33,80,1006,38,16,0,1
18,84,1021,26,54,0,0
40,45,1005,14,32,0,0
28,41,998,26,93,0,1
37,36,999,43,16,0,1
33,52,1003,36,46,0,1
31,95,1003,14,81,0,1
21,55,996,17,8,0,0
28,78,1018,23,96,1,1
40,69,1007,35,8,0,0
24,60,1012,4,27,1,0
29,45,1022,41,53,0,0
21,45,1022,44,98,0,1
34,78,1004,11,45,0,1
23,48,996,23,80,0,1
27,59,1019,4,16,1,0
37,48,1023,44,24,1,0
23,89,1014,29,15,1,1
25,82,1006,28,52,0,1
32,58,999,7,6,0,0
38,49,995,8,56,0,1
33,67,1015,37,76,1,1
32,75,1003,33,74,1,1
40,96,1007,23,58,0,1
20,53,1003,30,97,0,1
30,68,1020,5,89,1,1
40,29,1018,33,83,0,0
32,56,1022,23,16,0,0
29,95,1004,27,24,1,1
30,35,1007,9,67,0,0
28,89,1011,39,87,1,1
32,55,1003,27,4,0,0
26,99,1018,34,49,0,1
19,39,1023,22,45,0,0
23,86,1016,19,77,0,1
30,27,1024,7,92,0,0
30,57,1011,12,76,0,0
29,94,1003,17,67,1,1
33,80,1021,27,61,0,0
28,42,1013,24,54,0,0
35,50,1000,5,28,1,1
19,41,1005,44,79,1,1
40,32,1007,43,7,1,1
21,89,1005,40,80,0,1
41,68,1003,38,73,1,1
27,67,1015,25,41,0,0
19,79,1002,28,21,0,1
20,37,1007,11,99,0,1
41,51,996,2,31,0,0
24,91,1014,21,93,1,1
34,41,1012,30,83,0,1
35,92,995,2,57,1,1
37,34,1021,12,40,0,0
18,41,1016,35,40,1,1
22,35,1018,22,98,0,0
36,43,1007,8,46,1,1
25,29,1015,15,3,1,0
37,39,1012,30,7,0,0
36,70,1022,28,67,0,0
20,61,995,4,23,1,1
21,48,1018,43,3,0,0
34,77,1018,24,68,0,0
38,86,1003,7,56,1,1
24,62,1015,21,2,1,0
39,71,998,29,75,0,1
21,65,999,14,86,0,1
22,49,1010,28,50,0,0
33,71,1016,37,38,0,0
39,78,1015,9,15,0,0
27,98,1021,35,8,0,0
27,41,998,26,20,0,0
34,89,1019,37,80,1,1
41,90,1002,16,95,0,1
23,25,1009,24,38,1,1
34,58,1021,42,92,0,1
23,30,1014,4,80,1,1
29,71,1007,2,80,0,1
32,56,998,19,82,1,1
20,82,995,15,33,0,1
21,83,1023,20,5,0,0
34,64,1013,2,68,1,1
23,37,1010,36,18,0,0
28,98,1019,21,94,0,1
40,26,1018,23,56,1,0
24,80,1017,4,15,1,0
36,96,1022,34,11,0,0
28,29,1021,13,16,1,0
22,81,1022,15,68,0,0
18,86,1012,42,18,0,1
19,71,1001,5,32,0,0
39,31,1009,24,13,1,0
39,44,1023,25,81,1,1
26,81,1002,27,61,0,1
34,90,1000,6,27,0,1
22,65,1011,28,48,0,0
20,34,996,26,34,0,1
41,98,1000,23,25,0,1
24,53,1009,39,19,0,0
39,44,1006,20,83,0,1
19,54,1015,35,21,1,1
32,51,1004,10,96,0,1
23,83,998,3,28,0,1
36,50,1019,11,52,1,0
39,75,1010,22,21,0,0
30,52,995,5,6,0,0
21,25,1004,37,72,1,1
27,56,1000,39,16,0,1
39,74,997,22,24,0,1
32,28,1023,10,26,0,0
41,41,1005,42,41,1,1
30,64,1001,24,95,1,1
18,93,1005,35,39,0,1
35,91,1024,34,74,0,1
33,34,1012,39,18,0,0
30,70,997,11,64,0,1
31,32,1013,43,80,1,1
23,63,1011,29,96,1,1
26,80,1021,22,1,0,0
28,84,1000,41,35,0,1
28,61,1009,29,17,1,1
39,35,1020,14,3,0,0
24,85,1005,25,67,0,1
18,79,997,15,37,0,1
18,62,1015,30,4,1,0
38,95,997,21,82,0,1
22,25,998,13,59,0,1
27,47,1019,22,60,0,0
37,49,1007,33,54,1,1
21,73,1004,40,79,1,1
38,85,1003,7,34,0,1
26,29,1004,24,80,0,1
33,91,1024,23,72,0,0
22,37,1008,24,44,0,0
25,90,999,7,17,0,1
39,57,1024,18,31,1,0
31,34,1009,37,33,0,0
28,63,1017,20,14,1,0
41,96,1005,10,46,1,1
18,43,997,11,39,1,1
18,53,1012,35,12,1,1
19,72,1009,14,47,0,0
24,50,1011,8,12,0,0
34,91,1001,40,52,1,1
34,67,1019,4,78,1,1
28,56,1020,17,24,1,0
26,80,995,30,85,1,1
36,75,1016,42,70,0,1
36,43,996,42,44,0,1
28,77,1008,31,56,1,1
36,72,996,33,7,1,1
29,81,1002,37,78,0,1
34,69,1012,3,76,1,1
32,44,1023,43,92,0,0
20,78,1008,41,58,1,1
21,84,1014,12,94,1,1
28,26,1024,10,91,0,0
19,85,1018,16,47,0,0
25,97,1020,38,44,0,1
37,88,1006,30,58,0,1
26,30,1023,18,15,1,0
20,45,1020,37,85,1,1
29,66,1023,14,10,0,0
25,83,1019,41,58,1,1
29,34,1006,12,78,0,0
19,74,1006,27,22,0,1
34,86,1000,4,37,1,1
18,69,1022,22,12,0,0
24,46,1004,40,52,1,1
21,47,1017,7,87,0,0
22,57,1022,9,0,0,0
39,94,1023,22,95,0,1
22,84,1018,7,88,1,1
41,53,1001,41,76,1,1
19,32,1005,34,53,1,1
23,72,1021,21,11,0,0
27,91,1007,28,34,0,1
33,37,1011,36,74,0,1
36,78,1005,31,47,0,1
39,62,1008,25,48,1,1
40,82,997,4,79,0,1
27,49,998,30,18,0,1
27,85,1005,26,19,0,1
40,48,1005,35,54,0,1
22,75,1015,13,49,0,0
34,66,1014,39,24,0,0
28,85,1012,28,54,1,1
41,99,1015,6,86,0,1
26,78,1004,23,82,1,1
24,28,995,16,75,0,1
35,71,1011,30,45,0,1
37,74,1010,34,58,0,1
29,64,1016,21,93,1,1
41,37,1007,3,36,1,0
19,60,1016,27,74,0,0
25,67,1016,21,7,0,0
34,79,1010,44,6,0,0
32,80,1010,28,52,1,1
26,59,1013,21,36,1,1
32,81,1002,16,94,1,1
31,44,1022,40,52,1,1
34,41,1004,31,28,0,0
28,74,1001,35,19,0,1
41,34,1014,16,83,1,1
25,96,1002,24,10,0,1
25,80,1022,11,38,0,0
21,37,998,38,25,1,1
35,88,1000,25,86,0,1
40,35,1022,33,61,0,0
23,34,1002,25,98,0,1
40,41,995,32,94,0,1
40,77,1018,35,8,0,0
33,42,1013,13,39,0,0
27,39,1009,40,12,1,1
26,64,1014,27,90,0,1
30,97,1006,39,82,0,1
20,72,1012,17,54,0,0
25,37,1007,18,5,0,0
31,78,998,40,71,0,1
23,87,1000,29,52,0,1
20,46,1023,39,71,0,0
23,56,997,11,2,1,1
29,73,1021,32,92,1,1
37,65,1024,22,83,0,0
39,28,1007,43,48,0,1
30,78,998,34,0,0,1
34,48,1020,9,90,0,0
31,96,1002,27,58,0,1
22,52,1019,17,1,1,0
34,54,1001,14,95,0,1
31,37,1005,22,93,0,1
40,64,1013,16,72,0,0
29,77,1017,31,32,1,1
26,78,1009,2,43,0,0
19,33,1009,13,96,1,1
25,96,1021,13,64,0,0
27,86,1013,12,42,0,0
18,56,1020,30,84,0,0
40,80,1000,23,49,0,1
30,88,1013,9,48,0,0
28,73,1015,3,62,0,0
24,52,1021,18,5,0,0
23,52,996,39,36,1,1
21,73,1005,37,57,0,1
34,84,1008,20,57,0,1
31,80,1021,29,0,0,0
33,64,995,13,71,1,1
35,28,1000,28,8,0,0
41,55,1018,15,24,1,0
20,48,1024,43,72,1,1
25,34,1013,4,23,1,0
33,39,997,13,52,0,1
32,58,1017,32,49,1,1
40,28,1017,2,88,1,0
20,45,1019,21,48,1,0
38,86,1023,34,37,0,0
31,76,1009,26,20,0,0
22,94,1011,44,46,0,1
35,45,1022,36,85,0,0
20,64,1012,11,88,1,1
25,99,1023,6,52,0,0
41,83,1007,39,92,0,1
33,26,995,41,59,0,1
28,63,1020,14,71,0,0
39,97,1001,32,57,0,1
32,58,1017,32,51,0,0
18,79,1016,41,0,0,0
27,78,1004,22,78,1,1
23,32,1024,18,16,0,0
30,41,1000,18,77,1,1
20,38,1009,9,60,0,0
30,55,1015,36,59,0,0
39,82,1011,24,88,0,1
32,29,1020,21,5,0,0
35,42,998,18,13,1,1
24,68,1017,16,18,1,0
32,59,1011,36,18,0,0
20,56,1020,41,23,0,0
34,95,1005,2,98,0,1
30,94,1020,15,36,0,0
32,92,1002,17,91,1,1
21,69,1020,29,95,1,1
20,32,1018,16,42,0,0
24,69,996,9,70,1,1
36,81,1010,36,29,1,1
35,93,1015,30,38,1,1
28,69,1017,6,93,0,0
31,28,1023,24,5,0,0
35,39,1002,33,72,0,1
37,30,1010,4,10,1,0
21,87,998,18,40,0,1
39,94,997,23,64,0,1
33,35,1007,43,2,1,1
29,38,995,19,72,0,1
36,71,999,24,29,1,1
19,49,1004,15,57,0,1
26,49,1008,36,47,0,1
20,99,1005,22,20,1,1
24,88,1024,3,75,0,0
35,78,1021,12,15,0,0
35,83,1020,17,5,1,0
28,71,1009,43,75,0,1
21,26,1020,28,26,0,0
25,31,1009,41,11,0,0
28,41,1023,18,35,1,0
22,60,1022,30,46,1,1
40,40,1008,11,70,0,0
22,53,997,16,99,0,1
37,43,1007,43,20,1,1
40,53,1014,26,69,0,0
19,46,1010,19,68,1,1
30,43,1017,35,12,0,0
39,46,1014,37,72,0,1
36,62,1000,16,56,0,1
21,74,1012,6,19,0,0
28,61,1016,5,92,1,1
30,66,1003,43,94,1,1
36,55,997,22,60,0,1
38,56,996,11,1,0,0
41,41,1010,17,45,0,0
28,25,1005,22,3,0,0
32,74,1006,32,80,1,1
18,71,1022,43,70,0,1
41,28,1006,20,25,0,0
35,67,1005,4,11,0,0
34,78,996,17,1,0,1
37,62,1022,26,95,0,0
27,64,995,14,41,0,1
39,46,1019,21,26,1,0
19,56,1020,26,65,0,0
26,97,1004,33,97,1,1
24,84,996,2,50,0,1
41,51,996,32,56,1,1
32,36,999,29,83,0,1
41,45,1004,15,17,0,0
19,82,1006,23,69,1,1
21,46,1008,17,60,1,1
18,69,998,21,17,0,1
40,40,1021,6,67,0,0
36,94,1006,17,80,0,1
31,85,1001,33,14,0,1
26,78,1009,35,4,0,0
37,67,995,32,98,0,1
36,78,1024,24,31,1,0
37,59,999,10,28,0,0
39,90,1007,6,90,0,1
40,25,1014,24,95,0,0
32,78,1018,12,28,0,0
33,44,1008,4,64,0,0
38,25,1011,3,28,1,0
25,53,1010,34,2,1,1
22,44,1003,40,3,0,0
36,69,1005,14,12,0,0
39,76,1009,23,42,0,1
37,96,1004,27,25,0,1
30,52,1003,21,55,0,1
24,75,1006,16,94,0,1
28,50,1004,28,10,0,0
28,43,1000,39,41,0,1
20,96,1021,8,10,1,0
21,49,1006,27,11,0,0
38,61,1008,25,79,0,1
39,78,1019,5,74,1,1
24,35,1022,42,86,1,1
35,52,1005,27,24,0,0
36,60,1008,15,34,0,0
34,91,1010,31,92,1,1
31,75,1000,43,46,0,1
39,62,1017,26,6,0,0
35,65,1004,11,56,0,1
35,76,995,2,52,0,1
21,41,998,44,89,0,1
24,74,1003,36,7,0,1
36,60,1012,44,26,0,0
35,52,1022,30,15,0,0
21,61,1011,40,47,0,1
33,63,1003,5,29,0,0
28,90,1006,13,93,0,1
38,95,1023,2,57,1,1
30,30,1000,9,23,0,0
22,42,1024,38,29,0,0
18,98,999,13,93,0,1
26,45,1006,30,32,0,0
38,39,996,40,43,0,1
20,31,1005,19,37,0,0
18,83,1020,12,67,0,0
21,46,996,7,41,1,1
38,79,1021,17,94,0,1
36,73,1003,23,31,1,1
22,66,1015,33,58,0,0
24,39,1001,30,2,0,0
32,59,1000,13,37,0,1
36,91,1002,9,83,0,1
36,91,1007,9,86,0,1
20,33,1022,15,76,0,0
24,39,1001,39,97,0,1
41,68,995,11,79,1,1
41,74,1006,26,80,1,1
31,65,998,24,42,0,1
22,67,1019,19,61,0,0
31,52,1012,29,50,0,0
32,33,1002,33,83,0,1
21,70,1019,35,66,1,1
23,48,1010,40,93,0,1
22,49,1014,19,81,0,0
40,69,1012,13,76,0,1
40,99,1013,36,52,0,1
31,69,1006,25,64,0,1
40,47,1018,20,81,1,1
18,43,1022,38,25,1,0
20,64,1010,39,76,0,1
39,46,1010,29,34,0,0
31,96,1006,23,84,0,1
38,49,1003,2,5,0,0
40,67,1005,24,95,0,1
28,42,1017,16,96,0,0
24,47,1021,19,87,1,1
25,75,1004,8,49,0,1
23,33,1015,32,20,1,0
33,69,1007,24,19,0,0
38,41,1022,42,65,0,0
35,65,1000,12,37,0,1
28,38,996,41,2,0,1
20,48,1013,19,63,0,0
41,59,1024,2,99,0,0
34,40,996,30,18,1,1
33,78,1013,10,0,0,0
18,58,1010,41,54,0,1
30,30,1015,7,95,1,1
28,63,1004,11,29,1,1
35,84,1018,10,94,0,1
25,33,1007,10,25,1,0
33,39,997,6,4,0,0
35,26,1023,14,3,1,0
27,85,1003,9,66,0,1
31,33,1024,12,98,1,0
27,37,998,14,11,0,0
41,97,1014,8,1,0,0
40,64,1001,22,22,0,1
36,93,1017,32,88,0,1
37,79,1011,3,24,1,1
24,94,997,36,81,0,1
37,88,999,20,85,0,1
36,86,1010,25,67,1,1
29,79,997,15,48,0,1
21,31,1024,20,48,0,0
32,75,1002,19,91,0,1
36,66,1011,14,6,1,0
19,60,1019,7,23,0,0
23,53,1024,26,54,0,0
41,99,1020,35,27,1,1
23,85,1008,27,47,0,1
41,83,1002,21,95,1,1
24,33,1007,2,28,1,0
41,92,997,4,6,1,1
33,95,1006,24,40,1,1
27,57,1012,37,36,0,0
34,72,999,33,2,1,1
20,38,1010,32,94,1,1
41,47,1012,15,78,0,0
32,74,998,9,78,0,1
32,85,1024,14,0,0,0
32,95,1023,32,63,0,0
23,38,1002,28,53,0,1
22,80,1024,30,83,0,0
38,46,997,38,15,1,1
34,67,1011,17,57,0,0
21,63,996,31,5,0,1
22,93,1014,17,50,0,1
25,97,999,43,56,0,1
28,88,1016,23,33,0,0
23,42,1001,2,96,1,1
21,28,1023,19,26,0,0
18,52,1004,42,54,0,1
23,86,1010,35,86,1,1
41,80,1011,14,55,1,1
30,67,1001,43,80,1,1
40,78,1013,31,97,0,1
20,95,1018,19,6,1,1
39,89,998,44,28,1,1
31,33,1021,13,41,0,0
36,94,1014,25,26,0,0
18,78,1011,25,46,0,1
39,87,1019,36,61,0,1
39,99,1014,30,40,0,1
18,55,1024,19,16,0,0
40,80,1016,4,55,0,0
29,59,1012,2,51,1,1
23,61,995,2,90,1,1
33,85,1016,41,25,0,0
18,98,1005,18,58,1,1
29,77,1001,16,33,0,1
21,40,1001,33,18,1,1
35,36,1000,23,31,0,0
18,78,1009,7,82,0,1
30,47,1017,27,76,1,1
29,51,1020,34,78,0,0
40,88,1021,6,60,0,0
18,62,1017,17,77,0,0
20,91,1017,30,33,0,0
26,47,1001,4,57,0,0
35,67,1001,42,0,0,1
37,30,1001,11,70,1,1
21,45,1024,18,96,0,0
32,66,1013,13,55,0,0
32,86,1021,29,80,0,1
35,82,996,37,70,0,1
40,84,1016,27,96,1,1
22,72,1005,39,40,0,1
25,41,1018,38,56,0,0
41,33,998,18,16,0,0
33,64,1020,12,84,0,0
40,53,1018,11,16,0,0
33,69,1012,18,72,1,1
21,44,1018,44,8,0,0
32,43,1020,27,88,0,0
31,73,1012,33,52,0,1
18,66,1013,18,32,0,0
41,87,997,44,48,1,1
20,96,1014,37,6,0,0
21,40,1018,2,48,0,0
39,40,1020,9,28,0,0
23,40,1014,17,70,1,1
28,50,1020,15,70,0,0
30,87,997,5,25,1,1
31,54,1011,13,89,0,1
30,50,1015,29,47,0,0
19,97,1017,16,76,0,1
33,26,1014,21,58,1,1
40,36,1002,3,99,0,1
36,58,1006,7,76,1,1
39,42,1006,31,50,0,1
33,43,1000,21,26,1,1
22,72,1001,6,10,0,0
20,93,1017,38,8,0,0
23,41,1020,22,71,0,0
28,62,1002,43,87,1,1
40,38,1017,15,9,1,0
29,58,1003,11,16,0,0
36,25,1006,40,3,0,0
19,28,1012,6,18,1,0
34,98,996,7,7,0,1
28,87,1019,13,72,0,0
28,77,998,11,84,1,1
25,60,1023,43,75,0,0
33,78,1012,22,85,0,1
35,63,1014,25,86,0,1
18,50,1000,39,60,0,1
29,98,1017,7,16,0,0
23,48,1013,11,71,0,0
23,81,1024,40,87,0,1
35,80,1022,33,75,0,1
27,76,1004,33,25,0,1
40,81,1014,41,86,0,1
24,57,1015,3,17,0,0
22,59,1013,19,87,0,1
29,77,1004,24,51,1,1
19,82,1020,37,32,0,0
25,92,1004,20,81,0,1
36,82,1017,17,64,0,0
19,77,1019,9,17,1,0
22,50,1024,14,82,0,0
25,82,1020,13,1,0,0
35,26,999,8,25,1,1
29,40,1017,41,59,1,1
32,37,999,12,73,1,1
26,77,1008,16,6,1,1
20,39,1010,37,84,0,1
21,35,1006,27,60,0,1
38,64,1007,24,15,0,0
21,55,1015,43,24,0,0
22,33,1006,6,53,0,0
41,93,996,35,76,0,1
30,82,1008,12,41,0,0
38,57,1001,42,71,1,1
36,98,1005,16,37,0,1
36,78,1013,11,11,1,0
35,60,1019,24,75,0,0
22,91,1003,19,42,1,1
40,28,1023,42,44,0,0
27,93,996,43,0,0,1
34,59,1008,43,38,0,1
23,47,1016,5,48,0,0
21,95,1017,3,48,0,0
40,55,1009,41,47,0,1
19,79,1018,27,79,0,1
30,39,1021,5,79,0,0
29,54,998,4,85,0,1
35,73,1006,22,55,1,1
29,55,1020,24,52,0,0
40,52,1010,38,20,0,0
35,61,1007,20,29,0,0
31,86,998,37,83,1,1
30,68,1001,5,33,1,1
40,34,1004,42,76,0,1
27,34,1000,28,59,1,1
38,32,995,29,77,0,1
38,73,1003,18,68,0,1
37,85,1002,39,42,0,1
21,74,995,14,77,0,1
28,73,998,11,94,1,1
18,95,1020,28,20,1,1
33,80,1008,24,19,0,0
22,45,1012,7,56,0,0
18,89,1007,4,41,0,0
26,64,997,26,54,0,1
29,80,1017,24,69,0,1
30,97,1011,3,18,1,1
24,87,1004,43,58,0,1
34,51,1009,3,62,0,0
36,41,999,40,81,0,1
24,63,998,41,44,0,1
22,54,1006,5,87,0,1
21,75,1018,15,68,0,0
36,36,1012,18,29,1,0
20,47,1011,2,78,0,0
26,39,1022,25,59,1,0
39,51,1013,13,19,0,0
34,25,1004,33,61,0,1
39,42,1010,33,26,1,1
24,73,1023,19,43,0,0
19,95,998,19,37,0,1
26,97,1008,9,50,1,1
22,38,1022,31,3,1,0
29,90,1005,15,21,0,1
33,44,1023,39,54,0,0
41,25,1001,32,11,1,1
29,74,1004,39,11,0,1
19,98,1009,31,16,0,1
26,58,1000,39,44,1,1
19,68,1009,15,69,1,1
35,56,997,4,85,0,1
36,91,1023,13,92,0,0
24,37,1018,3,3,0,0
41,41,1014,7,82,0,0
27,33,1021,14,82,0,0
23,28,1018,36,2,0,0
22,64,1010,36,94,0,1
25,92,1008,15,12,0,0
34,60,1002,36,80,1,1
30,76,996,29,42,1,1
39,79,997,36,59,0,1
41,93,1014,40,38,0,1
38,36,1007,11,96,0,1
39,69,997,4,4,0,0
24,80,1004,43,33,0,1
28,95,1007,3,69,0,1
37,81,996,17,24,0,1
24,41,1007,12,69,1,1
31,94,1000,3,85,0,1
32,96,999,34,21,1,1
22,42,1000,38,93,0,1
27,66,1021,19,86,0,0
39,59,996,29,1,0,1
26,83,999,29,52,0,1
37,48,1023,28,93,0,0
24,66,1009,39,68,1,1
19,77,1009,33,25,0,1
36,33,1023,40,3,0,0
41,88,1023,12,96,1,1
28,51,995,22,38,1,1
31,90,1021,37,74,0,1
18,87,997,36,30,0,1
18,49,1005,39,83,0,1
36,26,1012,11,68,1,1
19,84,1000,32,9,0,1
21,73,1009,7,48,1,1
22,85,1015,27,25,0,0
32,40,995,17,36,0,1
32,37,1018,17,54,0,0
19,78,1021,39,89,0,1
23,70,1019,12,71,0,0
38,95,1000,22,71,1,1
38,88,1018,21,7,1,0
35,33,1009,31,25,1,1
39,60,1014,38,85,1,1
26,52,1010,39,30,1,1
18,97,1019,28,87,1,1
36,73,1005,29,91,1,1
22,66,1001,43,35,0,1
31,90,1019,10,26,1,0
27,66,1014,26,53,0,0
23,82,1000,3,57,1,1
40,26,1006,23,36,0,0
41,89,995,18,0,0,1
30,27,1008,12,87,0,0
29,69,1020,14,64,0,0
27,59,1018,29,99,1,1
33,83,1011,16,15,0,0
19,35,995,16,89,0,1
28,93,997,14,9,0,1
19,65,1004,24,70,0,1
20,31,1011,27,32,0,0
32,26,1003,8,31,1,1
35,60,1022,14,0,0,0
20,54,1016,37,54,0,0
36,89,999,23,87,0,1
37,77,998,37,67,1,1
38,74,1010,42,17,0,1
38,68,1001,40,28,0,1
38,41,1010,32,72,0,1
34,26,1014,15,58,0,0
24,82,1009,21,1,0,0
36,40,998,13,28,0,0
40,36,997,6,80,0,1
27,67,1011,6,44,0,0
34,57,998,37,17,0,1
35,49,1009,7,41,0,0
21,81,1011,40,79,1,1
20,86,1004,39,44,0,1
37,82,1010,26,56,0,1
21,76,999,9,43,1,1
22,93,1007,10,31,1,1
20,54,1012,13,28,1,0
26,50,996,4,45,0,1
36,37,1001,36,54,0,1
19,85,1016,42,43,0,1
29,71,996,33,81,0,1
22,82,1004,11,55,0,1
19,54,1001,7,54,0,1
20,50,1019,25,52,0,0
34,66,1006,37,65,0,1
19,42,1015,37,51,0,0
39,77,1021,31,29,0,0
32,97,1013,21,24,0,0
28,96,1013,24,26,0,0
36,74,1004,30,38,1,1
18,40,1017,8,25,0,0
25,29,1004,29,68,0,1
22,46,1009,14,27,0,0
40,42,1012,31,25,0,0
24,57,1020,2,37,0,0
23,70,1012,39,87,0,1
26,96,1022,11,16,0,0
23,46,1016,7,25,0,0
20,38,1016,24,47,0,0
35,37,1015,42,9,1,0
26,76,996,26,12,1,1
19,59,1000,4,58,0,1
33,88,1011,20,66,0,1
26,29,997,12,93,0,1
18,87,1023,19,11,0,0
19,61,1007,17,47,0,0
39,35,1017,30,34,0,0
32,84,1004,42,42,0,1
34,88,1013,3,23,0,0
23,55,1013,41,25,1,1
31,49,1010,2,52,0,0
35,33,1000,24,20,1,1
38,51,1004,7,43,0,0
30,41,1021,41,2,1,0
29,90,1018,23,86,1,1
26,35,999,36,90,0,1
41,55,995,40,93,0,1
36,84,1005,24,1,1,1
20,26,1001,38,20,0,0
37,69,1015,30,19,0,0
23,44,1012,26,1,1,0
23,65,1019,4,96,0,0
22,37,1013,13,47,0,0
36,59,1006,31,4,0,0
24,81,1009,4,52,1,1
22,57,1002,25,49,0,1
33,63,1019,33,87,0,1
29,33,1002,24,49,0,1
35,39,998,6,85,0,1
27,48,1012,19,6,0,0
22,84,1017,17,98,0,1
35,53,1017,15,78,0,0
38,41,1017,44,80,0,1
37,54,1013,40,55,0,1
40,86,1008,34,17,0,1
39,41,1013,28,69,1,1
22,58,1014,26,67,1,1
41,35,1021,17,89,0,0
34,31,1010,36,15,0,0
29,59,1011,22,49,0,0
33,41,1003,7,87,0,1
19,33,1022,39,2,0,0
24,79,995,38,69,1,1
32,50,1019,15,53,0,0
41,83,1023,43,95,0,1
25,60,1020,25,62,1,1
37,42,999,27,8,0,0
25,44,1016,43,85,0,1
38,87,1005,32,48,1,1
21,43,1006,16,30,0,0
22,53,1012,44,25,0,0
37,39,1014,5,85,1,1
40,83,1020,12,27,0,0
25,53,1005,38,17,0,0
35,38,1016,11,98,1,1
28,87,1006,13,66,0,1
31,80,1022,12,38,0,0
27,67,1009,20,47,1,1
37,74,1017,14,68,0,0
31,96,1003,36,20,0,1
18,96,1013,18,42,0,1
23,91,1006,37,11,0,1
19,39,1017,30,80,0,0
31,68,1024,18,31,1,0
36,30,1021,19,87,0,0
41,58,1002,16,74,0,1
41,89,1012,13,56,1,1
25,95,1017,22,33,0,0
27,59,1014,30,41,0,0
35,48,1002,43,52,0,1
21,29,995,35,29,0,1
32,50,1019,38,97,0,1
25,63,1024,40,91,0,1
38,28,1004,19,24,0,0
22,91,1006,32,19,0,1
28,91,1017,8,22,1,1
31,58,1004,20,57,0,1
36,65,1010,43,24,1,1
29,49,1013,40,78,0,1
25,98,998,20,27,0,1
32,57,1010,11,82,1,1
20,99,1010,3,75,1,1
28,64,1006,30,93,0,1
32,26,1023,34,73,0,0
40,96,999,34,5,0,1
25,43,1021,2,32,0,0
22,41,1024,9,56,0,0
26,59,1012,8,78,0,0
37,49,997,25,97,0,1
28,72,1002,40,34,1,1
23,32,1016,38,90,0,1
19,41,995,17,92,0,1
34,45,1020,22,68,0,0
41,37,995,21,56,0,1
25,34,1003,42,66,0,1
27,49,1011,26,10,0,0
21,63,1015,27,77,1,1
25,25,1018,5,29,0,0
20,76,1000,44,86,0,1
33,31,1016,30,74,0,0
24,36,1001,40,61,1,1
25,97,1003,35,76,0,1
21,48,1006,18,1,0,0
35,52,1022,28,14,0,0
32,57,1014,43,11,0,0
40,96,1010,15,90,0,1
40,55,999,44,53,0,1
28,71,1001,8,37,0,1
30,63,999,23,7,0,0
18,66,1006,28,7,0,0
27,88,1021,30,19,1,1
33,43,1018,9,37,0,0
26,55,1006,13,16,0,0
24,66,1010,13,95,1,1
35,30,1020,44,34,0,0
41,78,1019,6,81,0,0
37,55,1005,11,55,0,0
38,94,1021,21,4,0,0
33,78,1008,23,63,0,1
37,75,1008,40,36,0,1
28,57,1021,35,70,0,0
39,86,1017,8,88,1,1
23,58,1011,31,16,1,1
20,42,1007,28,58,0,1
34,87,1017,33,9,0,0
23,86,1009,35,99,0,1
25,78,1006,22,39,0,1
35,77,1013,20,46,0,0
25,42,1014,44,38,0,0
34,36,1007,11,70,0,0
18,73,998,22,36,1,1
40,49,1001,43,80,1,1
24,95,1020,25,10,0,0
20,87,998,37,91,1,1
40,63,1018,17,96,1,1
24,99,1023,14,30,1,1
32,81,1005,35,67,0,1
19,40,1001,14,36,1,1
29,43,1001,39,7,1,1
19,65,1024,12,87,0,0
24,94,1005,30,65,0,1
23,81,999,29,29,0,1
18,89,1013,7,17,1,1
28,89,1007,38,83,0,1
20,55,1021,18,54,0,0
21,50,1015,18,85,0,0
19,29,998,37,5,0,0
30,50,1017,40,83,0,1
41,45,1008,17,15,0,0
25,27,1019,20,96,1,1
39,98,1012,23,45,0,1
30,57,999,27,76,1,1
31,48,997,31,98,0,1
31,36,1022,30,42,0,0
34,81,1017,21,63,1,1
19,98,1004,44,69,1,1
29,67,1017,24,26,1,1
30,61,1000,2,5,0,0
26,49,1023,16,89,0,0
41,72,1000,7,98,0,1
31,60,1020,13,37,0,0
27,63,1001,12,35,0,1
18,37,1012,42,57,0,0
26,55,1017,42,9,0,0
23,39,997,44,30,0,1
41,87,1005,16,91,1,1
32,81,1012,8,14,1,1
37,26,1002,21,97,0,1
24,62,1024,43,4,0,0
19,25,1013,3,84,1,1
40,45,1018,5,11,1,0
35,25,1024,34,23,1,0
22,99,1018,32,54,1,1
41,48,1016,27,65,0,0
31,89,1011,12,50,0,1
22,82,1016,40,41,0,1
28,27,1014,11,58,1,0
29,71,1004,31,31,0,1
36,25,1018,43,1,0,0
41,95,1014,28,8,0,0
31,73,995,10,83,0,1
21,64,1007,5,8,0,0
39,42,1006,43,42,0,1
23,72,1024,8,79,0,0
18,61,1001,20,36,0,1
39,86,1002,34,65,1,1
37,84,1012,44,73,0,1
21,61,998,14,88,0,1
41,90,1010,34,57,0,1
20,34,995,43,84,0,1
32,39,997,6,21,0,0
40,95,1018,24,24,0,0
23,58,1003,34,50,0,1
22,55,996,42,61,1,1
31,60,998,16,7,0,0
33,52,998,17,85,0,1
36,66,999,30,81,0,1
24,25,1001,22,64,0,1
37,34,1017,42,33,1,1
33,57,996,40,60,0,1
37,89,1007,2,4,0,0
34,52,1017,44,16,0,0
30,38,1005,29,41,0,0
34,97,1004,9,20,0,1
35,93,1000,31,94,0,1
37,72,1003,3,36,0,0
21,78,1020,26,2,1,0
40,98,996,44,73,1,1
23,26,1024,3,31,0,0
29,25,1015,9,47,1,0
32,77,1006,9,73,1,1
35,43,1009,39,10,0,0
37,44,1015,19,56,1,1
19,50,1024,10,30,0,0
21,85,1023,7,77,1,1
32,41,1013,7,62,0,0
33,54,1019,41,74,0,0
41,46,1019,20,30,0,0
26,47,1009,14,88,0,1
33,97,1022,14,34,0,0
38,56,1016,35,71,0,1
33,90,1000,33,53,1,1
22,89,1003,11,54,0,1
27,71,1005,15,37,0,1
34,59,996,12,40,1,1
35,44,1009,15,33,0,0
25,66,1020,19,29,0,0
36,96,1022,9,94,1,1
29,41,1008,10,61,1,1
29,61,1005,21,34,0,0
31,99,1014,9,3,1,1
25,71,1024,28,84,1,1
21,35,1007,10,3,0,0
30,72,1020,39,76,0,1
36,82,1022,3,9,1,0
30,82,1003,34,13,0,1
37,39,995,18,23,0,1
30,86,1021,17,65,0,0
28,32,1014,4,11,1,0
31,83,1015,44,48,0,1
18,54,1021,13,14,1,0
40,69,1024,16,70,0,0
27,70,1000,12,28,1,1
37,78,1018,20,65,0,0
18,96,1019,10,97,0,1
22,79,1023,26,7,0,0
33,85,1009,2,21,0,0
39,38,998,19,81,1,1
34,89,1021,28,74,1,1
24,81,1018,30,14,0,0
22,54,1014,38,2,0,0
26,63,1020,3,22,0,0
38,40,1003,14,27,0,0
37,62,998,2,17,1,1
26,37,1002,16,42,1,1
21,57,1018,37,9,0,0
26,99,1006,19,93,0,1
22,87,1014,26,11,0,0
28,88,1003,26,98,1,1
34,38,995,18,24,0,1
22,29,1003,36,18,0,0
39,74,1010,34,1,0,0
18,82,1019,17,78,0,0
29,38,1023,25,54,0,0
25,58,996,28,73,0,1
34,96,1022,24,67,1,1
38,89,998,33,96,0,1
34,88,1014,16,12,0,0
36,48,1007,25,10,0,0
32,34,1003,28,59,0,1
18,41,1006,11,62,0,0
35,71,1000,40,69,0,1
38,68,1017,11,53,0,0
24,82,1003,11,9,1,1
24,52,1024,38,66,0,0
32,76,999,13,67,0,1
24,47,1007,41,43,1,1
36,82,1020,31,32,0,0
34,81,1024,44,81,0,1
25,94,1024,40,22,0,0
27,81,1007,10,30,0,0
30,82,997,36,96,0,1
37,58,1019,36,14,1,0
23,56,1014,20,96,0,1
38,88,1009,15,18,0,0
32,30,1014,10,83,1,1
35,75,1003,33,52,1,1
23,82,1018,14,42,1,1
36,45,1021,20,23,0,0
31,53,1011,5,43,0,0
21,98,1019,32,66,0,1
34,94,1020,9,98,0,1
35,78,995,40,2,0,1
26,61,1013,16,7,0,0
36,80,1009,27,9,0,0
34,65,1013,31,4,0,0
24,55,1014,40,87,1,1
40,72,1007,41,5,0,0
21,51,1005,6,56,0,0
24,71,1019,16,12,0,0
30,48,1023,10,3,0,0
41,42,1005,17,32,0,0
27,97,1021,32,27,0,0
20,79,1008,26,14,1,1
31,88,1010,8,99,0,1
22,63,1009,27,64,1,1
18,74,1008,23,10,0,0
34,60,1018,27,20,0,0
28,99,1000,2,69,0,1
41,55,1016,38,46,0,0
37,71,1020,6,57,1,1
19,88,1001,43,47,0,1
34,54,1015,14,0,1,0
18,62,1019,27,76,0,0
18,65,1024,9,48,1,0
18,36,999,25,5,0,0
18,56,1004,43,2,0,0
28,53,1012,3,72,0,0
31,60,1023,18,48,0,0
37,74,997,44,56,0,1
34,74,999,43,14,1,1
28,44,1000,25,63,0,1
19,89,1018,25,72,0,1
34,85,1009,31,50,0,1
27,85,1020,32,90,0,1
26,77,1023,22,73,1,1
21,76,1017,26,30,0,0
37,60,1016,18,74,0,0
26,46,1015,44,26,0,0
34,59,998,17,79,1,1
21,43,1020,18,44,1,0
40,82,1018,29,64,0,1
28,61,996,18,39,0,1
26,99,1023,17,15,0,0
27,96,1005,43,76,0,1
24,91,1024,14,18,0,0
36,78,1002,23,81,1,1
19,74,1012,12,30,0,0
33,35,995,8,30,0,0
31,71,1008,29,52,0,1
36,30,1005,10,49,0,0
29,47,1016,6,99,0,0
20,82,1018,18,38,0,0
40,69,1006,2,20,0,0
37,67,1014,4,43,0,0
25,93,998,29,52,0,1
38,28,1009,18,66,0,0
27,80,1017,19,0,0,0
38,82,1021,2,2,0,0
36,53,1019,34,99,0,1
21,38,1012,28,32,0,0
20,47,998,22,42,0,1
26,62,1018,12,28,1,0
20,89,1014,20,45,0,0
31,81,1021,15,43,0,0
30,36,1017,39,38,0,0
22,94,1010,32,88,0,1
18,76,1004,25,73,0,1
30,27,1021,35,48,0,0
40,37,995,35,96,1,1
41,91,1023,8,23,1,0
30,85,1017,31,59,1,1
41,77,1001,34,68,1,1
25,76,998,35,68,0,1
22,62,996,27,0,0,1
39,57,995,9,19,0,1
30,86,1014,43,11,1,1
26,27,1022,27,8,0,0
33,27,996,34,23,1,1
19,95,1010,22,18,1,1
39,99,995,33,63,1,1
24,96,1004,38,8,0,1
18,26,1013,21,92,0,0
23,92,1024,21,2,0,0
35,50,1018,37,63,0,0
22,51,1007,5,85,0,1
41,61,1001,34,30,0,1
29,35,1018,9,31,0,0
39,43,1014,21,55,0,0
27,88,1024,5,90,1,1
28,83,1014,34,18,0,0
26,33,1003,28,16,0,0
30,32,1010,19,32,0,0
23,65,1017,6,58,1,1
34,89,1013,9,2,0,0
22,79,1002,20,81,1,1
18,42,1023,40,15,1,0
32,62,1003,8,77,0,1
33,56,1000,23,15,0,0
33,41,999,28,88,0,1
41,29,1006,42,2,0,0
39,74,1018,10,81,1,1
24,69,1011,35,45,1,1
31,91,1017,40,93,0,1
40,51,1016,11,88,1,1
26,79,999,23,80,0,1
21,73,1003,3,95,0,1
38,67,1007,9,58,1,1
29,28,1015,14,94,0,0
24,93,999,18,29,0,1
36,90,1004,17,36,0,1
30,56,1007,9,42,1,1
21,50,1004,32,96,1,1
30,25,1017,41,2,0,0
21,59,1009,41,66,0,1
24,99,1005,39,39,1,1
27,43,997,37,42,1,1
26,60,995,21,76,1,1
22,38,1002,5,82,0,1
21,33,1015,14,77,0,0
31,78,1004,32,36,0,1
23,90,1007,14,50,0,1
36,25,1002,33,21,0,0
19,64,1000,12,80,1,1
28,84,1002,23,67,1,1
26,26,1010,32,69,0,0
36,52,1002,15,23,0,0
22,80,1020,32,50,0,0
26,90,1019,3,41,0,0
29,33,998,42,91,0,1
27,85,1008,23,88,1,1
23,39,1010,9,12,0,0
24,41,1012,33,21,0,0
30,71,1017,30,21,0,0
33,29,1020,36,73,0,0
24,70,997,14,9,0,1
25,49,1006,41,6,0,0
36,70,1016,14,20,0,0
36,84,995,5,2,1,1
26,52,1000,7,54,0,1
40,40,1018,6,40,0,0
32,93,999,32,91,0,1
35,68,1021,36,25,0,0
34,84,1012,34,88,0,1
22,83,1022,3,96,0,0
28,87,1012,18,97,0,1
27,78,1015,36,93,1,1
28,85,1006,5,24,0,0
37,28,1016,39,62,0,0
20,86,1011,15,61,0,1
30,59,1005,3,55,1,1
36,78,1010,19,6,1,1
26,66,1003,8,14,1,1
36,61,996,43,54,0,1
26,80,1006,7,91,1,1
27,42,998,10,6,0,0
28,31,1003,41,2,0,0
32,76,1016,5,5,0,0
28,41,1018,29,98,0,0
39,59,1010,16,17,0,0
33,86,1010,42,26,1,1
37,69,1016,36,27,1,1
23,33,1006,16,20,1,1
27,75,1013,24,76,0,1
18,49,1017,24,91,0,0
28,80,1000,12,66,0,1
24,25,1011,33,72,0,0
40,69,1005,30,96,0,1
39,44,1017,18,35,0,0
35,51,1015,41,96,0,1
21,93,1017,16,5,0,0
36,53,1023,7,78,0,0
40,34,1016,42,40,0,0
34,80,1006,31,43,1,1
40,43,1023,3,35,0,0
32,62,997,39,79,0,1
24,67,1020,8,99,0,0
37,63,998,30,43,0,1
36,50,999,28,93,0,1
20,67,1001,10,40,1,1
32,78,999,30,98,0,1
25,56,1014,11,12,1,0
20,85,1016,9,28,0,0
39,45,1006,12,1,0,0
19,27,1010,5,86,1,1
37,49,1024,19,10,0,0
41,47,1018,21,1,0,0
19,28,1011,14,99,0,0
39,96,996,7,30,0,1
29,45,1004,11,22,1,1
37,98,1023,42,51,1,1
19,85,1023,9,70,1,1
29,87,1015,4,81,0,1
23,34,1021,13,6,1,0
35,50,1009,34,61,1,1
20,89,1002,13,82,0,1
29,87,1007,29,0,0,0
25,92,999,26,85,0,1
40,92,1014,5,46,0,0
22,80,1003,3,58,0,1
33,41,1014,24,97,0,1
18,50,996,24,40,0,1
19,34,1009,43,92,1,1
34,84,1003,37,72,0,1
33,75,995,32,69,0,1
21,46,1007,17,92,1,1
28,27,1014,11,59,0,0
18,76,1005,27,75,0,1
25,92,1022,8,9,0,0
21,90,1020,15,15,1,0
27,46,998,20,65,1,1
36,40,1016,26,17,1,0
38,35,1001,42,67,0,1
30,85,998,35,8,0,1
23,29,1024,6,51,0,0
22,83,998,10,92,0,1
27,85,1013,11,5,0,0
22,94,1021,26,58,0,0
21,72,1018,36,73,1,1
23,67,1008,17,58,1,1
19,65,1011,31,53,0,1
36,86,997,30,58,0,1
35,50,1002,20,54,0,1
23,25,1002,34,50,0,1
41,49,1009,44,82,0,1
27,80,1006,34,70,0,1
27,55,1022,7,16,0,0
35,86,1020,17,71,0,0
41,35,1000,36,32,1,1
30,98,999,27,80,0,1
19,34,1014,8,55,1,0
29,41,1010,21,25,0,0
32,36,1015,43,60,1,1
39,58,1001,36,14,0,1
20,49,1004,16,85,0,1
37,45,1001,30,95,0,1
22,86,998,23,17,0,1
35,80,1018,3,12,0,0
32,93,997,38,36,0,1
20,76,1017,29,93,0,1
37,60,995,27,47,0,1
25,31,1019,9,55,0,0
29,72,1006,20,62,0,1
29,44,999,42,70,0,1
31,99,1001,30,73,1,1
21,72,1004,20,55,0,1
26,58,1007,25,8,0,0
36,30,1012,12,75,1,1
27,37,1006,22,73,0,1
21,93,999,13,98,1,1
39,26,1012,42,44,1,1
26,86,1016,6,75,0,0
39,62,1013,20,79,0,1
20,66,1021,19,25,0,0
35,91,1020,24,2,1,0
29,87,1021,40,88,0,1
25,33,1008,38,93,0,1
38,48,1006,22,99,1,1
32,86,1024,7,68,1,1
30,66,1012,5,71,0,0
34,81,1020,44,47,0,0
33,57,1010,7,71,0,0
29,77,1008,17,42,1,1
27,36,1000,20,40,0,0
23,83,1019,25,88,0,1
33,30,999,22,3,1,1
23,65,1022,18,13,0,0
36,89,1023,32,29,0,0
35,54,996,43,10,0,1
20,63,1002,19,76,0,1
36,36,1011,31,30,0,0
29,88,1007,26,50,1,1
30,30,1018,20,82,1,1
26,60,1000,41,92,1,1
22,77,1016,43,44,1,1
31,53,1014,7,6,0,0
35,62,1021,2,67,1,0
32,59,1017,28,59,1,1
25,65,997,33,68,0,1
32,94,1021,37,39,0,0
22,56,1010,2,76,0,0
28,77,1002,26,39,0,1
31,27,998,28,83,0,1
38,69,1003,29,24,0,1
29,70,1008,9,47,0,0
33,31,1009,25,48,0,0
40,37,1003,16,56,0,0
41,40,1002,30,86,0,1
25,78,1017,15,58,1,1
38,51,1009,17,5,0,0
29,42,1010,13,19,0,0
25,83,1023,31,89,0,1
38,71,1023,23,44,0,0
26,48,1009,37,12,0,0
22,95,1002,38,77,1,1
21,85,1002,18,39,1,1
18,58,998,25,20,0,1
18,27,1006,16,94,0,1
27,83,1000,30,16,0,1
39,48,1023,18,84,1,1
28,80,1001,43,38,0,1
33,81,1015,19,98,0,1
22,75,1006,22,36,0,1
27,32,1003,28,3,0,0
38,49,1001,16,34,0,0
26,61,1019,43,46,0,0
31,92,1015,21,33,1,1
41,44,999,39,29,1,1
25,31,998,39,79,1,1
31,47,1006,30,43,1,1
30,73,1015,16,13,1,0
33,39,1004,5,26,0,0
26,77,1014,10,52,0,0
37,67,1001,43,3,1,1
28,65,1016,31,3,0,0
31,91,1012,22,69,0,1
35,93,1003,21,27,0,1
36,27,1003,37,94,0,1
40,47,996,42,68,0,1
20,52,997,39,3,0,1
30,83,1007,12,36,0,0
34,89,997,27,52,1,1
40,54,1004,9,88,0,1
32,80,1019,11,19,0,0
40,77,1015,2,1,0,0
31,96,1000,13,25,0,1
32,70,1015,2,59,0,0
20,42,1014,35,95,0,1
24,96,1013,43,21,1,1
23,59,1005,4,82,0,1
32,35,1009,27,23,0,0
22,28,1007,10,56,0,0
41,61,1010,8,0,1,0
29,45,1005,15,97,0,1
21,88,1014,27,15,1,1
19,59,1013,7,18,0,0
37,32,1008,11,66,1,1
32,47,1012,20,27,0,0
32,28,1017,3,66,0,0
33,55,1004,20,27,0,0
36,44,1007,14,42,0,0
32,41,1016,29,82,0,0
39,63,996,34,43,0,1
18,36,996,29,73,0,1
20,95,1006,9,83,0,1
34,34,1016,39,56,0,0
29,61,1007,28,63,0,1
28,64,999,35,59,1,1
33,43,1002,40,32,0,1
22,60,1011,25,20,1,1
29,54,1006,13,50,0,0
37,48,1018,12,12,0,0
27,96,1014,9,72,1,1
19,67,1002,14,84,0,1
20,47,1008,16,1,1,0
29,88,1019,37,66,0,1
32,26,1006,38,63,0,1
31,52,1021,11,66,0,0
41,87,1019,23,47,1,1
38,54,1022,32,25,0,0
38,25,999,14,84,0,1
34,71,1015,32,58,0,1
29,88,1017,7,52,0,0
22,97,1008,41,13,0,1
27,76,1014,27,52,0,0
36,71,1002,24,34,0,1
20,82,999,17,16,0,1
37,44,1010,3,83,0,0
18,82,1023,30,82,0,1
23,74,1016,9,87,0,0
31,29,1003,41,33,0,1
30,95,1010,8,26,0,0
29,57,995,21,35,0,1
33,91,1001,30,23,1,1
33,78,1000,11,79,0,1
30,85,1000,25,96,0,1
36,80,1021,39,61,1,1
30,88,1017,14,29,1,1
26,37,996,37,93,0,1
19,42,999,20,41,0,1
38,34,999,23,12,0,0
26,68,1008,9,36,0,0
31,95,1021,27,45,0,0
31,99,1008,22,62,0,1
40,42,997,14,75,0,1
22,99,1020,12,58,1,1
32,37,1008,43,88,0,1
32,40,1006,39,5,0,0
32,28,1018,5,93,1,1
41,56,1006,40,8,0,0
25,57,1017,22,54,0,0
19,37,1024,5,83,0,0
33,54,1023,9,11,0,0
35,26,1017,41,55,1,1
27,85,1006,14,18,0,0
22,49,1010,39,42,0,0
40,38,1000,26,22,0,0
28,36,1007,37,97,0,1
23,74,1024,41,7,1,0
25,58,1006,16,99,0,1
20,70,1016,24,39,0,0
36,29,1007,29,83,0,1
40,48,996,8,37,0,1
21,66,1016,6,63,0,0
40,39,1021,10,52,0,0
34,33,1017,39,21,0,0
34,92,1023,16,64,0,0
37,57,1003,37,85,0,1
25,52,1007,44,72,0,1
33,98,1005,32,11,0,1
31,75,1006,33,49,0,1
20,25,1023,5,86,0,0
29,77,1015,18,39,0,0
22,85,1011,16,33,0,0
33,44,1003,6,86,1,1
41,41,1019,20,96,1,1
31,51,1000,7,96,0,1
20,47,1004,20,50,0,1
21,66,1021,35,67,1,1
24,95,1012,27,25,0,0
26,85,1014,43,49,0,1
34,46,1007,13,9,1,0
25,45,1016,19,65,0,0
26,91,1016,27,84,0,1
21,50,996,9,9,0,0
28,78,1008,41,14,1,1
35,47,1024,24,98,1,1
38,88,1022,17,15,0,0
23,90,1016,14,46,0,0
19,53,999,44,85,0,1
41,95,996,13,22,0,1
18,37,1017,39,95,1,1
20,89,1009,6,76,1,1
36,45,1018,19,20,0,0
41,84,1019,24,21,0,0
41,94,1022,32,98,0,1
40,94,1010,3,23,0,0
18,94,999,30,11,0,1
20,89,1021,25,61,0,0
25,79,1006,3,93,0,1
24,69,995,39,76,1,1
33,83,1020,21,80,0,1
22,84,1017,11,45,0,0
28,50,1017,30,26,0,0
27,93,1004,22,23,0,1
25,86,1003,38,1,0,1
34,66,1006,35,41,1,1
21,69,1006,12,41,0,0
34,61,996,10,69,0,1
36,64,1011,36,92,0,1
28,96,995,37,6,0,1
41,52,1024,44,16,0,0
20,61,1020,16,50,1,0
30,72,997,2,72,0,1
39,50,1011,35,8,1,1
36,37,999,42,76,1,1
32,28,998,11,27,0,0
23,51,1018,13,61,1,1
20,70,995,11,94,1,1
21,38,1018,15,2,0,0
31,91,1024,23,18,0,0
39,93,1004,42,32,0,1
20,75,1005,39,23,0,1
23,64,1016,43,98,0,1
30,80,998,44,18,0,1
28,94,1006,28,40,0,1
20,27,1014,29,22,0,0
27,64,1000,21,10,0,0
38,37,1016,36,46,1,1
38,42,1022,38,20,0,0
25,84,1022,24,94,1,1
32,54,1013,27,83,0,1
25,39,1021,4,9,0,0
33,41,1013,12,47,0,0
31,74,1020,9,68,1,1
33,79,1008,38,55,0,1
21,72,1018,18,35,0,0
21,62,999,11,35,0,1
21,68,1018,43,99,1,1
30,70,1012,34,20,0,0
39,81,999,7,66,1,1
21,57,998,34,30,0,1
25,86,1020,3,11,1,0
24,92,999,39,95,1,1
27,76,1018,44,55,1,1
25,83,1007,28,51,0,1
39,40,996,6,81,0,1
39,94,1013,8,49,0,0
25,71,1010,34,42,0,1
22,29,1023,33,59,1,0
19,94,1008,44,3,0,1
26,27,1020,44,90,1,1
18,81,1015,17,50,0,0
25,79,995,27,27,1,1
26,84,1021,23,7,1,0
27,51,1001,20,24,0,0
41,48,1022,20,49,0,0
31,77,1004,33,91,1,1
25,66,1009,41,76,1,1
32,50,1006,44,50,0,1
35,87,1011,28,8,0,0
18,95,1020,8,6,1,0
20,34,1012,8,84,1,1
22,81,1021,23,26,0,0
21,47,1010,20,41,0,0
20,52,1011,32,9,0,0
34,45,998,24,75,0,1
37,73,1004,8,28,1,1
30,27,996,17,93,0,1
30,95,999,8,97,0,1
34,37,1024,26,84,1,1
38,52,1010,21,33,0,0
24,67,1019,12,53,0,0
30,61,1014,7,33,1,0
33,47,1024,21,12,0,0
26,56,1020,15,51,1,0
25,64,1016,23,15,0,0
27,49,1015,28,80,1,1
35,45,998,2,3,0,0
21,33,1024,5,68,0,0
40,40,1016,38,71,0,0
18,84,1000,44,79,0,1
24,75,995,10,81,0,1
32,91,1018,29,9,0,0
33,59,1016,24,80,0,0
37,40,1015,41,99,0,1
41,93,1007,7,91,0,1
22,73,1001,39,1,0,1
39,45,1002,38,81,1,1
31,36,1011,38,37,0,0
31,74,995,39,66,0,1
28,72,1012,18,80,0,1
37,34,1023,35,80,0,0
37,37,1006,40,63,0,1
38,68,1022,3,56,1,0
40,82,1024,30,34,0,0
18,99,1003,15,8,0,1
20,60,1001,29,43,0,1
22,64,1013,2,66,0,0
35,54,1024,3,4,1,0
27,29,1012,22,57,1,1
25,55,1006,22,93,0,1
29,57,1020,27,99,0,1
32,25,1005,3,64,0,0
33,46,1004,19,46,1,1
27,82,1024,22,79,0,0
26,67,1015,14,17,0,0
41,51,1016,5,21,1,0
30,98,996,41,5,1,1
34,54,1020,22,61,0,0
28,37,1006,10,67,1,1
39,58,1001,42,4,1,1
21,75,1014,40,7,0,0
41,52,1017,44,26,1,1
34,86,1024,39,25,1,1
24,45,1024,14,2,0,0
36,38,1010,23,80,0,1
30,43,999,3,78,0,1
30,98,997,6,2,1,1
27,64,1012,36,23,0,0
25,98,996,24,5,0,1
40,59,1011,30,6,0,0
22,47,995,9,75,0,1
27,48,1020,43,52,0,0
20,90,1000,22,72,0,1
20,66,1007,28,32,1,1
36,94,1007,20,76,0,1
39,45,998,3,46,0,0
24,44,1012,32,22,1,1
21,38,1014,14,2,0,0
35,71,997,2,89,0,1
20,38,997,14,46,1,1
38,50,997,41,67,1,1
28,25,1002,34,6,0,0
37,35,1021,15,85,1,1
29,34,1018,19,85,1,1
23,82,1007,38,5,0,1
21,95,998,26,10,1,1
30,53,1004,6,71,0,1
41,81,1020,7,15,0,0
29,99,997,38,5,0,1
33,67,999,10,2,0,0
25,62,998,13,43,0,1
38,87,1004,15,76,1,1
29,61,1012,5,1,0,0
29,91,998,39,75,0,1
18,41,1010,10,52,1,1
40,33,1006,42,14,1,1
28,32,1017,33,5,1,0
24,96,1012,44,33,0,1
41,43,1001,32,81,0,1
24,61,1006,10,57,0,0
35,44,1003,37,26,0,1
18,41,1019,10,83,0,0
19,56,1007,10,29,1,1
18,29,997,37,64,1,1
41,28,1012,15,88,0,0
27,31,1004,14,67,0,0
21,38,1012,9,95,1,1
27,61,1017,8,75,0,0
21,98,1015,17,18,1,1
36,42,1020,17,64,0,0
41,52,995,6,21,0,0
31,37,995,17,85,0,1
33,75,1009,43,62,0,1
18,79,1013,29,70,1,1
38,36,1001,16,37,1,1
19,96,1007,7,32,0,1
23,61,1008,38,7,0,0
30,64,1005,29,57,0,1
36,62,1016,3,76,0,0
28,57,1018,3,29,0,0
19,93,1010,41,50,0,1
37,63,1010,24,47,1,1
31,80,1012,28,27,1,1
37,40,1007,30,8,0,0
26,60,1003,15,50,0,1
23,91,1020,17,61,0,0
41,47,1011,17,37,1,1
19,46,1006,18,14,0,0
30,64,995,28,98,0,1
19,25,1003,32,35,1,1
18,47,1022,24,78,1,1
30,63,1010,15,80,0,1
41,48,1014,14,19,0,0
38,92,1016,35,27,0,0
32,50,1013,27,83,1,1
41,99,1020,11,60,1,1
26,76,1013,19,48,1,1
27,90,1018,39,27,0,0
30,90,1023,6,74,0,0
19,39,1001,42,36,1,1
19,59,996,23,30,0,1
36,92,1018,21,38,0,0
24,41,1013,36,31,0,0
32,88,1008,40,34,0,1
27,53,1000,18,80,0,1
35,81,999,41,38,0,1
21,61,1010,15,26,0,0
31,97,1000,18,82,1,1
33,81,1005,23,3,0,0
31,83,996,12,30,0,1
39,80,1000,22,93,0,1
25,32,1022,9,33,0,0
33,37,1017,13,90,0,0
34,51,996,34,25,0,1
28,93,995,21,29,1,1
23,85,1011,2,66,0,0
25,67,1021,9,34,0,0
36,28,1019,17,76,0,0
22,79,999,21,23,0,1
30,78,996,20,16,0,1
35,79,1015,9,90,0,1
30,40,1016,21,12,1,0
20,71,1017,20,44,1,1
39,30,1008,5,85,0,0
24,58,1021,8,2,0,0
19,49,1022,16,23,0,0
31,78,1008,7,77,0,1
37,86,1011,17,39,0,0
29,97,1021,34,62,0,1
34,73,998,18,81,1,1
19,96,1007,24,56,0,1
37,76,1017,42,34,0,0
18,70,1011,20,93,1,1
31,90,1001,19,69,1,1
38,64,1022,28,1,0,0
24,80,1005,14,55,1,1
41,52,1001,19,63,0,1
40,65,998,5,56,0,1
37,70,1018,32,87,0,1
30,78,1002,6,43,0,1
37,56,1022,28,24,1,0
38,42,1001,16,52,0,1
37,96,1022,22,15,0,0
33,59,1011,10,98,0,1
24,36,1013,23,48,0,0
18,90,1002,23,24,0,1
36,97,1003,14,69,0,1
36,77,1009,8,74,0,1
25,90,1013,40,73,0,1
24,63,998,36,50,0,1
26,37,1012,22,64,0,0
25,72,1015,44,52,1,1
36,47,1013,44,98,0,1
36,93,1014,42,71,1,1
24,76,1017,39,46,0,0
19,86,1017,30,37,0,0
37,57,1023,16,22,0,0
22,69,1002,23,28,0,1
34,74,1007,2,19,0,0
22,96,1021,36,5,1,1
29,42,1018,2,24,0,0
29,53,1006,44,35,1,1
26,98,999,28,12,1,1
19,48,1015,43,97,1,1
19,80,1024,23,74,0,0
34,37,1001,17,96,1,1
28,94,1014,36,62,1,1
29,86,1024,29,90,0,1
22,82,999,42,26,0,1
37,73,1004,22,0,1,1
33,82,1009,18,25,1,1
30,57,1019,9,68,0,0
37,54,1008,24,10,0,0
28,36,1016,3,52,1,0
21,41,1022,29,21,0,0
32,35,1018,4,29,1,0
19,85,1008,42,81,0,1
30,36,1012,10,84,0,0
38,80,1002,44,23,0,1
29,57,1017,14,53,1,1
31,73,1000,40,89,0,1
32,45,1012,31,59,0,0
41,54,996,20,24,0,1
23,54,1024,39,57,0,0
21,88,1011,35,15,0,0
25,38,996,5,64,0,1
31,64,1019,26,2,0,0
39,50,1002,39,37,0,1
41,43,1001,36,32,0,1
23,34,1019,29,77,0,0
33,45,1022,34,5,0,0
32,27,1005,36,13,0,0
21,50,1013,13,1,1,0
27,67,1015,16,34,1,1
38,84,1006,33,4,0,1
38,42,1015,9,97,1,1
26,48,1002,25,95,0,1
23,68,1019,35,74,0,1
40,67,1012,41,46,1,1
24,44,1007,2,67,1,1
21,69,996,29,25,0,1
21,30,997,40,37,0,1
27,77,1003,39,92,0,1
28,28,999,5,99,1,1
33,49,1008,12,28,1,1
31,48,1021,40,25,0,0
24,85,1010,39,58,1,1
19,80,1002,31,26,0,1
41,70,1003,16,24,0,0
29,75,1007,40,88,0,1
27,78,1023,39,40,0,0
30,61,1008,38,72,0,1
25,78,997,41,32,0,1
36,58,1008,20,50,0,0
34,52,1013,28,47,0,0
36,75,1001,30,42,0,1
34,82,1002,43,75,0,1
35,66,1013,21,15,0,0
32,69,1016,41,22,0,0
34,92,1013,42,22,0,1
26,79,1015,17,62,0,0
40,49,1020,10,78,0,0
18,93,1018,10,69,1,1
25,39,1000,28,37,0,1
38,88,1024,19,98,0,1
29,54,1015,39,84,0,1
25,39,1012,30,59,0,0
26,42,1019,38,59,0,0
28,97,995,4,62,0,1
26,79,1008,20,61,0,1
24,51,1008,35,32,0,0
35,44,1002,36,94,0,1
23,69,1003,10,8,0,0
30,46,1010,33,65,0,1
23,32,998,22,55,1,1
41,70,1006,7,83,0,1
29,95,1002,10,1,0,0
30,61,1004,18,37,0,0
32,30,998,38,34,0,1
26,30,1007,23,91,0,1
21,26,1020,37,71,0,0
35,33,1024,2,76,0,0
19,67,1023,32,77,0,0
31,72,1017,30,46,1,1
26,61,1005,29,51,0,1
21,88,1012,26,34,0,1
24,32,1018,17,83,1,1
34,88,1006,19,55,0,1
32,40,999,3,91,0,1
39,51,1003,37,46,0,1
35,25,1002,17,27,0,0
39,65,1006,20,88,1,1
22,58,1001,11,6,0,0
32,76,1022,16,23,0,0
31,34,1011,15,1,1,0
26,95,1010,11,8,0,0
24,97,1021,25,92,0,1
24,67,1002,8,91,1,1
37,68,1001,41,6,0,1
26,83,1007,40,85,1,1
33,86,1002,19,87,0,1
39,84,1004,3,65,0,1
33,80,1006,33,91,1,1
31,28,1020,37,49,0,0
34,95,1024,6,18,0,0
19,73,1010,41,46,0,1
26,74,1019,27,55,0,0
31,49,998,5,78,0,1
31,89,1004,21,73,0,1
41,58,1023,29,26,0,0
18,92,1001,10,15,1,1
40,67,1012,26,56,0,1
41,35,1014,18,36,0,0
37,32,1018,30,82,0,0
24,65,1015,23,41,0,0
27,53,1010,2,16,0,0
38,43,1015,22,16,0,0
38,77,1003,41,63,0,1
36,95,1011,2,36,0,0
19,83,1019,6,36,0,0
20,72,1000,16,14,1,1
37,68,1004,32,33,0,1
20,33,1005,12,24,0,0
31,97,1014,22,73,0,1
26,85,999,41,74,0,1
27,89,1020,40,59,1,1
34,46,1020,7,31,0,0
27,63,1017,35,30,0,0
29,62,997,3,51,0,1
20,59,1016,38,85,1,1
20,96,1014,43,97,0,1
36,92,1014,10,79,0,1
21,65,1021,42,37,0,0
31,45,1009,4,36,0,0
31,40,1008,10,6,1,0
38,39,1014,9,33,0,0
34,93,1024,23,19,0,0
24,74,1012,3,46,0,0
35,85,1003,15,4,0,0
22,88,1023,12,4,1,0
21,43,1016,35,55,0,0
41,41,1004,29,81,0,1
30,80,1010,19,79,1,1
24,34,999,22,2,0,0
29,94,1008,5,17,0,0
37,62,1010,21,87,0,1
36,43,1018,5,96,1,1
30,54,996,31,50,0,1
33,57,1003,11,81,0,1
36,65,1004,24,51,0,1
23,28,999,42,86,0,1
22,85,1005,12,12,0,0
25,49,1024,19,43,0,0
27,95,1022,15,14,1,0
35,55,1006,14,19,0,0
20,47,1004,34,98,1,1
37,79,997,9,39,1,1
24,26,1015,7,91,1,1
21,56,1007,43,52,0,1
28,99,1011,3,66,1,1
20,39,1005,12,30,0,0
37,49,1005,20,91,1,1
22,98,1004,35,99,0,1
30,29,1014,3,74,1,0
35,62,1017,29,73,0,0
34,46,1005,20,80,0,1
41,76,998,29,77,0,1
23,33,1015,13,60,0,0
25,80,998,32,26,0,1
22,94,999,28,7,1,1
21,31,1002,16,36,0,0
23,81,1022,18,18,0,0
28,34,1005,24,66,0,1
35,49,1005,21,57,0,1
35,34,1015,30,95,1,1
30,71,1017,24,94,0,1
34,91,1015,3,67,0,0
18,94,1001,20,43,0,1
24,50,1006,13,21,0,0
31,54,1006,21,90,1,1
27,76,1023,42,33,0,0
29,61,995,16,31,0,1
35,69,1023,33,32,1,0
33,98,1024,37,96,1,1
22,58,1018,18,94,0,0
23,46,1009,38,14,0,0
38,45,1017,39,65,0,0
38,92,1006,20,65,0,1
31,39,1014,35,35,0,0
24,54,1007,28,62,1,1
30,70,1018,10,86,0,0
38,27,996,20,27,1,1
34,31,1003,13,13,0,0
20,39,1013,25,7,0,0
36,87,998,15,15,1,1
23,81,1000,36,78,0,1
28,27,1022,11,96,0,0
27,57,998,4,68,0,1
29,37,1018,33,15,1,0
22,45,1009,13,50,0,0
36,45,1005,7,72,0,0
31,30,995,23,33,0,1
20,66,1024,7,5,0,0
38,26,1020,32,89,0,0
27,94,1017,29,29,1,1
22,79,1011,35,43,0,1
24,45,1010,21,42,0,0
35,43,1010,33,78,0,1
32,53,1012,5,35,0,0
32,68,997,33,73,0,1
39,38,1011,22,50,0,0
32,89,1018,13,9,0,0
27,35,1016,17,72,0,0
36,55,1003,37,52,0,1
25,48,1002,20,47,0,1
39,79,1003,5,36,0,1
23,71,998,12,4,0,0
32,42,1014,29,76,1,1
18,70,999,32,69,1,1
33,78,1015,13,19,0,0
40,77,1017,28,16,0,0
35,64,1024,32,2,0,0
35,30,1022,9,54,0,0
30,96,1013,39,28,0,1
27,73,995,40,28,0,1
20,75,1009,38,94,0,1
39,30,997,6,8,0,0
36,62,1005,22,90,0,1
23,62,1011,12,80,1,1
24,54,1015,2,88,0,0
25,93,1024,9,18,0,0
40,54,1009,37,54,0,1
30,78,1010,31,38,0,1
33,68,1001,28,44,0,1
20,52,997,8,61,0,1
35,75,1008,21,95,0,1
25,56,1020,40,19,0,0
32,76,1016,23,52,0,0
25,67,1012,24,76,0,1
26,33,1011,8,40,0,0
19,28,1008,33,99,0,1
35,88,1008,21,88,1,1
25,87,1008,22,86,0,1
22,40,1002,43,26,1,1
35,59,1011,16,62,0,0
34,90,1011,32,60,0,1
26,58,1013,4,16,1,0
31,62,997,2,28,1,1
18,41,1022,27,7,0,0
35,83,1021,17,9,0,0
39,40,1006,12,83,0,1
20,36,1024,10,52,0,0
22,89,1004,5,63,0,1
25,84,1017,16,90,1,1
32,96,1024,43,81,0,1
28,46,997,16,98,1,1
18,72,995,27,7,1,1
23,34,1004,38,25,0,0
37,73,1008,36,28,1,1
35,68,996,3,58,1,1
35,46,1013,2,87,0,0
21,55,996,20,52,0,1
30,46,1017,24,14,1,0
40,44,1023,41,38,0,0
35,65,1000,28,99,1,1
22,97,1001,42,83,0,1
21,48,1008,42,64,0,1
41,51,1001,10,98,1,1
38,27,1009,22,9,0,0
37,30,996,30,39,0,1
21,92,1023,38,61,0,1
37,65,1017,19,88,0,1
32,87,996,21,36,0,1
39,29,996,40,66,0,1
41,48,997,8,88,1,1
32,74,1023,11,31,0,0
26,38,998,21,27,0,0
19,63,1022,26,31,0,0
34,79,1004,17,5,1,1
37,91,1022,42,78,0,1
27,95,1022,39,12,1,1
32,60,1022,16,74,0,0
21,76,1021,11,93,1,1
38,53,1017,22,42,0,0
29,54,1023,34,17,0,0
38,25,1011,44,14,0,0
39,56,1020,34,38,0,0
40,26,996,39,28,1,1
20,95,998,30,36,1,1
21,69,1010,32,33,1,1
35,86,1002,44,55,0,1
33,73,1011,11,19,0,0
30,58,1023,33,50,1,1
21,63,1014,25,87,0,1
21,95,1004,13,0,0,0
33,29,1013,5,5,1,0
24,79,1001,10,44,0,1
33,79,1003,16,36,1,1
38,96,1009,22,56,0,1
39,30,998,44,92,0,1
18,79,1009,22,45,0,1
24,63,1022,4,29,0,0
35,86,1014,15,34,0,0
24,63,999,36,51,0,1
21,48,1002,30,52,1,1
25,39,1011,6,63,1,1
35,66,1011,31,14,0,0
38,40,1009,41,72,1,1
19,51,1007,37,26,0,0
36,55,997,31,20,1,1
27,86,1019,33,98,0,1
24,88,1016,31,62,1,1
40,64,995,26,35,1,1
24,70,1007,11,86,0,1
18,60,1022,17,15,1,0
27,99,1000,2,61,0,1
29,62,1022,18,0,1,0
39,64,1018,44,87,0,1
24,98,998,26,56,0,1
31,69,1009,17,1,1,1
38,74,1023,32,80,1,1
38,39,1022,32,20,1,0
26,70,1007,27,50,0,1
34,75,997,15,48,1,1
18,81,1011,35,13,0,0
34,27,996,41,88,0,1
19,33,1024,21,20,1,0
23,68,1019,10,61,0,0
22,40,999,13,23,1,1
26,53,1013,21,86,1,1
38,68,997,8,21,0,1
40,39,1024,35,12,1,0
35,80,1017,34,97,0,1
20,41,1022,15,33,0,0
30,79,996,35,92,1,1
29,50,1020,29,66,0,0
37,42,1015,28,30,0,0
18,30,1005,35,83,0,1
38,42,1015,20,3,0,0
37,53,1019,14,62,0,0
36,73,995,39,82,1,1
25,45,1016,16,49,0,0
24,56,1011,5,44,0,0
38,89,995,8,72,0,1
35,78,1009,7,65,0,1
30,47,1016,44,42,0,0
24,49,1010,36,16,1,1
32,93,1010,16,41,0,1
33,32,1009,11,4,0,0
38,50,1016,24,61,0,0
34,44,1022,38,23,1,0
37,84,1010,31,72,1,1
34,38,1013,8,58,0,0
29,56,1009,12,1,0,0
21,41,1011,29,93,0,1
31,28,1000,30,18,0,0
41,59,1014,7,22,1,0
29,72,1014,9,54,0,0
25,55,1014,37,60,1,1
23,60,1010,24,54,1,1
22,71,1020,41,70,0,1
39,63,1017,31,17,0,0
35,98,1001,31,25,1,1
22,89,1008,19,12,0,0
25,98,1011,39,78,0,1
33,87,1002,21,14,1,1
25,56,1007,16,81,0,1
25,38,1022,12,69,0,0
18,90,1024,33,12,0,0
41,48,1021,5,87,0,0
19,45,1024,27,19,0,0
34,82,1002,26,22,1,1
18,39,1011,35,80,0,1
26,68,998,14,67,0,1
26,57,995,21,3,0,1
27,58,1021,22,87,0,0
40,33,1011,22,59,0,0
21,28,1005,29,6,0,0
41,34,999,14,43,0,0
36,75,1013,13,51,0,0
22,54,1008,13,92,0,1
22,72,1024,19,58,1,1
33,87,1006,24,33,1,1
23,77,1019,5,93,0,0
27,73,1008,9,54,0,0
20,56,1018,25,6,0,0
33,93,998,27,41,1,1
27,50,1016,13,31,0,0
38,76,1014,40,39,0,1
31,68,1002,23,81,0,1
28,40,1008,36,52,1,1
21,29,1004,30,95,0,1
29,93,999,28,86,0,1
38,68,1006,25,48,0,1
34,90,1019,5,50,0,0
29,90,1000,10,68,0,1
38,97,1022,9,94,0,1
25,85,1022,24,69,1,1
26,31,1022,5,4,0,0
32,88,996,14,6,0,1
41,88,1001,31,21,0,1
39,63,997,6,64,1,1
20,64,1019,42,97,0,1
36,67,995,23,61,1,1
35,72,1003,2,8,0,0
28,69,1020,3,13,0,0
35,40,1015,30,74,0,0
31,90,1005,23,66,0,1
18,25,1006,16,36,1,1
33,51,1006,13,66,1,1
40,90,1001,35,31,0,1
28,67,1008,4,45,0,0
21,27,1019,11,62,0,0
35,91,1001,11,51,1,1
40,70,1005,34,99,0,1
23,46,1020,23,68,0,0
20,97,1013,19,42,0,1
35,31,995,7,81,0,1
39,63,1013,10,98,1,1
37,86,1012,41,72,0,1
39,31,1011,25,1,1,0
36,57,1015,11,52,0,0
26,30,1013,43,34,0,0
36,93,1019,12,73,1,1
38,42,1022,19,0,0,0
19,75,1009,35,35,1,1
36,66,995,33,83,1,1
21,63,1024,8,21,1,0
30,98,1018,9,90,0,1
31,99,1000,22,61,0,1
24,86,1005,38,82,0,1
41,86,996,23,67,0,1
19,32,995,39,61,0,1
30,89,996,4,8,0,1
27,36,1012,22,20,0,0
22,88,1011,9,16,1,1
23,45,1001,8,26,0,0
32,90,1001,19,85,0,1
39,57,1001,4,13,0,0
21,37,1010,17,4,0,0
23,74,1000,40,55,0,1
41,72,1003,27,58,0,1
36,79,1017,2,7,0,0
38,77,1020,38,48,1,1
18,53,1017,34,51,0,0
22,95,1019,7,48,0,0
30,28,1024,9,63,1,0
22,69,1020,44,7,0,0
30,29,1022,41,80,0,0
30,33,996,33,50,0,1
24,54,1020,4,50,1,0
26,34,1023,27,0,0,0
23,86,1009,26,69,0,1
41,91,1011,9,59,0,1
34,86,1003,13,92,1,1
21,78,1019,30,10,1,0
31,70,1000,18,65,1,1
27,31,998,17,13,0,0
26,28,1023,7,0,0,0
18,87,1019,4,64,0,0
38,54,995,23,93,0,1
21,79,1006,26,11,0,0
32,98,997,30,75,0,1
27,42,1009,3,48,0,0
39,50,1020,10,20,1,0
28,30,1018,15,32,1,0
26,99,1018,24,50,0,0
20,60,1014,29,38,0,0
27,30,1019,31,98,1,1
27,91,1018,27,14,0,0
35,43,1006,25,68,1,1
33,54,1009,39,43,0,1
37,88,1003,33,67,0,1
25,46,1004,8,21,1,1
22,40,1009,6,66,0,0
27,29,1017,16,81,0,0
38,26,1016,9,86,0,0
21,88,1024,20,86,1,1
38,76,1009,19,53,1,1
24,25,1018,40,97,1,1
30,48,999,24,82,1,1
35,57,1021,29,40,0,0
35,35,995,20,53,0,1
19,95,1014,3,82,0,1
27,32,1020,31,74,0,0
37,33,1002,16,97,1,1
26,87,1002,28,20,1,1
20,92,1011,17,94,1,1
37,59,1000,34,20,1,1
24,58,1004,16,5,0,0
41,73,1022,2,64,0,0
37,72,1002,2,89,1,1
34,49,1004,13,40,1,1
29,93,1008,35,47,1,1
20,89,1021,37,78,0,1
36,66,999,20,38,1,1
29,71,1006,37,62,0,1
34,75,1010,44,33,0,1
34,42,1023,30,4,0,0
23,57,1004,38,96,0,1
28,48,1018,8,20,1,0
27,71,998,16,43,0,1
35,86,1000,38,65,0,1
21,47,1007,18,30,0,0
18,36,999,21,65,1,1
23,46,1006,33,58,0,1
18,39,1024,4,92,0,0
22,80,1016,36,70,0,1
39,25,1013,8,35,1,0
40,49,1024,30,94,0,0
36,28,995,42,14,0,1
25,39,1009,40,21,0,0
19,60,1014,17,66,0,0
40,90,997,27,56,0,1
19,80,1014,35,97,0,1
40,44,1012,26,83,0,1
31,84,1009,44,61,0,1
33,93,996,17,54,0,1
28,85,1000,43,23,0,1
22,77,1001,12,77,1,1
33,74,1015,5,96,0,1
32,29,998,32,17,1,1
40,45,1009,31,54,0,0
22,65,1007,11,90,0,1
30,69,1015,41,44,0,1
37,69,1017,6,31,0,0
22,37,1023,6,24,0,0
37,96,1022,10,20,0,0
37,50,1016,43,10,0,0
28,51,1024,20,33,0,0
40,77,995,4,66,0,1
37,54,1020,6,14,0,0
31,81,1021,9,71,0,0
26,99,1007,14,26,0,1
38,75,999,10,91,1,1
39,27,1013,33,68,0,0
41,27,1018,14,42,0,0
36,66,1023,27,17,0,0
24,72,1010,34,2,0,0
21,28,1004,10,50,0,0
18,44,1008,23,51,0,0
20,32,1016,26,9,1,0
25,89,1014,22,23,0,0
29,50,1003,21,55,0,1
27,60,1016,10,21,1,0
26,61,1000,20,71,0,1
30,67,1006,38,93,0,1
41,45,1003,10,41,1,1
21,32,1023,15,76,0,0
41,74,1012,41,25,0,0
40,77,995,32,17,0,1
36,34,1009,35,66,0,1
25,53,1016,21,69,1,1
34,53,1004,18,30,0,0
23,81,999,5,1,1,1
23,96,1015,36,47,0,1
32,30,1009,18,67,1,1
39,51,1008,16,43,0,0
27,33,996,37,72,0,1
30,96,1020,29,18,0,0
28,32,995,11,17,1,1
28,74,997,41,90,0,1
31,88,1000,15,6,0,1
27,75,1023,16,89,1,1
26,93,998,42,56,0,1
38,91,1020,18,59,0,0
41,99,1018,36,86,0,1
19,43,996,3,14,0,0
20,93,1005,28,87,0,1
31,57,1020,18,41,0,0
25,70,1001,7,67,0,1
32,76,997,6,4,1,1
38,76,1008,30,7,0,0
18,53,998,38,92,0,1
37,36,1014,2,6,0,0
19,67,1001,18,58,0,1
39,62,1016,44,92,0,1
39,93,1024,24,84,0,1
39,71,1015,21,22,0,0
38,25,1009,18,50,0,0
36,74,1022,35,5,1,0
23,93,1001,34,76,1,1
18,37,1005,28,70,0,1
18,41,1007,15,57,1,1
40,53,1000,28,44,0,1
21,85,999,4,35,0,1
31,76,1011,7,9,0,0
40,41,1008,21,43,1,1
29,82,1016,7,67,0,0
40,68,1007,20,94,0,1
37,91,1022,4,77,0,0
36,84,1024,11,48,0,0
26,92,1009,9,0,0,0
35,36,1010,31,96,1,1
24,27,1005,7,94,0,1
24,67,1024,28,80,0,0
39,85,1018,27,90,0,1
37,32,1015,30,42,0,0
40,51,1008,28,72,0,1
18,68,1005,32,64,1,1
34,39,996,17,3,0,0
31,52,1003,3,16,0,0
27,33,996,25,61,1,1
28,98,1012,29,91,0,1
37,74,995,4,78,0,1
38,61,1009,24,77,0,1
41,33,1006,40,4,1,1
27,88,1002,23,51,0,1
29,33,1004,11,72,1,1
20,84,1013,44,37,1,1
32,69,1016,6,77,1,1
40,68,1014,20,87,0,1
37,48,1011,26,45,1,1
35,88,1022,23,55,0,0
39,68,1004,9,91,1,1
29,49,1000,16,50,0,1
30,32,1021,14,99,0,0
38,31,1020,16,55,1,0
40,76,1000,42,78,0,1
25,40,999,19,19,0,0
40,87,997,40,48,0,1
39,38,1010,29,84,1,1
23,89,1015,5,2,0,0
19,44,1017,41,24,0,0
40,76,996,16,51,0,1
27,38,1021,15,98,1,1
18,58,1013,25,3,1,0
26,91,1014,21,73,0,1
39,91,1005,26,47,0,1
32,56,1015,4,3,0,0
29,45,1003,20,47,0,1
37,88,999,32,73,1,1
24,44,1012,12,85,0,0
35,88,1020,35,86,0,1
27,25,1000,40,8,0,0
34,76,1012,34,3,0,0
37,33,1024,9,4,1,0
18,39,1019,19,37,1,0
31,77,1020,41,66,0,1
36,84,1001,37,20,0,1
33,50,1007,37,23,1,1
38,42,1009,16,5,0,0
25,53,1015,18,87,1,1
35,55,1009,35,1,0,0
25,76,1001,13,18,1,1
32,72,1023,15,2,0,0
39,30,1011,24,91,0,1
37,84,997,3,44,0,1
41,53,997,5,65,1,1
38,73,1023,43,0,0,0
20,75,1001,14,64,0,1
20,48,995,11,12,0,0
31,34,1002,24,98,1,1
24,66,997,3,78,0,1
34,76,1012,16,17,0,0
29,47,1015,27,71,0,0
19,93,995,5,69,0,1
36,96,1001,14,64,0,1
33,51,1009,35,86,0,1
41,92,1006,38,16,0,1
27,78,1012,28,5,0,0
37,39,998,41,6,0,1
34,88,1007,27,57,0,1
27,37,1012,31,74,1,1
41,81,1024,30,55,0,0
20,43,1017,14,68,0,0
23,86,1016,10,39,0,0
22,78,1016,4,91,1,1
32,38,1005,12,72,0,0
32,68,1023,7,64,1,0
37,39,996,18,2,1,1
34,79,1023,39,62,1,1
32,43,1014,31,54,1,1
37,51,1019,10,40,0,0
27,30,1012,35,51,0,0
23,26,1009,18,15,0,0
25,34,1004,11,72,0,0
36,92,1018,4,41,0,0
40,30,1015,35,41,1,1
26,66,996,41,87,0,1
21,74,1006,32,48,0,1
36,70,1008,18,65,1,1
24,78,1023,17,80,0,0
24,32,1002,24,95,0,1
35,62,1016,13,14,0,0
23,74,1018,32,8,1,1
36,75,1002,35,56,0,1
23,27,997,20,42,1,1
29,70,1024,31,81,0,0
26,71,1018,27,2,0,0
27,74,998,14,28,0,1
38,29,1014,15,13,1,0
30,48,1009,2,85,0,0
36,27,1017,27,77,0,0
25,79,1017,17,41,0,0
41,62,1016,5,3,0,0
28,86,998,22,84,0,1
21,89,1024,27,1,0,0
30,42,1010,43,40,0,0
21,66,997,39,66,0,1
20,74,1002,23,71,0,1
24,43,1002,43,16,0,1
30,80,1010,30,40,0,1
22,99,1003,39,39,0,1
25,68,1020,41,66,0,0
19,73,1010,37,81,0,1
19,83,1015,18,30,0,0
37,29,1001,19,55,0,0
35,69,1022,3,83,0,0
30,48,1023,39,47,0,0
21,26,1003,19,48,0,0
32,41,1017,3,69,0,0
22,73,996,19,63,1,1
23,68,1011,14,51,1,1
27,88,1015,3,33,0,0
24,88,995,13,75,0,1
27,41,1012,41,38,1,1
29,39,1022,5,35,0,0
29,71,1011,40,37,0,1
18,50,1008,37,68,0,1
38,30,999,3,68,1,1
36,71,1007,13,68,1,1
21,83,1021,11,12,0,0
32,70,1019,11,21,0,0
32,32,1015,22,21,0,0
30,64,1012,23,29,1,1
30,59,1012,43,4,1,1
23,86,1002,40,84,1,1
32,50,1015,33,27,0,0
28,56,1007,16,17,1,1
40,35,1002,21,96,0,1
36,59,999,36,77,0,1
41,41,1012,35,11,1,1
19,70,1005,14,30,0,0
24,98,1018,2,24,1,0
35,30,996,4,71,0,1
36,94,1008,4,47,0,1
31,43,1016,20,72,1,1
22,74,1003,8,8,0,0
34,30,1012,41,20,1,1
20,90,1018,42,67,0,1
31,53,996,35,26,0,1
24,68,1000,19,35,1,1
30,45,1017,31,88,0,0
19,96,1013,42,25,1,1
21,75,1004,39,47,1,1
26,63,998,37,18,0,1
36,86,1007,26,99,0,1
27,63,1024,6,80,0,0
32,45,1016,40,49,0,0
23,74,1010,3,0,0,0
28,76,999,24,0,1,1
20,26,1018,38,16,1,0
18,46,1003,28,54,0,1
30,52,1022,11,83,0,0
31,50,1006,12,70,1,1
24,80,1014,39,74,0,1
33,75,1017,28,50,0,0
40,84,1021,13,39,0,0
23,72,1014,25,92,0,1
19,26,995,21,33,1,1
33,99,1021,24,37,0,0
29,54,1017,2,40,0,0
23,99,997,5,92,0,1
36,62,995,41,7,0,1
34,87,995,16,30,0,1
19,59,1003,17,55,1,1
35,36,1022,13,32,0,0
34,45,1022,40,48,0,0
21,50,1001,8,71,0,1
41,48,1002,13,46,0,0
26,27,1016,22,94,0,0
41,92,1014,17,73,0,1
22,35,1023,16,69,0,0
28,58,1022,3,79,0,0
34,52,1010,33,36,0,0
30,72,1003,25,99,0,1
33,47,1021,32,6,0,0
30,92,1008,43,41,0,1
29,50,1017,10,7,1,0
24,31,1003,4,77,0,0
29,70,1020,29,13,0,0
19,99,1011,35,18,0,1
30,29,1012,24,87,1,1
32,96,1020,16,56,0,0
34,86,1009,15,97,0,1
23,73,999,32,36,0,1
37,93,1022,34,10,0,0
40,64,996,16,86,1,1
32,54,1010,31,8,0,0
23,88,1002,19,90,0,1
34,56,1015,37,99,0,1
22,40,1008,15,87,1,1
31,75,1024,36,80,1,1
30,92,1005,16,29,0,1
28,58,1017,32,36,0,0
24,31,1004,39,51,0,1
30,52,1005,19,97,0,1
36,25,1005,43,94,1,1
18,75,1010,40,14,0,0
40,77,1003,35,16,0,1
27,30,999,41,39,0,1
29,31,1007,14,3,1,0
20,36,995,28,49,0,1
25,56,1014,18,33,1,1
23,48,1016,19,49,1,1
24,57,1011,24,88,0,1
18,83,1011,11,94,0,1
37,81,996,16,27,0,1
37,38,1012,3,33,1,0
33,78,1009,13,8,0,0
31,77,1010,44,37,0,1
25,72,997,3,15,0,0
26,40,1016,29,3,0,0
30,42,1009,33,29,0,0
21,53,1010,29,20,0,0
41,90,1022,36,27,0,0
18,84,1003,18,45,0,1
27,47,1010,28,88,1,1
41,27,1022,13,98,1,0
35,56,1001,20,70,0,1
25,72,1013,8,36,0,0
27,79,1021,42,96,0,1
25,58,1024,37,90,1,1
22,87,1023,11,12,0,0
29,83,1007,23,14,0,0
39,62,1005,2,10,0,0
25,84,1013,7,27,0,0
25,29,1004,18,37,0,0
37,38,1020,30,61,0,0
33,60,996,17,32,0,1
28,82,1012,42,43,0,1
35,93,1018,30,92,0,1
25,91,996,26,18,1,1
36,89,1024,28,53,0,0
37,73,997,42,68,1,1
34,77,1015,32,21,0,0
34,39,1012,11,95,1,1
22,52,1000,15,86,1,1
24,90,1000,42,97,0,1
28,88,1019,37,15,1,1
30,83,999,28,97,0,1
30,54,999,19,77,0,1
24,96,1012,8,79,1,1
36,51,1022,34,52,1,1
25,57,1024,42,18,0,0
38,66,1018,24,74,0,0
25,76,1006,33,32,0,1
32,75,1000,28,68,0,1
20,58,998,19,25,0,1
32,85,1005,15,94,0,1
41,72,1002,33,30,1,1
24,31,1009,9,77,0,0
30,27,1015,29,37,0,0
21,91,998,6,89,0,1
25,36,1016,4,90,0,0
25,42,1015,43,0,0,0
26,66,1009,10,22,1,1
24,55,1018,27,29,0,0
23,93,999,20,37,0,1
27,47,1008,31,66,0,1
27,27,999,20,41,0,0
33,25,1000,10,59,1,1
31,58,999,34,24,0,1
39,97,1024,4,14,1,0
23,44,1011,24,36,0,0
25,61,1018,34,32,0,0
39,29,1008,16,20,1,0
34,80,1012,8,49,1,1
36,31,1002,25,74,0,1
18,78,1002,3,78,1,1
35,76,1014,10,98,0,1
35,54,1002,2,23,0,0
36,68,1022,39,28,0,0
30,41,1024,34,4,1,0
41,74,1001,41,45,1,1
29,37,1002,2,8,1,0
31,37,1010,3,67,0,0
27,27,998,7,86,0,1
20,34,1005,20,13,0,0
28,52,1015,37,23,0,0
34,46,1013,11,60,0,0
23,90,995,44,30,0,1
22,71,1009,37,22,1,1
24,39,999,5,21,0,0
34,41,1002,35,89,0,1
39,62,1016,25,99,1,1
21,30,1020,38,90,0,0
23,67,1015,16,89,0,1
41,55,1013,25,57,0,0
21,34,1003,20,14,0,0
27,87,1013,22,33,0,0
35,90,1013,2,42,0,0
22,72,1018,6,55,1,1
21,55,1017,39,72,1,1
32,40,1007,26,93,1,1
24,81,1017,5,42,1,1
27,31,998,36,87,1,1
30,44,1011,33,58,0,0
21,67,1024,36,42,0,0
18,69,1007,25,14,0,0
29,46,1017,27,77,0,0
21,75,1023,14,56,0,0
35,52,1000,42,43,1,1
32,27,1013,21,24,1,0
41,85,1022,36,77,0,1
36,91,996,42,21,0,1
38,65,1021,38,65,0,0
26,66,998,11,58,0,1
30,63,1001,5,14,1,1
23,97,997,9,70,0,1
30,43,1024,8,9,1,0
20,82,1019,30,75,1,1
25,94,1022,11,65,1,1
24,35,1020,37,48,1,1
40,31,1021,14,50,0,0
39,37,1023,13,70,0,0
37,38,1021,44,57,0,0
21,63,995,42,44,0,1
19,37,1001,10,62,1,1
39,71,1001,24,25,0,1
36,98,995,6,66,0,1
38,81,1016,19,15,0,0
30,69,1010,9,42,0,0
27,55,1006,10,72,0,1
25,35,1024,21,18,0,0
27,48,1007,35,28,0,0
36,41,1010,14,23,0,0
35,25,1009,4,5,1,0
23,57,1014,39,7,0,0
31,44,1017,20,55,1,1
41,34,1014,35,35,0,0
21,40,1009,19,70,1,1
28,64,1018,2,34,1,0
29,82,1013,10,48,0,0
21,78,1009,33,98,1,1
38,56,1024,38,95,0,0
22,62,1024,33,65,1,1
37,61,1003,39,48,0,1
25,31,999,43,87,0,1
24,35,1003,31,40,1,1
25,75,1014,33,47,0,1
24,44,1019,36,23,0,0
37,63,998,13,80,0,1
34,26,1000,12,42,0,0
24,52,1008,17,62,0,0
29,65,1014,30,22,0,0
38,75,1010,42,44,0,1
39,34,1001,10,88,0,1
30,70,1020,22,86,1,1
36,62,1006,25,76,0,1
19,78,1001,13,38,1,1
26,72,1013,32,24,1,1
36,37,998,43,53,0,1
33,80,1001,20,45,0,1
34,45,995,7,26,1,1
29,90,999,10,19,1,1
39,96,996,10,70,1,1
35,40,1015,6,28,1,0
28,46,1008,20,34,0,0
23,84,1020,4,33,0,0
19,39,999,16,59,0,1
34,76,1017,36,36,0,0
22,81,995,26,36,0,1
31,84,1010,39,97,0,1
26,93,999,26,25,1,1
21,72,1010,17,70,0,1
38,55,995,4,94,0,1
25,89,1024,8,6,0,0
34,35,1009,42,48,1,1
26,86,1012,3,67,0,0
18,99,997,41,4,1,1
38,46,1016,38,10,0,0
26,77,1007,4,12,0,0
28,35,1015,22,6,0,0
31,87,995,12,76,0,1
26,61,1024,42,44,0,0
24,38,1024,7,33,0,0
22,70,1021,7,7,0,0
21,25,996,10,62,1,1
27,74,1006,24,5,0,0
41,82,1003,31,55,0,1
29,59,1001,42,88,0,1
31,84,1010,5,28,1,1
39,32,995,14,26,0,0
30,86,1008,12,85,1,1
36,38,1004,30,5,0,0
21,35,1007,41,73,1,1
28,32,1014,22,64,0,0
25,81,1010,10,94,0,1
33,47,1000,31,54,0,1
33,99,996,13,59,0,1
37,51,1020,13,12,1,0
20,84,1023,32,76,1,1
19,57,1002,42,58,0,1
34,56,1000,29,78,0,1
30,78,1006,14,38,1,1
31,38,1011,25,57,0,0
36,34,1016,9,20,1,0
30,54,999,33,15,0,1
39,88,1017,41,36,0,1
28,87,1006,16,43,1,1
18,68,1014,7,73,0,0
18,30,1013,32,65,0,0
21,89,1009,43,79,0,1
32,90,1014,37,0,1,1
28,25,1005,25,73,1,1
24,47,1005,23,59,0,1
41,26,1001,20,61,1,1
20,87,1009,6,71,0,1
21,95,1001,33,71,1,1
27,38,1003,39,93,1,1
18,81,1024,21,74,0,0
20,94,1024,44,44,0,0
27,58,1018,18,31,1,0
41,29,1023,35,15,0,0
25,53,1014,26,22,1,1
35,58,1015,30,8,0,0
24,31,1008,6,7,0,0
39,42,1000,19,48,0,1
33,45,1004,43,3,0,0
25,79,1013,41,50,0,1
41,68,1021,16,67,1,1
33,47,1007,18,56,0,0
37,46,999,20,38,0,1
31,90,1008,40,13,1,1
24,52,1008,26,45,1,1
19,41,1021,5,76,1,0
36,61,995,42,23,0,1
19,57,1006,23,76,0,1
28,93,1019,10,76,1,1
37,47,1024,44,67,0,0
26,31,1010,24,57,1,1
22,30,1013,2,58,0,0
35,34,1001,38,95,0,1
33,38,1005,20,86,0,1
25,37,1001,29,39,0,1
36,52,998,29,59,1,1
38,78,1011,37,61,0,1
41,46,1018,10,68,1,1
19,26,1015,8,99,1,1
28,91,1021,3,2,0,0
34,76,1001,6,97,0,1
30,40,999,4,58,0,1
28,88,1012,22,40,1,1
36,78,999,18,77,0,1
34,59,1002,23,47,0,1
27,42,997,17,48,0,1
36,79,1022,24,71,0,0
24,57,1002,20,28,0,0
27,36,1018,34,24,0,0
21,28,1003,16,25,1,1
24,56,1006,36,51,1,1
26,37,1018,34,95,0,0
33,36,1004,3,17,0,0
41,36,1022,30,85,0,0
28,79,1002,35,33,0,1
21,54,1015,21,89,0,1
24,53,1017,35,83,0,1
38,41,1014,14,87,0,0
41,61,1001,9,86,0,1
38,85,1008,11,85,0,1
33,99,1016,30,24,1,1
31,90,1016,14,66,1,1
39,45,1015,20,15,1,0
36,79,1009,2,15,0,0
18,93,1024,6,57,0,0
29,60,1024,5,86,0,0
38,30,1018,32,82,1,1
29,74,1022,13,55,0,0
36,64,1003,6,68,0,1
20,57,1005,22,83,1,1
32,41,1023,9,63,0,0
19,37,1006,38,12,0,0
32,86,1017,23,20,0,0
28,92,995,13,72,1,1
22,48,1001,9,96,0,1
20,52,1005,34,45,0,1
38,59,1004,13,73,0,1
41,52,1016,17,12,1,0
28,56,997,28,82,0,1
18,93,1011,34,18,1,1
23,39,998,34,23,0,1
28,47,995,42,55,1,1
18,42,1012,7,51,1,1
32,66,1024,5,31,0,0
22,33,999,12,98,1,1
27,32,1011,25,32,1,1
36,26,1017,12,98,0,0
20,59,1015,26,65,0,0
37,67,1017,7,54,0,0
38,75,1008,36,99,0,1
21,40,997,8,63,0,1
18,31,1018,6,84,0,0
41,56,1007,34,73,0,1
18,95,998,29,86,0,1
29,79,1004,15,35,0,1
35,40,1003,38,40,0,1
25,42,998,37,69,0,1
32,42,1018,24,34,0,0
38,85,1018,16,90,0,1
22,88,1001,23,26,1,1
30,59,1020,24,12,0,0
19,88,1022,24,35,0,0
28,62,1016,35,80,1,1
31,53,1022,30,68,1,1
38,33,1024,22,76,0,0
28,92,1020,32,51,0,0
20,57,1002,33,54,0,1
31,38,996,9,70,0,1
38,99,1020,15,74,1,1
29,41,1008,26,47,0,0
41,41,999,13,37,0,0
22,94,1003,16,41,1,1
36,65,1009,15,0,0,0
40,77,1016,32,61,0,1
30,90,1007,19,98,0,1
30,92,1013,26,37,0,1
21,92,1018,40,62,1,1
40,82,1010,6,86,0,1
41,49,1007,29,18,0,0
26,90,1010,40,17,0,1
20,45,1024,31,10,0,0
20,54,1018,37,86,0,1
39,92,1012,40,30,0,1
21,97,1017,22,66,0,1
29,35,1014,12,25,0,0
33,34,998,11,25,1,1
29,86,1003,16,8,1,1
41,36,1022,21,77,0,0
36,59,1005,33,52,0,1
25,32,1020,36,41,1,0
23,40,999,35,5,0,0
32,39,1008,40,62,0,1
33,76,1010,36,37,0,1
30,77,1008,35,97,1,1
35,33,1020,4,99,0,0
37,29,1004,17,62,0,0
31,67,1022,31,18,0,0
37,35,1016,35,23,0,0
35,79,1003,11,20,1,1
28,67,1005,34,57,0,1
18,45,1024,24,72,0,0
38,46,1016,5,64,0,0
32,60,1023,6,28,0,0
33,40,998,26,40,0,1
26,44,999,37,92,0,1
33,26,1010,30,96,0,1
32,86,1005,43,80,0,1
21,75,1019,34,77,1,1
24,60,1004,37,94,1,1
34,30,1022,8,11,1,0
19,49,1011,34,86,0,1
19,33,997,17,88,0,1
29,79,1002,27,37,0,1
21,83,1004,15,46,0,1
25,66,1013,20,65,0,0
27,62,1016,14,43,0,0
23,62,995,24,73,0,1
32,47,1018,37,56,0,0
18,96,997,15,80,1,1
23,93,1008,42,28,0,1
25,72,1024,16,78,0,0
18,34,1013,38,66,0,0
28,57,1022,33,79,0,0
23,73,1021,13,21,0,0
22,45,995,18,55,0,1
25,98,1012,14,26,0,0
26,69,997,23,26,0,1
18,26,1005,11,32,0,0
32,50,1005,39,26,0,1
24,25,1004,22,78,0,1
25,27,1017,16,35,0,0
27,74,1010,19,82,0,1
30,63,1014,13,97,0,1
29,28,998,15,80,0,1
23,33,1015,42,71,0,0
33,52,1013,17,56,0,0
31,62,1014,42,97,0,1
20,98,1014,3,26,0,0
27,64,1011,34,5,1,1
35,97,1002,26,94,0,1
21,44,1022,41,64,0,0
29,47,1019,14,15,1,0
35,89,1011,17,36,0,0
27,62,1006,32,73,0,1
19,75,1014,7,91,0,1
30,65,1006,41,56,0,1
40,81,1016,3,7,1,0
26,84,1018,9,2,0,0
26,76,1006,9,94,0,1
30,77,1007,32,80,0,1
39,43,997,31,9,0,1
25,42,1006,24,61,1,1
39,80,1018,26,54,1,1
26,36,1005,39,27,0,0
32,60,1023,44,8,1,0
25,91,1015,19,98,1,1
38,52,1012,16,18,1,0
23,71,1001,10,19,0,0
19,88,1016,37,4,0,0
23,46,1004,41,60,0,1
37,52,1017,36,0,0,0
26,46,996,17,57,0,1
30,43,1009,34,73,0,1
29,67,1023,18,67,1,1
24,68,1007,6,59,0,0
38,31,1008,29,45,0,0
20,49,1017,28,77,0,0
40,61,997,36,12,0,1
18,32,1013,10,27,1,0
35,66,1003,7,32,0,0
30,78,1017,37,96,0,1
41,41,1004,24,43,0,0
20,38,1019,42,1,0,0
28,25,996,28,1,0,0
36,34,1013,43,79,1,1
35,80,1002,32,44,0,1
24,45,1017,39,40,1,1
35,73,1006,36,90,1,1
27,98,1013,29,35,1,1
20,61,1010,21,12,0,0
30,43,1022,39,55,0,0
21,81,1016,38,82,0,1
31,68,1000,20,41,0,1
40,88,1022,5,40,0,0
34,71,1013,40,88,1,1
36,77,1006,26,98,0,1
18,32,1001,44,81,0,1
26,29,1017,5,92,0,0
41,69,995,4,21,0,1
35,49,1010,21,30,0,0
19,34,1001,43,50,0,1
26,78,1024,18,8,1,0
41,63,1005,9,24,0,0
27,48,1010,17,82,0,1
28,30,1000,33,38,1,1
20,80,1018,42,55,1,1
34,91,996,13,87,0,1
28,51,1010,25,17,1,1
40,45,1021,35,96,1,1
33,78,1012,4,23,0,0
36,67,1021,9,68,0,0
32,52,1008,5,87,1,1
34,58,1014,17,73,1,1
27,54,1013,26,56,0,0
28,95,1009,21,80,0,1
31,60,1020,11,33,0,0
40,34,1019,16,85,0,0
19,69,1024,15,73,0,0
32,39,1008,32,28,0,0
26,44,997,16,87,0,1
33,99,1019,9,66,1,1
26,91,998,26,59,0,1
36,79,1016,18,61,1,1
34,72,1014,23,69,0,1
28,36,1008,6,4,0,0
39,79,1020,16,89,0,0
41,97,997,37,47,0,1
31,72,1023,17,97,0,0
32,52,1003,8,79,0,1
34,32,996,32,56,0,1
20,32,1021,3,94,0,0
34,44,1023,18,73,1,0
23,86,1005,35,30,0,1
29,36,1010,26,21,0,0
29,42,1007,17,67,1,1
18,87,1012,34,26,0,1
33,49,996,25,59,0,1
22,60,1016,25,35,1,1
23,28,1004,2,84,0,0
22,91,1009,32,90,0,1
40,71,1021,21,12,0,0
41,27,1024,44,9,0,0
30,26,996,40,30,0,1
36,61,1003,25,76,0,1
36,65,1004,43,77,1,1
34,28,1000,40,4,1,1
23,38,1000,15,11,0,0
39,36,1002,11,15,0,0
25,69,1023,21,80,1,1
24,89,1021,30,13,0,0
19,87,1008,34,28,0,1
36,70,1018,15,4,0,0
41,54,1022,10,90,0,0
35,60,1002,19,83,0,1
34,72,1012,8,64,0,0
35,28,1017,21,35,0,0
23,52,997,7,44,0,1
41,85,998,2,5,1,1
30,75,998,25,44,0,1
22,49,1004,36,54,1,1
30,36,998,43,89,0,1
26,89,1012,42,52,0,1
26,52,1010,36,15,0,0
20,66,1016,33,37,0,0
23,62,1016,14,76,0,0
38,57,1022,4,81,0,0
25,90,998,29,91,1,1
30,71,996,43,33,0,1
38,68,1017,34,1,0,0
39,40,1014,27,15,0,0
29,47,1004,38,71,0,1
37,46,1000,33,16,0,1
22,47,1011,14,31,0,0
24,46,1015,7,60,0,0
20,33,1009,22,93,0,1
27,66,1017,4,0,1,0
22,95,997,37,48,1,1
21,55,996,15,63,0,1
19,55,1009,44,21,0,0
18,70,1019,2,95,0,0
26,38,1007,14,38,0,0
25,80,1000,26,66,0,1
39,62,1005,4,4,0,0
19,63,1010,25,99,1,1
34,58,1010,37,6,0,0
35,58,1013,42,92,0,1
31,93,1019,40,7,0,0
36,83,1005,21,54,1,1
31,82,1000,26,79,1,1
25,89,995,22,59,1,1
27,74,1006,29,31,0,1
27,50,1004,42,56,0,1
19,94,1017,13,53,0,0
32,43,1006,3,10,1,0
41,62,1019,44,20,0,0
26,36,1004,6,32,1,1
22,53,1012,30,5,0,0
27,71,1024,12,25,1,0
36,81,1007,28,58,0,1
20,40,1001,30,78,0,1
40,89,1023,31,31,1,1
36,32,1013,37,54,0,0
33,80,998,26,83,1,1
37,49,1010,32,69,1,1
37,80,998,41,19,0,1
18,34,1017,25,12,0,0
31,67,1004,32,73,1,1
31,58,1011,22,95,0,1
32,32,1000,27,63,1,1
28,58,1003,19,18,0,0
22,36,998,44,26,0,1
23,80,1019,5,95,0,0
27,35,1003,12,65,0,0
39,82,1020,9,20,0,0
18,82,1007,10,91,0,1
40,82,1011,10,11,1,1
37,94,1006,10,51,0,1
20,32,1004,42,63,0,1
26,38,999,28,95,1,1
36,25,1006,12,64,0,0
28,31,996,16,71,1,1
32,64,1023,43,50,0,0
31,65,1015,39,71,1,1
25,98,1017,5,47,1,1
26,29,1015,7,80,0,0
41,41,1008,35,89,1,1
20,26,1022,3,21,0,0
34,62,1001,21,69,0,1
21,50,1022,6,73,1,0
18,29,999,41,85,0,1
37,39,1011,29,58,0,0
27,93,1012,18,67,1,1
22,64,1002,44,72,1,1
26,47,1014,32,16,0,0
39,59,1024,41,36,0,0
23,58,1018,33,24,1,1
23,90,1020,6,74,1,1
31,68,997,22,68,0,1
25,61,1016,35,74,0,1
26,94,1018,35,57,1,1
29,56,1011,5,32,1,0
28,33,996,40,50,1,1
37,63,1017,42,43,1,1
40,82,1010,40,86,0,1
40,63,1022,20,61,0,0
41,50,1013,37,25,1,1
21,92,1003,9,65,0,1
23,79,1005,37,20,1,1
19,83,1019,27,0,1,0
22,65,1016,5,47,1,1
33,77,1018,23,64,0,0
41,92,1024,19,80,0,0
30,76,1014,11,64,0,0
39,53,997,18,75,0,1
29,54,1014,43,70,0,1
39,95,1022,31,11,0,0
35,70,1005,3,96,1,1
33,78,997,34,84,0,1
36,50,995,27,36,0,1
18,35,1015,42,4,0,0
35,49,1006,15,68,0,1
27,76,996,5,11,0,1
28,97,1004,28,5,0,1
39,77,1000,34,28,0,1
39,80,1014,31,20,1,1
40,82,1016,21,21,0,0
25,35,1009,32,76,0,1
41,41,1000,26,31,0,1
35,35,1007,34,49,0,0
18,63,1021,37,31,0,0
23,76,1012,23,30,1,1
31,91,995,28,42,1,1
26,29,1009,10,44,0,0
41,98,1004,23,59,0,1
22,63,1014,11,73,1,1
38,52,1007,16,59,0,0
37,36,1013,33,74,1,1
19,79,1009,37,68,0,1
27,41,996,25,73,0,1
20,75,1022,38,2,0,0
29,35,1002,38,71,0,1
36,72,1008,29,6,0,0
35,30,1020,5,54,0,0
39,75,1021,7,89,0,0
23,35,1014,30,19,0,0
33,38,998,13,22,0,0
24,33,1018,32,24,0,0
20,81,1002,15,38,0,1
28,44,1015,5,83,0,0
28,89,1006,19,38,0,1
39,42,1009,32,98,0,1
32,71,1000,9,85,0,1
30,79,1018,22,42,0,0
29,83,1007,17,5,1,1
33,82,998,38,40,0,1
39,34,1011,43,29,0,0
24,42,1013,16,85,0,0
27,78,1022,31,19,0,0
27,29,1012,42,93,0,1
27,61,1001,6,78,0,1
25,80,1003,12,21,0,0
30,35,1022,33,14,1,0
31,67,1002,23,2,0,0
33,62,995,43,5,0,1
19,35,1008,38,40,0,0
31,72,1001,11,84,1,1
18,83,1008,37,26,0,1
23,77,1005,37,84,0,1
33,59,998,36,18,1,1
38,57,1017,7,95,0,0
20,83,1019,18,38,1,1
28,98,1001,25,37,0,1
34,81,1006,37,98,0,1
33,69,1022,42,95,0,1
37,49,1015,4,75,0,0
31,78,1003,26,80,1,1
21,68,1019,3,80,0,0
27,85,1014,37,53,1,1
35,28,1017,28,88,1,1
38,46,1004,26,80,0,1
39,68,1014,13,15,0,0
33,79,1023,32,78,0,0
38,90,1002,43,70,0,1
21,67,1003,37,98,0,1
20,75,1008,44,23,0,1
19,26,1004,24,14,0,0
28,41,1012,15,80,1,1
33,56,1017,39,33,0,0
19,95,995,5,42,1,1
24,42,998,12,19,1,1
31,88,1011,35,75,1,1
33,59,1002,28,21,0,1
41,90,1016,2,13,0,0
21,27,999,2,53,0,0
27,78,1024,13,9,0,0
25,70,1023,16,47,1,0
19,60,1024,36,72,1,1
24,92,1000,34,95,0,1
39,60,1012,24,62,0,0
22,78,1000,26,97,0,1
26,53,1006,30,26,0,0
34,29,1014,14,41,1,0
35,74,996,24,12,1,1
32,99,1012,43,11,1,1
38,69,1000,7,42,0,1
32,69,1017,41,33,1,1
30,75,1003,33,37,1,1
31,93,1011,23,38,1,1
35,52,1007,43,0,0,0
36,83,998,44,66,0,1
19,63,1009,20,55,0,1
21,27,1017,18,70,0,0
35,70,1000,32,92,0,1
20,84,1006,37,51,0,1
41,98,1020,31,28,0,0
24,79,1022,19,40,0,0
34,99,995,18,99,1,1
26,69,1022,29,96,0,1
25,94,1021,7,92,0,0
26,73,1013,18,53,0,0
20,73,1016,17,84,1,1
41,32,1006,22,47,0,0
33,34,1014,16,3,1,0
32,86,1005,39,3,0,1
20,79,1022,38,46,0,0
19,91,1020,6,73,1,1
31,70,1017,14,15,0,0
25,54,1011,36,64,0,1
41,72,1011,26,1,0,0
24,41,1021,32,9,0,0
23,61,1024,35,17,0,0
34,80,1021,28,54,0,0
36,47,1001,16,65,0,1
37,52,1019,16,15,0,0
29,67,1014,30,48,0,0
22,84,996,24,89,0,1
27,93,1009,13,95,0,1
39,41,1014,21,7,0,0
34,62,1015,29,76,0,1
25,35,1009,19,49,0,0
39,69,1023,36,92,1,1
24,85,1006,37,23,1,1
28,29,1010,12,34,0,0
27,34,1012,9,25,0,0
37,27,1000,3,98,0,1
21,97,1008,44,1,1,1
22,95,1016,5,13,0,0
29,89,1013,16,95,0,1
38,79,1009,8,99,0,1
25,36,1009,16,16,1,0
20,63,1000,15,54,1,1
21,39,1001,36,73,1,1
29,84,1018,29,21,0,0
36,75,1015,4,69,0,0
41,83,1022,28,72,0,0
40,38,1013,12,77,1,1
37,82,996,17,77,1,1
35,50,1000,8,44,1,1
34,69,1001,34,34,0,1
24,45,1011,29,95,0,1
41,34,1017,16,54,0,0
23,57,1024,40,11,1,0
27,77,996,42,9,1,1
31,27,1019,34,6,0,0
33,98,1009,17,37,0,1
41,51,1016,23,16,1,0
37,94,1016,34,7,0,0
38,29,999,11,39,0,0
29,49,1022,44,76,0,0
39,78,1012,28,71,1,1
26,93,1001,23,58,1,1
39,92,1013,34,0,1,1
26,65,1002,33,29,0,1
26,76,1019,35,60,0,0
27,64,1001,11,58,0,1
29,35,1019,35,83,0,0
20,29,1006,30,34,1,1
18,40,1024,10,41,0,0
30,72,1024,21,92,0,0
21,70,1011,29,76,0,1
22,72,1013,29,82,0,1
35,64,1012,10,28,0,0
19,41,1019,32,91,0,0
37,63,1022,31,98,0,1
37,40,996,15,89,1,1
36,48,1005,19,42,0,0
37,85,1004,31,62,0,1
20,91,1018,41,28,0,0
18,76,1018,39,33,1,1
24,99,1005,37,19,1,1
22,54,1024,40,96,0,0
39,85,1015,38,26,1,1
23,84,1000,33,79,0,1
38,27,1011,22,29,0,0
37,43,996,41,38,0,1
30,78,1021,16,11,0,0
24,41,1020,38,83,0,0
35,54,1024,26,87,1,1
19,59,1013,38,70,0,1
27,67,1017,8,5,0,0
33,26,1013,20,1,0,0
23,44,1017,16,5,1,0
28,32,1019,25,20,0,0
21,95,999,30,15,0,1
37,26,1019,32,76,1,1
34,59,1016,40,0,0,0
38,25,998,33,57,0,1
31,71,1011,13,6,1,0
40,27,1012,27,30,1,0
20,79,1022,18,37,1,0
19,32,1008,38,98,0,1
28,87,1009,3,95,1,1
30,41,1009,34,15,0,0
40,47,998,44,49,1,1
34,37,1024,31,70,0,0
19,63,999,4,88,1,1
39,62,1008,40,53,0,1
28,77,997,42,7,0,1
28,87,995,16,3,0,1
27,99,1012,24,60,0,1
24,41,1016,28,15,0,0
20,76,1009,34,41,0,1
31,72,1021,16,6,0,0
27,33,1003,7,56,0,0
40,78,1008,28,83,0,1
25,96,996,15,9,0,1
35,40,1014,6,51,0,0
37,47,1004,18,61,1,1
35,39,1020,29,41,0,0
28,59,1016,11,74,1,1
23,88,999,8,43,0,1
19,84,995,24,88,0,1
24,78,997,30,9,0,1
28,93,996,9,77,1,1
23,25,1018,34,74,0,0
27,47,1010,38,15,0,0
23,54,999,2,50,0,1
31,45,997,39,68,0,1
35,36,999,10,43,0,0
20,89,1016,11,45,0,0
22,76,1010,36,80,0,1
23,82,999,33,10,0,1
23,98,1015,34,93,0,1
34,51,997,30,65,0,1
21,58,999,43,64,0,1
18,83,1020,5,13,0,0
19,25,1015,23,79,0,0
35,40,1022,29,85,0,0
27,90,1001,18,34,0,1
19,31,1011,20,75,1,1
31,26,1015,5,59,0,0
33,73,996,18,82,0,1
37,56,1013,25,41,0,0
20,50,1010,9,4,0,0
20,65,1006,39,18,0,1
40,85,1008,29,35,0,1
35,36,1013,9,96,0,0
23,26,1003,6,97,1,1
24,66,1011,27,45,1,1
37,94,1002,33,18,1,1
36,48,1018,18,17,0,0
40,72,1012,17,79,0,1
39,63,995,25,60,0,1
37,64,1020,9,73,1,1
38,85,1008,11,59,0,1
33,97,1014,21,39,0,0
38,43,1008,16,69,1,1
27,70,1010,12,56,0,0
20,90,1015,15,51,0,0
39,71,997,2,14,1,1
19,74,995,10,2,0,1
33,78,995,10,56,1,1
37,40,1002,24,59,0,1
20,39,1000,34,81,0,1
20,54,1007,18,57,1,1
31,81,1001,40,77,0,1
32,68,1006,9,79,1,1
31,53,1010,6,4,0,0
38,74,1012,6,12,0,0
35,38,1006,27,81,0,1
19,95,1009,11,78,1,1
19,74,1019,5,40,0,0
34,86,1010,21,24,0,0
32,57,1013,16,40,0,0
30,46,1005,33,12,0,0
37,29,1023,34,90,0,0
24,72,1012,32,5,0,0
30,66,1015,12,25,0,0
25,80,1016,21,80,1,1
27,29,1008,25,67,0,0
41,71,1022,10,2,1,0
35,48,998,10,96,0,1
36,59,1004,13,17,0,0
27,42,1018,2,93,0,0
20,40,1015,16,61,0,0
39,76,1001,8,26,1,1
33,37,1011,42,43,0,0
26,29,1001,34,3,0,0
21,40,999,23,35,1,1
40,59,1019,9,80,0,0
35,82,1019,13,56,0,0
29,35,1007,36,26,0,0
20,69,1004,18,66,1,1
23,66,1014,19,76,0,1
27,30,1001,12,24,0,0
40,82,999,17,94,0,1
26,61,1015,24,15,0,0
29,26,1020,11,75,1,0
36,62,999,28,77,0,1
19,26,1006,34,82,1,1
33,31,1021,22,70,0,0
23,42,995,34,95,1,1
31,62,1000,5,61,1,1
20,47,1019,2,81,0,0
38,41,1019,12,76,1,1
27,69,1011,32,64,1,1
33,45,1024,4,97,0,0
20,82,995,12,44,1,1
32,76,1014,40,39,1,1
33,98,1023,39,83,0,1
24,83,1011,25,30,0,0
21,34,1000,8,30,0,0
20,71,1024,22,0,0,0
35,31,1009,26,66,0,0
31,92,998,4,4,0,1
28,96,1020,3,27,0,0
27,74,1001,38,62,0,1
38,62,1018,34,74,0,1
18,77,1009,34,66,1,1
26,38,1023,24,53,1,0
39,60,1014,7,96,0,0
23,54,1008,44,80,1,1
39,95,1008,29,16,0,1
33,68,1006,6,68,0,1
24,77,1011,10,94,0,1
26,83,1010,37,97,1,1
36,36,998,11,15,0,0
36,30,998,31,94,1,1
30,61,1003,36,46,0,1
34,79,1018,32,5,0,0
35,61,1007,26,95,0,1
34,59,1020,20,52,1,1
29,71,1005,21,32,0,1
31,31,1000,22,35,1,1
39,43,1019,4,99,0,0
19,99,1010,43,46,0,1
19,30,1008,3,80,0,0
33,98,1007,34,61,1,1
34,29,1013,6,31,0,0
18,84,1008,5,93,0,1
20,37,1006,37,17,0,0
34,75,1016,37,80,1,1
29,29,1010,41,90,0,1
30,50,1008,33,10,0,0
40,81,1016,17,76,0,1
35,26,1016,3,2,1,0
25,35,1006,33,3,0,0
34,80,1010,18,85,1,1
21,48,1018,15,77,0,0
39,76,1012,24,95,1,1
30,43,1014,35,95,0,1
38,59,1004,6,75,0,1
26,26,1019,11,43,1,0
20,86,1004,10,19,0,0
22,96,1008,32,79,0,1
28,66,1017,31,8,0,0
41,57,1009,35,21,0,0
27,76,1009,11,50,0,0
30,99,1016,35,20,1,1
39,49,1016,22,0,0,0
38,95,1007,24,20,0,1
29,64,1003,29,10,0,0
28,80,1009,42,34,0,1
34,43,1003,32,80,0,1
40,87,1009,2,57,1,1
27,50,996,20,77,1,1
18,72,1019,25,46,1,1
22,91,1011,43,68,0,1
21,43,1001,24,16,1,1
18,26,1012,37,96,1,1
21,40,998,10,84,0,1
38,26,997,24,25,0,0
24,68,995,37,3,1,1
26,98,1021,16,80,1,1
22,47,1001,10,32,1,1
25,74,1018,25,23,0,0
37,49,1021,33,10,0,0
18,43,1005,17,98,0,1
27,93,1017,26,92,1,1
32,58,1006,25,20,0,0
36,47,995,9,41,0,1
39,65,1004,15,87,0,1
31,91,1023,31,6,1,0
39,35,1006,26,58,0,0
36,82,1023,38,10,0,0
24,94,1005,15,59,0,1
25,65,996,44,59,0,1
24,28,1018,30,57,0,0
41,82,1024,13,18,0,0
25,92,1009,21,43,1,1
40,85,1015,11,29,1,1
40,76,1002,39,66,0,1
40,34,999,12,67,1,1
20,74,1002,13,84,1,1
38,72,1021,37,0,1,0
39,39,1014,21,66,1,1
36,64,996,5,32,1,1
19,51,1007,18,49,0,0
26,30,1022,32,66,1,0
18,83,1007,22,63,1,1
38,72,1018,14,3,0,0
33,57,999,38,23,0,1
26,53,1021,41,50,1,1
21,84,1012,21,4,0,0
25,25,1013,24,25,0,0
19,86,1010,19,65,0,1
23,94,1021,7,30,1,0
41,78,1015,42,17,1,1
40,60,1019,8,81,0,0
22,42,1004,41,32,0,1
32,89,1015,9,70,0,1
29,54,1000,36,65,0,1
23,92,999,22,12,0,1
26,80,1018,17,11,0,0
36,54,1010,25,12,1,1
41,55,1015,18,48,0,0
30,62,1016,22,28,1,1
24,93,1008,19,67,0,1
37,92,997,9,51,0,1
34,60,1000,23,69,1,1
26,40,1001,39,96,1,1
39,71,995,16,90,0,1
18,91,1006,29,38,0,1
18,35,1008,30,88,0,1
36,78,1013,37,27,0,0
23,65,997,30,92,1,1
37,74,998,11,81,0,1
26,94,1016,8,84,1,1
34,75,1022,22,20,0,0
30,74,1023,40,56,1,1
22,88,1010,23,99,1,1
40,28,997,33,3,0,0
30,58,1022,30,72,0,0
30,78,996,34,49,0,1
36,32,1017,13,42,0,0
26,92,1001,18,10,0,1
40,87,1012,23,60,0,1
26,93,1020,8,92,0,1
22,62,1007,12,31,0,0
37,58,1009,43,7,0,0
32,94,999,4,42,0,1
26,59,1013,44,97,1,1
27,44,995,7,52,0,1
19,62,995,4,99,0,1
32,69,1016,44,67,0,1
22,81,1018,32,39,1,1
27,31,1011,8,90,0,0
26,58,1016,28,5,0,0
19,34,1004,27,4,0,0
40,95,1012,18,10,0,0
25,86,1019,22,75,0,1
23,68,1007,30,87,0,1
23,68,996,37,83,0,1
38,88,1006,36,37,0,1
34,87,1005,40,1,0,1
39,53,1007,25,87,1,1
34,33,1021,42,77,0,0
28,46,997,34,26,0,1
36,69,1001,27,69,0,1
20,37,1007,14,0,0,0
22,55,1014,18,8,0,0
30,61,1008,12,24,1,1
31,81,1001,25,99,0,1
32,68,1003,4,89,0,1
18,35,999,8,11,0,0
23,78,997,43,52,0,1
21,69,1013,38,58,0,1
18,45,1022,17,47,0,0
36,25,1014,43,97,0,1
23,27,1010,18,43,1,1
41,44,997,14,42,0,1
33,26,998,28,59,1,1
34,25,995,31,4,1,1
23,56,1000,18,57,0,1
25,48,1006,32,18,0,0
37,41,1003,22,59,1,1
40,44,1011,40,79,0,1
18,83,1016,9,70,0,0
19,68,1010,42,74,1,1
40,77,1007,22,91,0,1
23,94,1006,5,4,1,1
25,94,1015,29,2,0,0
36,99,1012,11,57,0,1
29,96,1013,22,81,1,1
26,49,996,10,8,0,0
28,37,1000,10,79,1,1
24,39,1019,39,74,0,0
37,31,1005,22,27,0,0
19,53,1012,38,44,0,0
41,70,1006,33,17,0,1
40,86,1016,11,54,0,0
25,38,1022,35,27,0,0
24,91,1023,37,60,0,0
26,41,1011,21,77,0,0
30,69,1015,18,46,1,1
28,92,1022,21,74,1,1
30,96,1022,42,93,0,1
32,60,1021,21,32,0,0
28,43,1009,22,32,0,0
31,57,1004,23,64,0,1
20,56,1017,13,50,1,1
25,38,1012,31,96,0,1
29,73,996,8,5,0,0
25,39,1020,40,2,1,0
20,70,1016,4,64,1,1
21,86,996,32,87,1,1
33,40,1013,21,40,1,1
24,37,998,33,97,0,1
34,70,1022,23,91,1,1
26,27,1019,14,94,1,1
35,61,1005,35,80,0,1
38,60,1016,41,18,0,0
28,72,999,29,98,0,1
33,95,1009,4,30,1,1
29,74,997,13,60,0,1
40,90,1008,5,16,0,0
22,48,1011,8,22,1,0
29,35,1013,12,97,0,0
22,53,1024,37,90,1,1
39,90,1009,37,47,0,1
24,81,1019,13,2,1,0
25,54,1009,11,54,1,1
23,39,1024,27,77,0,0
31,55,1008,41,73,1,1
25,66,1012,37,35,0,0
25,27,1012,8,30,0,0
39,27,1023,36,14,0,0
36,52,998,14,78,0,1
24,91,1024,21,1,0,0
28,25,1010,11,80,0,0
35,43,1008,35,31,0,0
34,30,1013,14,85,0,0
24,69,1007,22,64,1,1
36,71,1008,30,98,0,1
37,85,1001,2,22,0,0
41,75,997,23,70,0,1
30,68,1001,28,1,1,1
31,54,1016,29,96,0,1
28,95,1022,26,60,1,1
39,91,995,35,58,0,1
22,88,1011,20,84,0,1
38,95,1023,41,61,1,1
30,43,1005,3,5,0,0
36,29,1003,31,61,1,1
35,76,1011,37,59,1,1
39,78,1017,6,8,0,0
21,44,1011,21,91,0,1
36,87,997,31,68,0,1
20,73,1004,25,43,0,1
36,78,1014,37,78,1,1
29,71,1023,42,85,0,1
30,72,1007,34,21,0,1
39,29,1023,26,5,0,0
34,83,995,40,53,1,1
22,72,998,44,77,0,1
41,51,1002,40,20,0,1
26,99,1021,43,47,1,1
25,57,1006,36,97,0,1
19,80,1011,21,84,0,1
37,32,1012,19,17,0,0
29,96,1013,11,74,0,1
32,54,1018,43,3,1,0
41,91,999,3,11,1,1
24,88,998,44,53,0,1
39,97,1020,13,0,0,0
37,92,1008,30,13,1,1
34,41,1003,5,59,0,0
20,49,1015,13,53,1,1
18,69,1008,8,9,0,0
28,80,1008,24,12,0,0
34,74,1023,14,11,1,0
37,44,1002,25,74,0,1
27,39,998,2,31,1,1
22,43,1013,37,33,1,1
30,77,1006,33,65,0,1
33,64,1018,32,67,1,1
34,79,996,34,69,0,1
21,97,997,35,15,0,1
23,67,1001,24,86,0,1
35,95,1004,41,87,0,1
22,78,1019,23,57,0,0
32,62,1003,43,48,0,1
21,52,996,36,59,0,1
40,70,1006,20,81,1,1
18,50,997,16,62,1,1
27,69,1001,2,21,1,1
23,61,1013,27,50,0,0
30,31,1002,24,89,0,1
26,70,1000,14,6,0,0
18,74,1017,4,40,0,0
40,80,1007,17,15,1,1
28,95,1009,39,5,1,1
37,75,996,4,88,0,1
34,52,1000,29,31,1,1
21,60,1005,24,65,1,1
25,87,1022,23,97,1,1
32,31,1018,27,49,1,0
22,83,1018,12,62,1,1
23,61,1007,15,42,1,1
29,57,997,41,86,0,1
40,59,1019,33,85,0,1
36,86,1000,19,91,1,1
29,88,1017,3,58,0,0
21,65,1007,35,86,0,1
40,73,1002,38,97,1,1
22,47,1000,30,43,0,1
25,35,1008,43,1,0,0
34,59,1004,29,71,1,1
30,95,1001,28,36,0,1
34,98,998,24,13,0,1
31,48,1012,28,23,0,0
33,42,1021,5,32,0,0
41,66,1022,5,19,0,0
21,86,1020,12,79,1,1
23,64,1007,24,51,1,1
27,68,995,43,28,0,1
36,56,1006,17,4,1,1
29,69,1015,15,21,0,0
22,87,1023,31,81,1,1
37,89,1001,18,2,0,1
29,78,1009,9,69,1,1
28,41,996,7,35,0,0
24,90,1002,16,62,0,1
18,83,1004,8,73,0,1
30,36,1009,33,31,1,1
31,85,999,39,45,1,1
40,25,1007,44,66,1,1
27,40,1015,14,51,0,0
25,68,1013,17,75,1,1
39,36,1010,26,59,0,0
39,58,1007,39,11,0,0
24,67,1002,28,30,0,1
35,66,1023,39,55,1,1
36,38,1008,30,80,1,1
22,97,995,5,70,1,1
27,27,1002,30,42,0,0
29,51,999,26,44,1,1
35,68,1021,34,77,0,0
40,57,1014,43,14,0,0
21,39,1015,31,14,0,0
40,67,1012,16,28,0,0
35,64,1003,23,10,0,0
28,32,1013,5,35,0,0
26,73,1012,34,45,1,1
40,31,1006,23,90,0,1
28,60,1022,14,95,0,0
24,67,1020,18,85,0,0
37,96,1016,28,97,0,1
22,41,1002,20,4,0,0
31,34,1007,23,36,1,1
28,60,997,5,54,0,1
32,30,1017,29,29,0,0
29,63,997,40,43,1,1
23,56,1002,30,62,0,1
20,52,999,42,55,0,1
33,42,1007,44,88,1,1
27,30,1010,26,3,0,0
36,57,998,35,75,1,1
19,82,1022,3,35,0,0
40,71,1014,38,45,1,1
29,43,1011,25,57,0,0
26,39,1006,30,22,0,0
41,89,1022,11,57,0,0
26,37,1017,34,8,0,0
26,49,1023,25,95,0,0
37,78,998,27,18,0,1
33,27,1005,29,85,0,1
38,70,1010,7,30,0,0
33,58,1022,12,99,1,1
24,73,1002,34,46,0,1
32,51,1024,23,46,1,0
33,54,996,16,46,0,1
38,37,1017,18,74,1,1
18,61,1024,9,32,1,0
24,31,1003,37,54,0,1
35,67,1003,15,39,1,1
38,81,1021,27,90,1,1
27,67,1020,33,87,0,1
31,91,1001,30,33,0,1
30,82,1015,32,72,0,1
30,96,1003,10,39,0,1
24,41,1001,39,4,0,0
18,55,997,9,29,1,1
38,39,1018,35,55,0,0
19,98,999,28,67,1,1
34,47,995,16,77,1,1
22,54,1023,24,33,0,0
40,95,1015,10,3,0,0
18,56,1019,38,90,0,1
21,73,1013,44,7,0,0
35,65,999,39,85,0,1
40,92,1012,2,63,1,1
26,66,1015,18,82,1,1
24,97,1002,26,6,0,1
41,55,1006,3,11,0,0
24,85,1020,14,52,1,1
34,59,1024,32,16,1,0
27,58,1016,5,95,0,0
31,99,1008,14,58,0,1
19,58,1005,23,4,1,1
38,41,1006,29,81,0,1
38,76,1008,27,18,0,0
39,92,1004,36,87,1,1
18,39,1009,32,27,1,1
24,57,1001,6,89,0,1
40,81,1002,23,97,0,1
31,60,1018,8,39,1,0
19,33,1000,2,2,0,0
22,57,1003,14,91,0,1
33,64,1020,27,50,0,0
21,89,1011,22,76,0,1
30,33,999,24,0,1,1
28,52,998,32,68,0,1
25,58,1001,33,57,1,1
32,49,997,33,98,0,1
22,93,1007,29,91,0,1
33,87,1012,26,57,1,1
25,45,996,25,89,0,1
20,31,998,12,31,0,0
29,62,1020,25,64,0,0
41,87,1001,43,65,0,1
18,76,1024,32,33,0,0
33,46,998,28,16,0,1
20,76,997,16,60,0,1
29,45,1007,12,48,1,1
29,56,1014,31,17,1,1
33,59,1024,10,61,0,0
22,34,1014,13,71,0,0
36,35,1002,27,22,0,0
35,63,1020,12,9,0,0
24,85,998,41,7,0,1
29,59,1000,44,99,0,1
32,73,996,40,25,1,1
33,75,996,5,97,1,1
27,80,1023,6,17,1,0
18,74,1014,7,19,0,0
27,36,1004,25,23,0,0
23,70,1019,9,54,0,0
41,40,1014,39,14,1,0
29,58,1002,20,68,0,1
26,56,1003,38,65,0,1
28,99,1017,32,43,0,1
41,56,1010,22,30,0,0
28,92,998,16,58,0,1
36,53,1015,3,5,0,0
41,64,1011,6,1,1,0
22,84,1003,21,71,0,1
23,80,1016,12,2,0,0
32,29,1022,27,15,0,0
24,33,1001,36,42,0,1
38,57,1021,3,13,1,0
22,58,1017,24,18,0,0
28,40,1014,41,97,0,1
31,71,1009,36,70,0,1
39,47,1018,36,9,1,0
33,53,1017,27,36,0,0
23,30,1002,18,75,0,1
31,58,1013,7,81,0,0
22,62,1009,39,39,0,1
39,94,1016,3,79,0,1
33,25,1001,17,16,0,0
23,46,1016,36,30,0,0
21,28,1011,6,24,1,0
32,36,1021,25,62,0,0
35,38,1018,20,85,0,0
23,93,998,19,56,0,1
40,38,999,23,27,0,0
35,60,1017,8,22,0,0
35,45,1022,7,79,0,0
32,77,1014,43,40,0,1
31,41,1019,10,85,0,0
33,59,999,18,27,0,1
26,79,1011,14,46,0,0
38,55,1002,9,97,1,1
22,49,1013,34,67,0,1
19,70,999,18,75,0,1
20,86,1015,22,65,1,1
38,39,1005,11,81,0,1
39,79,1018,27,52,0,0
24,63,1020,24,77,1,1
41,55,996,3,86,0,1
28,53,1004,36,48,0,1
32,86,1008,18,21,0,0
34,40,1014,9,63,0,0
29,57,1020,13,24,0,0
35,79,997,36,68,0,1
22,40,1022,26,32,0,0
28,54,1003,5,65,0,1
39,55,1019,38,99,1,1
41,48,1023,32,36,0,0
36,47,997,7,5,1,1
18,87,1002,29,88,0,1
23,76,1008,12,1,0,0
21,31,1000,4,8,1,0
28,61,1008,20,7,0,0
24,79,997,4,17,0,1
22,60,1010,16,28,0,0
34,70,1013,30,69,1,1
32,79,1021,8,90,0,0
34,65,1005,6,65,0,1
29,66,1004,12,9,0,0
31,93,1023,43,7,0,0
22,35,1014,44,47,0,0
24,71,1023,26,5,0,0
32,40,1018,3,35,0,0
35,99,1003,4,97,1,1
39,41,1012,32,81,1,1
30,87,1008,37,17,0,1
29,63,1006,41,60,0,1
38,52,997,2,2,0,0
24,33,998,24,87,0,1
40,36,1013,33,23,0,0
25,51,1023,20,72,0,0
34,26,998,30,10,0,0
21,88,995,26,25,0,1
19,64,1017,5,79,1,1
22,39,1017,4,81,0,0
23,68,1016,18,45,0,0
33,51,1014,7,34,1,0
20,92,1019,5,3,0,0
29,90,1010,8,82,1,1
26,41,1021,34,11,0,0
30,35,1007,32,76,0,1
39,30,1014,22,9,0,0
24,61,1002,6,43,0,0
36,91,1001,9,78,0,1
34,60,1010,27,44,0,0
21,82,1003,27,94,0,1
19,53,1003,15,35,1,1
23,61,1022,25,80,1,1
34,75,1021,34,20,0,0
20,36,1009,39,83,1,1
21,69,1007,33,21,0,0
40,41,1000,44,50,1,1
18,34,996,20,13,0,0
41,87,1003,24,10,1,1
19,89,997,26,63,0,1
35,90,1013,33,61,0,1
26,32,1004,42,58,0,1
24,46,1018,39,1,0,0
26,43,1003,3,91,0,1
36,40,1024,23,13,0,0
18,69,1016,3,85,0,0
18,74,1003,23,39,0,1
26,99,998,8,84,1,1
29,83,1011,21,94,1,1
20,97,999,9,20,1,1
33,42,1009,29,81,1,1
33,61,1002,17,84,0,1
28,99,996,33,18,0,1
20,52,1020,24,93,0,0
30,83,1019,23,96,1,1
24,47,1000,16,78,0,1
31,53,1010,30,86,0,1
40,28,1006,43,97,1,1
23,38,1017,36,46,0,0
36,81,995,14,7,1,1
20,50,1003,39,83,0,1
21,49,1024,19,6,1,0
22,32,1005,25,29,0,0
37,39,1018,36,38,0,0
28,66,1014,42,46,1,1
41,46,999,16,35,0,1
32,73,1017,9,59,1,1
36,97,1004,38,9,0,1
39,80,998,6,86,0,1
22,96,1011,2,11,1,1
31,98,1017,16,32,1,1
30,49,1010,9,34,0,0
31,35,1023,12,10,0,0
35,86,1004,41,93,0,1
30,57,1015,3,12,1,0
28,69,1004,24,85,0,1
18,55,1008,11,17,0,0
32,27,996,9,30,1,1
33,26,1016,6,6,1,0
30,26,1020,4,40,0,0
30,69,999,24,70,0,1
32,93,1018,8,33,0,0
35,66,995,28,77,0,1
33,27,1001,36,24,1,1
36,84,1013,24,10,0,0
37,58,1001,8,43,1,1
35,47,1000,21,26,0,0
25,91,996,23,69,1,1
21,48,1006,18,21,1,1
26,47,1004,31,18,0,0
28,44,1016,5,46,0,0
41,82,1004,23,70,1,1
38,85,1001,9,37,0,1
39,55,1014,37,88,0,1
26,61,1023,39,50,0,0
22,55,1024,19,89,0,0
28,26,1021,30,50,0,0
40,31,1018,14,61,1,0
33,39,1015,44,82,0,1
20,38,1023,6,48,1,0
18,51,1022,28,88,0,0
31,44,1022,22,86,0,0
19,48,1017,26,36,1,0
41,39,1006,32,63,0,1
26,96,1006,31,34,1,1
25,87,1020,29,16,1,1
35,42,1023,29,59,0,0
32,40,1016,32,62,0,0
28,30,1017,10,51,0,0
23,43,1007,14,31,0,0
31,73,999,32,30,1,1
36,87,996,33,42,0,1
38,85,997,28,43,0,1
26,54,1012,27,83,0,1
40,55,1002,24,49,0,1
18,43,1013,43,63,0,1
23,41,1008,9,72,0,0
21,30,1000,5,85,0,1
22,90,1003,12,19,0,1
24,82,1008,27,37,0,1
23,79,1000,4,64,0,1
38,82,1012,24,95,0,1
21,94,1011,19,94,0,1
29,68,1021,37,51,0,0
27,63,1008,40,11,1,1
28,27,1013,23,3,0,0
37,38,1022,17,31,0,0
29,40,1014,20,68,0,0
22,66,1020,18,71,1,1
27,40,1003,17,41,0,0
39,52,1008,37,67,0,1
36,99,1002,41,61,0,1
24,42,1006,15,81,0,1
27,36,1002,28,5,0,0
18,74,1006,32,56,0,1
30,96,1000,4,63,0,1
21,69,996,37,22,0,1
25,96,1010,44,17,0,1
18,25,1024,37,74,1,0
34,48,996,5,98,0,1
41,97,1004,26,50,0,1
31,90,1012,30,52,0,1
37,88,1002,38,48,1,1
22,73,998,34,21,0,1
41,28,996,14,48,0,1
20,63,1004,44,73,0,1
40,58,1022,33,15,1,0
33,84,1008,13,59,0,1
33,68,996,24,92,1,1
26,78,1001,30,80,0,1
29,98,1003,13,96,0,1
36,57,1010,17,49,0,0
30,78,1006,42,36,0,1
30,84,1004,17,1,0,0
36,67,1013,12,77,0,0
24,55,1018,26,71,1,1
35,38,1023,28,49,1,0
19,45,1000,12,96,0,1
41,74,1024,38,74,0,0
36,25,1011,41,54,0,0
28,83,1013,44,14,1,1
31,31,1012,13,1,0,0
38,31,1014,28,11,0,0
31,98,1003,24,29,0,1
37,80,1004,20,18,1,1
29,83,1014,5,96,0,1
30,91,1006,30,54,0,1
26,60,996,23,21,0,1
37,38,1023,36,49,0,0
39,83,1018,28,9,1,1
30,35,999,10,6,0,0
36,44,1012,43,88,0,1
40,39,1016,5,77,1,1
34,45,1010,27,8,0,0
32,59,1018,39,77,1,1
23,75,996,33,16,0,1
26,37,998,38,57,0,1
40,87,1012,29,58,0,1
21,50,1007,14,16,1,1
40,59,1005,13,8,1,1
22,93,1013,12,72,0,1
30,81,1022,13,8,0,0
30,51,1020,30,28,0,0
41,43,1000,32,38,0,1
39,56,1013,30,51,1,1
20,94,999,15,60,0,1
34,33,1013,24,27,0,0
23,64,1019,36,68,1,1
18,46,1015,5,57,0,0
31,92,1004,12,95,0,1
18,51,1004,6,70,0,1
25,28,1006,32,10,0,0
38,60,1007,23,64,0,1
21,96,1019,29,51,1,1
21,67,1022,42,45,0,0
23,69,1019,4,54,1,0
18,99,996,6,85,1,1
30,55,997,39,34,0,1
30,78,1001,6,28,0,1
39,31,1013,40,22,0,0
30,92,1024,43,38,0,0
39,52,1016,23,97,0,1
27,84,1017,14,70,0,0
21,83,1016,21,83,0,1
30,55,1001,15,85,1,1
39,96,1009,42,69,1,1
31,47,1004,10,76,1,1
36,65,995,2,39,0,1
39,87,995,37,56,0,1
41,98,1018,4,1,0,0
41,55,995,33,11,0,1
40,50,1008,13,89,1,1
25,73,1011,29,6,0,0
26,60,1002,11,14,0,0
35,70,999,42,60,0,1
28,68,997,3,54,1,1
22,63,998,6,56,0,1
33,81,998,39,81,0,1
39,55,1021,38,33,0,0
23,83,1009,19,12,0,0
18,60,1011,19,47,1,1
28,30,1011,5,13,0,0
37,32,1016,3,3,0,0
41,77,997,11,91,0,1
18,46,1021,30,14,0,0
39,74,1010,10,50,0,0
27,75,999,35,48,0,1
38,45,1016,35,72,0,0
29,71,1015,21,5,0,0
30,87,1006,42,30,0,1
18,28,1009,2,51,0,0
30,74,1007,43,94,0,1
24,81,1002,34,27,0,1
35,80,1006,21,95,1,1
31,92,1023,16,16,0,0
26,51,1011,16,36,0,0
40,28,1015,35,18,0,0
21,61,1013,33,44,0,0
26,80,1010,15,53,1,1
18,82,1015,5,72,1,1
36,70,1016,13,29,0,0
21,95,1011,2,13,0,0
29,50,1021,17,6,0,0
33,86,1024,8,11,0,0
31,67,999,43,70,1,1
25,86,1005,21,17,0,1
37,53,998,8,42,0,1
21,95,995,16,95,0,1
25,29,1008,36,65,1,1
33,70,1010,12,48,0,0
40,29,997,30,68,1,1
23,80,996,19,93,0,1
22,70,1011,12,64,1,1
37,68,1020,34,90,0,1
29,26,995,2,32,0,0
24,60,1015,21,35,1,1
18,62,1008,27,45,1,1
40,80,1017,13,62,1,1
26,28,1007,43,95,0,1
25,75,1023,43,68,0,0
26,85,1017,29,40,1,1
31,62,1024,41,33,0,0
27,38,1012,34,97,0,1
30,41,1022,12,31,0,0
21,63,1024,11,86,1,1
37,82,999,38,63,1,1
38,32,1001,41,12,0,0
35,26,1010,15,16,0,0
20,41,1007,39,63,1,1
23,84,1010,39,48,0,1
40,81,1023,28,5,0,0
28,65,1010,6,14,0,0
21,93,1001,36,35,0,1
19,81,999,8,85,0,1
25,65,1004,12,64,1,1
36,62,1004,38,55,1,1
40,78,1016,28,46,0,0
24,39,1017,3,60,0,0
29,67,1000,21,26,0,1
33,37,998,21,63,1,1
39,76,1010,18,39,1,1
22,50,1010,41,84,0,1
21,32,1003,18,40,0,0
23,48,1003,43,10,0,0
25,41,1001,13,78,0,1
30,74,1012,25,36,0,0
28,83,1017,28,66,0,1
19,92,1012,21,84,0,1
25,26,1020,20,41,1,0
22,52,1022,42,89,0,0
32,97,1014,27,36,1,1
21,77,998,21,26,0,1
39,88,1001,32,16,0,1
24,52,1004,28,12,0,0
37,84,1005,6,62,0,1
18,91,1016,37,70,0,1
28,42,1006,5,87,0,1
36,82,1022,19,78,0,0
18,58,1024,20,8,1,0
32,49,1017,8,52,0,0
37,77,1006,44,99,0,1
19,97,1016,2,91,0,1
38,39,1019,24,65,0,0
35,33,996,3,17,1,1
25,58,999,30,61,1,1
31,76,996,41,60,1,1
37,65,1014,32,25,0,0
36,72,1005,9,11,0,0
19,96,1009,22,40,1,1
38,52,997,8,13,1,1
37,67,1001,13,18,0,0
30,25,1000,22,33,0,0
36,75,1017,2,86,1,1
25,79,1020,15,87,1,1
21,87,1012,15,26,0,0
20,83,998,24,17,0,1
25,98,1018,13,40,0,0
34,65,1007,15,8,0,0
33,48,1017,32,43,1,1
35,42,1010,30,74,0,1
21,63,1003,41,40,0,1
34,99,1016,19,48,0,0
27,92,1024,37,21,0,0
25,66,1017,10,34,0,0
26,94,998,29,10,1,1
20,93,1019,40,10,0,0
28,43,1007,5,77,1,1
19,32,1016,14,20,0,0
18,53,999,23,89,0,1
28,61,1008,30,82,0,1
41,36,1010,20,46,0,0
32,91,1011,14,58,0,1
30,96,1016,20,56,1,1
20,45,1012,15,79,1,1
37,56,1005,12,59,0,1
31,29,998,34,63,1,1
24,98,1021,3,9,0,0
25,66,1002,19,72,0,1
21,38,1008,38,83,0,1
41,55,1003,8,76,1,1
25,40,1020,30,92,0,0
18,70,1023,42,17,0,0
33,75,999,15,67,0,1
38,60,1024,15,22,0,0
24,66,1004,5,43,0,0
38,57,1002,29,86,0,1
33,29,1023,27,89,0,0
38,58,1014,31,41,1,1
35,44,1000,43,24,0,1
20,67,1008,20,73,1,1
39,97,995,16,87,0,1
21,63,1000,16,37,0,1
39,27,1015,30,92,0,0
30,90,997,10,21,0,1
22,34,1008,22,16,1,0
26,60,997,14,29,0,1
24,53,1002,11,32,1,1
38,25,1013,35,43,1,1
30,38,999,36,58,0,1
18,30,1011,5,37,0,0
26,55,998,10,53,0,1
34,27,1020,27,60,1,0
32,85,1008,14,22,0,0
21,99,1016,3,15,0,0
33,67,1006,5,61,1,1
33,93,1024,2,68,1,1
28,58,1018,30,81,1,1
30,90,1013,41,90,0,1
32,56,1014,15,90,0,1
20,25,1001,6,1,0,0
38,28,1003,22,42,0,0
29,74,998,29,72,1,1
41,29,1021,29,89,0,0
34,76,1010,18,64,0,1
39,73,1005,23,68,1,1
38,80,1003,28,47,1,1
35,39,1012,31,44,0,0
25,75,1015,31,25,0,0
28,55,1018,18,80,0,0
41,28,1003,3,34,0,0
30,39,1005,43,2,0,0
37,65,1019,43,52,0,0
41,96,1015,22,84,1,1
39,61,1018,9,81,0,0
27,94,1013,18,86,1,1
33,82,1015,25,27,1,1
18,26,999,20,27,1,1
28,52,1012,36,95,1,1
41,87,998,42,66,0,1
25,82,1001,26,59,1,1
39,71,996,21,99,1,1
32,66,1014,30,47,0,0
20,51,1003,41,22,0,1
22,31,1024,14,81,0,0
31,41,1013,32,38,0,0
32,87,1023,41,15,1,1
33,54,1019,35,65,1,1
28,62,1013,19,4,1,0
23,36,1006,10,21,0,0
33,28,1012,4,15,1,0
41,65,1000,5,58,1,1
27,99,1001,27,25,0,1
23,52,996,3,15,0,0
40,47,1007,22,24,0,0
34,39,1022,4,86,1,0
35,84,1024,4,71,0,0
39,82,1003,13,68,0,1
20,85,1009,43,89,1,1
41,59,1023,39,68,0,0
31,73,1006,10,25,0,0
35,60,1008,7,31,0,0
34,80,999,39,52,1,1
36,60,999,12,26,0,1
19,41,998,15,6,0,0
33,90,1013,2,30,1,1
21,82,1018,26,85,0,1
35,73,1010,31,93,1,1
34,84,1012,16,62,0,1
37,87,995,37,12,0,1
40,96,1007,25,39,1,1
18,97,1020,25,96,0,1
37,85,1003,42,69,1,1
33,45,1009,40,41,1,1
41,27,1012,2,93,1,1
35,64,1005,43,92,0,1
21,60,1023,41,91,0,1
38,59,1006,19,46,0,0
26,29,1024,9,86,0,0
22,65,1014,4,86,0,0
30,32,999,26,38,1,1
26,29,1002,5,40,0,0
39,43,1007,36,67,0,1
18,35,1010,5,92,0,0
23,33,1020,9,77,0,0
39,39,1000,2,19,0,0
19,94,996,4,6,0,1
26,78,1003,6,88,0,1
18,49,1011,16,68,0,0
38,79,1017,44,9,1,1
18,61,1010,8,75,1,1
18,44,1006,32,67,0,1
39,25,1024,2,2,0,0
39,45,1007,14,81,1,1
18,30,1019,24,87,1,1
21,59,1011,12,99,0,1
18,92,1017,36,21,1,1
18,83,998,20,29,1,1
36,76,1015,23,49,1,1
38,43,1021,38,62,1,1
19,25,1010,26,20,0,0
21,47,1011,43,75,1,1
24,51,1004,38,83,0,1
19,48,1010,13,15,1,0
27,55,1013,16,54,0,0
34,76,998,21,72,1,1
39,90,1012,24,82,0,1
35,84,1000,25,92,0,1
37,63,1006,31,52,0,1
22,40,1021,5,71,0,0
34,70,1006,4,90,1,1
19,86,1007,22,23,0,1
26,53,1001,7,55,1,1
31,76,1018,14,0,0,0
27,48,999,21,69,1,1
20,51,1008,37,16,1,1
32,63,998,18,10,0,1
29,67,1021,41,92,1,1
20,53,1015,36,47,0,0
24,48,1014,16,84,0,0
29,42,1022,24,92,0,0
22,99,1004,12,55,0,1
33,51,998,18,84,0,1
30,59,1021,24,31,0,0
18,73,1003,21,70,0,1
33,63,1007,24,31,1,1
36,91,1001,26,59,1,1
32,85,1005,16,78,1,1
26,29,1013,25,28,0,0
22,46,1007,30,79,0,1
37,30,1016,41,8,0,0
18,94,1011,41,29,0,1
18,38,1018,38,48,0,0
35,60,1014,24,65,0,0
24,69,1013,23,27,0,0
34,81,1012,25,96,1,1
30,50,1013,43,12,0,0
31,97,1015,12,66,0,1
20,63,1001,15,64,0,1
28,89,1017,30,87,0,1
20,56,1013,32,38,0,0
20,56,1016,43,14,0,0
22,81,1014,3,20,0,0
36,63,998,12,56,0,1
37,49,1015,17,41,0,0
28,48,1009,26,6,1,1
23,71,1001,36,77,0,1
20,44,1003,34,43,0,1
33,29,1021,31,16,1,0
32,25,1007,35,29,1,1
19,81,1006,13,39,0,1
28,90,995,29,67,0,1
24,46,1020,30,88,0,0
31,93,1007,7,85,0,1
32,63,1002,29,1,1,1
38,31,1023,20,72,0,0
24,26,1011,12,75,0,0
38,75,1004,42,9,1,1
21,75,1004,18,88,0,1
18,99,1007,2,94,0,1
38,98,1010,34,85,0,1
32,34,1019,17,12,1,0
37,92,1014,23,28,0,0
32,67,1017,31,56,1,1
20,80,1018,38,76,1,1
22,32,1018,17,95,1,1
35,41,996,27,53,1,1
23,73,996,9,69,1,1
22,33,1008,28,8,0,0
37,27,1018,24,72,0,0
23,91,1012,4,97,0,1
40,64,1023,19,26,1,0
36,31,1019,3,37,0,0
35,60,998,25,76,1,1
38,81,995,21,4,0,1
38,75,1007,8,41,0,0
19,97,1022,13,53,0,0
36,37,1004,38,60,0,1
38,27,1002,7,92,0,1
27,37,1021,43,11,0,0
38,47,995,34,51,1,1
32,46,1019,2,25,1,0
41,40,1010,14,41,1,1
26,48,1007,12,78,0,1
26,27,1017,17,43,0,0
32,61,1022,14,23,1,0
26,85,1013,29,6,1,1
22,40,998,6,28,0,0
40,30,998,34,48,0,1
40,50,999,14,16,0,0
32,46,1021,39,19,0,0
41,71,1009,9,50,0,0
24,38,999,22,14,0,0
18,25,1010,19,9,0,0
34,82,1024,10,93,1,1
37,70,1005,14,95,0,1
18,77,999,33,88,0,1
22,58,1023,24,79,0,0
22,87,1006,29,69,0,1
34,87,1003,17,48,0,1
41,37,1023,44,87,1,1
29,70,1007,26,40,0,1
26,92,1022,13,87,1,1
26,59,1000,36,32,0,1
38,59,1024,21,65,1,1
27,54,1014,33,35,0,0
18,81,1005,27,47,0,1
29,91,1017,19,4,1,0
31,62,997,7,75,0,1
28,63,1021,27,64,1,1
34,77,1003,6,71,1,1
18,87,1014,23,76,0,1
35,87,1024,34,43,1,1
18,60,1000,38,92,0,1
40,99,1021,39,24,0,0
30,57,1007,39,57,0,1
29,41,1021,25,25,0,0
31,61,1016,35,90,0,1
39,84,1019,44,57,0,1
33,97,1007,11,48,1,1
34,66,1002,8,45,0,1
38,75,1012,15,73,0,1
35,37,1021,18,86,0,0
33,48,1005,24,40,1,1
39,57,1003,43,47,0,1
35,87,1008,29,10,1,1
21,77,1013,33,78,0,1
40,83,999,23,41,0,1
18,27,1022,2,62,1,0
22,72,1006,20,13,0,0
18,89,1020,11,98,0,1
28,94,997,17,71,1,1
22,61,1015,21,51,1,1
24,77,1012,43,5,0,0
35,78,1023,20,24,0,0
36,37,1021,35,27,0,0
38,54,1023,10,12,0,0
23,46,997,43,61,0,1
27,33,1024,32,43,0,0
25,65,1011,9,49,0,0
23,66,995,29,62,0,1
26,76,997,25,5,0,1
22,85,1010,35,34,1,1
40,84,1004,36,46,1,1
21,34,1005,12,39,0,0
40,97,1002,13,80,1,1
32,29,1002,19,20,1,1
31,77,1014,22,89,0,1
34,75,1019,5,9,0,0
36,33,1023,38,70,0,0
41,96,996,27,59,1,1
31,95,997,23,54,0,1
31,42,1006,32,62,1,1
29,53,1005,37,13,0,0
35,31,1017,34,61,1,1
22,49,1003,29,8,0,0
41,98,1020,18,50,0,0
28,72,1002,31,25,1,1
32,99,1001,3,50,0,1
30,57,1013,14,77,0,0
39,44,995,6,83,0,1
35,28,1003,4,42,0,0
33,95,1001,23,40,0,1
30,65,1014,30,27,0,0
38,43,1017,9,24,0,0
23,27,996,6,60,0,1
29,62,1010,38,35,1,1
20,61,1016,22,20,0,0
37,84,998,14,10,1,1
36,55,999,38,59,0,1
19,53,997,16,70,1,1
32,40,1007,35,83,0,1
24,66,997,12,83,1,1
32,62,1012,14,34,0,0
41,89,1004,25,90,1,1
25,68,1020,6,32,0,0
22,60,1007,18,12,1,1
19,60,1019,35,11,1,0
27,61,1005,2,59,0,0
32,70,1018,29,67,0,0
25,30,1010,33,93,0,1
25,85,999,38,75,0,1
24,35,1004,36,39,1,1
40,35,1001,31,47,0,1
27,84,1011,4,6,0,0
22,49,1017,34,4,1,0
30,66,1023,6,22,0,0
27,78,1002,4,82,0,1
19,73,1010,11,79,1,1
20,59,996,22,35,1,1
39,42,996,39,66,1,1
19,88,997,18,38,0,1
23,64,1013,20,4,0,0
34,88,1010,37,56,0,1
38,29,1017,25,38,1,0
41,64,1005,14,57,1,1
24,34,996,17,36,1,1
40,51,1009,42,93,0,1
26,35,999,7,29,1,1
33,84,998,17,86,1,1
41,63,1018,16,78,1,1
21,78,1011,37,85,0,1
39,99,998,30,54,1,1
31,42,1000,38,33,0,1
40,56,1008,4,62,0,0
39,92,1007,33,28,0,1
40,69,1017,11,76,0,0
34,26,1011,27,37,0,0
22,49,1003,29,21,0,0
20,79,1014,6,38,1,1
24,87,1004,41,16,1,1
26,56,1017,12,59,1,1
34,80,1003,43,68,0,1
28,46,1009,3,84,1,1
41,38,999,28,23,0,0
39,39,1023,37,73,1,1
36,97,1015,11,3,0,0
21,30,1020,41,79,0,0
33,62,1011,2,82,0,0
34,52,1006,13,69,1,1
25,27,1011,22,7,0,0
28,44,1012,17,24,1,0
26,75,1001,41,60,0,1
33,39,1015,5,22,0,0
28,61,1007,44,36,0,1
34,99,1013,29,73,0,1
41,88,1019,26,96,1,1
18,79,1016,10,90,0,1
26,40,1010,14,77,0,0
26,87,1017,42,52,0,1
20,33,1013,17,48,0,0
38,78,1009,16,10,1,1
33,71,1016,38,19,0,0
33,40,999,2,82,0,1
30,79,1018,24,86,0,1
19,94,1015,12,14,0,0
21,47,1021,25,13,1,0
38,73,1024,14,71,0,0
29,85,1004,24,72,0,1
21,79,1008,17,88,1,1
23,91,1014,20,12,1,1
39,67,1010,44,92,1,1
40,77,1002,15,33,0,1
25,95,1007,27,55,1,1
36,78,996,38,82,1,1
35,57,995,40,27,1,1
23,76,1006,21,46,1,1
38,90,1015,19,27,1,1
28,30,1000,10,19,0,0
22,62,998,39,49,1,1
40,66,998,26,30,0,1
32,85,1015,27,60,0,1
29,46,1002,22,34,0,0
20,71,996,33,14,0,1
37,34,1018,25,23,0,0
33,81,1010,35,40,0,1
18,54,1015,44,81,0,1
32,33,1003,2,70,0,0
41,75,1023,17,37,0,0
36,83,1023,17,39,0,0
23,69,1007,31,97,0,1
29,30,1001,7,52,1,1
38,33,999,11,71,1,1
21,82,999,8,5,0,0
27,74,1008,36,10,0,0
34,37,1019,35,59,0,0
22,98,1006,14,84,1,1
38,78,1003,33,75,0,1
21,62,1010,29,12,0,0
29,26,1023,14,98,1,0
19,43,1003,32,32,0,1
19,81,1019,17,78,0,0
23,43,999,44,3,0,1
26,64,1009,42,3,0,0
35,77,1021,36,53,0,0
38,28,1015,40,6,1,0
25,87,995,42,88,0,1
29,69,1023,6,94,0,0
18,78,1018,31,81,0,1
25,82,1009,20,9,1,1
28,55,1006,17,79,0,1
37,59,1021,10,9,0,0
35,39,1007,31,47,1,1
36,98,1006,7,23,1,1
24,30,1016,34,84,1,1
23,68,1011,32,36,0,0
22,88,1006,4,55,0,1
23,78,996,27,1,1,1
25,26,1003,17,93,1,1
31,60,998,12,23,1,1
22,86,996,16,74,1,1
34,59,1014,31,46,1,1
30,72,1017,13,40,0,0
36,47,1007,22,23,0,0
26,46,998,14,97,0,1
41,52,1020,35,14,0,0
20,76,1022,38,3,0,0
36,81,1024,38,75,1,1
24,79,1022,30,36,0,0
28,63,1004,24,51,0,1
37,35,996,14,76,0,1
32,80,1016,32,60,0,1
38,85,1010,43,28,1,1
29,29,1014,43,52,0,0
29,77,1013,3,53,1,1
32,59,1008,9,91,0,1
40,96,1005,30,68,1,1
32,31,1015,19,63,0,0
29,60,1023,12,52,0,0
27,71,995,18,66,0,1
35,98,1015,42,38,1,1
19,61,1003,34,48,0,1
25,42,1019,43,40,0,0
36,98,1011,4,52,1,1
39,75,1009,26,16,1,1
31,79,1012,12,10,0,0
33,80,1002,25,13,0,1
41,78,998,18,44,1,1
26,44,1013,20,20,0,0
22,48,1009,27,88,0,1
31,42,1012,39,32,1,1
35,39,1006,14,51,0,0
20,43,1019,41,75,0,0
18,84,999,29,42,1,1
31,27,999,27,52,1,1
23,45,1019,40,79,0,0
27,82,999,12,28,0,1
30,51,1014,35,13,0,0
27,84,1004,12,10,0,0
41,89,1006,15,66,0,1
35,56,1010,39,9,0,0
34,64,998,16,96,0,1
27,95,995,18,75,0,1
41,40,1017,15,2,0,0
36,70,1014,42,98,0,1
29,55,1014,18,71,0,0
21,39,1013,15,29,0,0
27,48,1008,44,33,0,1
20,92,1005,14,49,1,1
29,57,1018,39,2,0,0
18,59,998,39,38,0,1
25,37,998,7,74,0,1
39,33,998,40,36,0,1
29,45,1014,39,0,1,0
24,80,1006,10,64,1,1
19,56,996,37,24,1,1
41,69,1016,27,20,0,0
36,48,1009,29,11,1,1
40,57,1010,29,91,0,1
23,79,1022,7,41,0,0
19,81,997,7,47,1,1
41,37,998,16,69,0,1
29,81,1017,44,12,0,0
38,60,999,26,80,0,1
20,58,1016,7,82,1,1
19,80,1013,34,25,0,0
34,66,1021,39,25,0,0
37,48,1009,22,59,1,1
37,30,997,11,11,0,0
33,41,1004,13,82,1,1
40,64,1004,11,49,1,1
21,25,1005,20,4,0,0
25,58,996,25,13,0,1
30,53,995,35,62,1,1
36,25,998,44,12,0,1
27,29,995,15,79,0,1
35,51,997,4,3,1,1
26,27,1011,11,0,0,0
39,77,1004,8,2,1,1
25,93,1007,31,39,0,1
24,34,1004,24,10,0,0
30,80,1008,17,72,1,1
26,57,1018,36,74,0,0
30,49,1012,17,55,0,0
27,65,1002,20,98,0,1
41,65,996,31,39,0,1
22,86,1004,16,99,0,1
26,87,1010,42,75,0,1
31,42,1006,21,22,0,0
30,70,996,17,68,0,1
29,43,1016,23,54,0,0
36,72,1011,14,27,1,1
22,84,1009,18,43,1,1
21,73,1005,39,67,0,1
32,42,1011,43,11,0,0
32,60,1002,29,85,0,1
23,82,999,35,74,1,1
18,93,1002,5,68,0,1
33,78,1012,44,16,0,0
35,28,1013,32,94,0,1
22,40,1004,42,79,0,1
34,55,1023,16,51,0,0
23,84,1014,36,86,0,1
24,87,1016,23,71,0,1
32,72,1014,36,66,0,1
19,58,998,36,72,0,1
39,36,1018,42,18,1,0
40,57,1004,31,22,0,0
21,67,1005,39,65,0,1
39,84,999,33,52,0,1
20,91,996,39,23,0,1
25,89,1019,9,78,1,1
25,37,1008,16,5,1,0
18,71,1023,39,43,0,0
20,78,1014,15,91,0,1
32,41,999,25,35,0,1
25,91,1024,23,51,1,1
37,83,1024,38,66,0,0
40,75,1010,24,0,0,0
20,87,1024,18,25,1,0
39,47,1006,44,96,0,1
29,33,996,15,66,0,1
38,31,995,36,10,0,1
39,60,1016,38,74,1,1
34,39,1007,44,32,0,0
22,72,998,19,86,0,1
30,40,1016,9,18,0,0
36,56,1003,22,24,0,0
34,49,995,32,35,1,1
32,73,1006,31,12,0,0
33,50,1005,38,2,1,1
18,39,996,29,83,0,1
38,28,1002,21,25,1,1
22,68,1004,14,40,0,1
30,42,1023,16,19,0,0
22,61,995,19,18,1,1
27,46,1003,2,53,0,0
20,94,1000,38,60,0,1
20,69,1009,18,14,1,1
31,35,1022,15,38,0,0
37,66,1005,31,4,0,0
30,68,1013,22,58,0,0
37,45,1022,42,67,0,0
20,31,1018,10,57,0,0
26,77,998,26,69,0,1
35,31,997,32,55,0,1
29,29,1024,23,16,0,0
21,66,1021,8,22,0,0
25,32,999,6,70,0,1
19,75,996,13,46,0,1
23,69,1024,7,86,1,1
31,81,1024,15,29,0,0
22,69,1000,23,58,0,1
36,67,1021,17,68,0,0
19,34,1009,20,83,1,1
34,75,1013,14,62,0,0
39,77,997,37,58,0,1
26,85,1012,30,4,1,1
28,64,1003,9,1,0,0
33,82,1003,22,68,0,1
31,39,1000,17,86,0,1
27,70,1006,42,18,1,1
40,26,1014,32,8,0,0
25,63,999,30,82,0,1
23,99,998,36,67,0,1
32,36,1009,27,42,0,0
29,62,1023,20,34,0,0
31,84,997,36,87,0,1
36,80,997,22,0,0,1
23,86,1019,16,46,0,0
34,74,1012,32,63,1,1
40,62,1003,12,14,0,0
36,25,1018,12,93,1,1
24,89,1006,5,24,0,0
28,64,1006,36,84,0,1
29,96,1021,24,61,0,0
40,57,1007,40,59,0,1
33,85,999,41,88,1,1
33,34,1017,18,41,0,0
19,70,1003,5,59,0,1
39,71,1007,24,62,1,1
26,60,1015,41,94,0,1
31,54,1024,28,39,0,0
32,99,1021,27,55,0,0
26,89,1006,7,0,0,0
39,37,1000,42,39,1,1
35,26,1015,32,25,1,0
18,83,1020,31,20,0,0
24,95,996,38,13,0,1
29,31,1000,23,43,1,1
18,59,1000,33,2,1,1
25,79,1003,6,27,0,0
27,55,1021,41,81,0,0
39,92,1015,43,22,1,1
18,78,1016,42,91,1,1
28,87,1016,26,84,0,1
37,40,1022,30,49,0,0
19,98,1007,16,72,1,1
23,74,1018,4,25,1,0
30,76,1005,9,56,0,1
33,26,1022,2,10,0,0
32,88,999,30,54,0,1
31,38,1013,6,98,1,1
23,97,1020,8,81,1,1
37,34,1006,3,59,1,1
25,82,1017,8,98,0,1
38,71,995,13,74,0,1
21,58,1017,33,2,0,0
35,48,995,4,3,0,0
34,54,1002,19,15,0,0
41,52,1015,9,35,0,0
25,75,995,5,73,0,1
20,33,997,5,5,1,1
19,90,1012,22,85,1,1
35,83,1000,34,14,0,1
21,38,996,38,28,0,1
37,58,1021,44,32,0,0
28,32,1019,21,37,0,0
30,63,1005,11,71,0,1
28,44,1011,12,15,0,0
37,61,1014,10,34,0,0
27,31,996,26,75,0,1
26,99,1013,24,80,0,1
18,62,997,17,41,0,1
38,91,1008,17,3,0,0
30,51,1021,2,63,0,0
35,99,1003,8,13,0,1
20,72,1024,40,90,0,1
23,83,1004,13,53,0,1
31,34,1003,24,93,0,1
36,46,1009,10,82,0,0
21,29,1013,19,28,0,0
22,82,1005,6,71,0,1
28,82,1007,39,36,1,1
27,40,1016,24,46,1,1
29,47,1009,12,51,0,0
31,53,1019,7,45,0,0
36,35,1005,26,57,1,1
35,96,1017,13,40,0,0
38,50,1018,2,80,0,0
35,90,998,2,9,0,1
22,93,1003,14,44,0,1
41,51,995,21,7,0,1
29,38,1024,44,26,0,0
21,99,1010,4,24,0,0
41,33,1002,40,94,1,1
34,67,998,5,7,1,1
23,97,1004,9,31,0,1
40,93,1012,28,96,0,1
27,83,1022,25,50,1,1
28,74,1022,41,67,1,1
33,87,1018,17,23,0,0
27,55,1009,43,98,0,1
35,29,1010,14,31,0,0
32,54,1000,26,27,0,1
21,39,1020,19,72,0,0
37,92,1010,6,5,0,0
36,36,1009,10,6,0,0
36,79,1021,23,99,0,1
25,55,1018,36,25,1,1
33,58,1006,17,41,0,0
29,59,1006,28,0,0,0
29,87,995,32,76,0,1
27,47,995,40,44,0,1
19,76,1001,18,21,0,1
39,56,1018,12,10,0,0
36,51,1023,26,63,0,0
25,38,1004,40,1,0,0
30,56,1013,15,30,0,0
37,38,1018,6,15,0,0
30,55,999,22,29,0,1
30,56,1010,43,90,0,1
34,57,998,19,69,0,1
29,82,1021,27,55,0,0
19,34,1013,31,21,0,0
29,33,1005,5,41,0,0
26,88,1017,27,17,0,0
31,60,1020,3,43,0,0
21,73,1002,22,7,0,0
37,93,1015,28,37,1,1
25,42,998,5,36,0,0
23,51,1015,5,74,1,1
36,66,1022,6,47,1,0
27,86,1023,8,43,1,0
27,97,1006,4,12,0,0
23,92,1016,6,0,0,0
26,33,1015,25,9,0,0
30,53,998,24,26,0,1
39,33,997,8,57,0,1
26,85,1003,28,99,1,1
34,77,1000,40,24,1,1
23,62,1023,32,28,0,0
18,96,1009,13,9,0,0
28,48,1001,9,74,0,1
24,39,1010,4,15,0,0
18,38,1018,12,2,0,0
40,99,1012,18,48,0,1
36,79,1009,43,71,1,1
25,90,1017,41,29,0,0
26,74,1021,18,95,0,0
29,73,1001,4,93,0,1
19,62,1005,37,32,0,1
23,35,1002,2,13,1,0
38,58,1000,27,13,0,1
20,66,1012,21,59,0,0
36,57,1011,5,3,0,0
33,71,1020,7,36,1,0
24,31,1004,31,73,0,1
23,48,996,41,14,0,1
35,29,1019,37,73,1,1
40,69,1023,11,53,1,0
38,56,1005,16,65,1,1
32,44,1012,7,78,1,1
34,50,1016,10,63,1,1
40,61,1008,25,71,0,1
39,73,1003,4,88,0,1
29,91,1003,24,86,0,1
28,50,1002,29,81,0,1
27,88,1013,13,21,0,0
41,64,1022,14,96,0,0
19,47,1017,33,83,0,0
25,27,1024,26,52,1,0
32,83,1018,39,27,0,0
21,75,1001,24,45,1,1
27,52,1018,8,99,0,0
34,27,1010,3,6,0,0
38,33,1006,30,23,1,1
28,29,1009,8,88,0,0
25,60,997,25,78,0,1
28,68,1013,18,69,0,0
32,98,1022,16,11,1,0
41,61,1006,25,62,0,1
27,61,1005,27,18,0,0
35,56,1017,13,57,0,0
38,53,1009,13,57,0,0
29,47,999,27,62,0,1
39,63,1017,12,91,1,1
38,72,1022,17,45,0,0
26,72,1010,6,98,0,1
30,61,1000,30,57,0,1
19,55,1016,26,67,0,0
35,68,1003,27,90,0,1
30,83,1008,32,2,0,0
35,40,1011,33,88,0,1
36,27,1020,36,28,1,0
36,69,1021,6,89,0,0
34,59,1009,14,77,0,1
33,81,1005,18,14,0,0
33,38,1008,34,37,1,1
28,35,1019,27,66,0,0
39,50,996,27,8,0,1
28,31,1024,3,29,1,0
40,38,1007,26,76,0,1
29,30,1020,15,7,0,0
25,63,1011,22,62,0,1
30,82,1008,10,70,1,1
35,40,1002,16,88,0,1
26,95,1020,9,81,0,0
32,91,995,14,63,0,1
29,65,996,42,7,0,1
22,69,996,43,37,0,1
31,46,1002,34,31,0,1
41,80,997,7,48,0,1
40,55,1011,22,15,0,0
18,96,995,3,36,0,1
37,86,1015,43,36,0,1
38,39,1012,43,93,1,1
37,63,1009,24,14,0,0
35,94,1012,25,37,0,1
36,93,998,18,9,0,1
24,68,1017,3,93,0,0
30,61,999,21,89,1,1
24,94,1023,11,50,1,1
21,65,1020,6,32,0,0
40,27,995,37,40,0,1
24,29,1007,12,21,1,0
29,77,1017,22,18,1,1
25,90,1021,35,58,0,1
41,82,1020,25,61,0,0
32,61,1016,32,77,0,1
26,29,1024,37,61,1,0
20,44,1005,44,84,1,1
29,93,1004,25,38,1,1
23,98,1021,43,57,1,1
27,63,1007,12,38,0,0
34,40,995,42,59,0,1
27,75,1009,17,42,1,1
34,84,1024,33,69,0,0
21,32,1019,8,80,0,0
19,41,1019,5,25,0,0
22,29,999,28,68,1,1
18,32,1007,21,69,0,0
33,32,1024,41,78,0,0
27,57,1003,34,72,0,1
22,94,999,5,59,0,1
27,55,1008,14,59,1,1
31,50,1018,10,34,0,0
41,55,1013,3,65,0,0
22,58,1019,40,82,0,1
33,68,1000,27,21,1,1
41,64,1015,31,10,0,0
29,50,1000,4,96,0,1
22,78,1018,12,32,0,0
37,88,1005,29,80,0,1
21,36,1018,4,49,0,0
41,40,1002,28,69,0,1
27,62,1002,19,95,1,1
27,90,1006,21,73,0,1
24,30,1024,11,94,0,0
18,77,1018,20,86,0,1
41,30,1016,40,3,0,0
33,84,1004,27,78,0,1
39,80,1001,18,99,0,1
19,45,1019,26,21,0,0
31,50,1002,31,89,0,1
24,58,1019,37,76,1,1
26,39,1006,28,94,0,1
38,61,1001,33,10,0,1
30,92,1010,32,92,0,1
21,71,1020,27,52,1,1
33,60,1011,32,43,0,0
40,92,1022,43,41,0,0
29,77,1002,27,45,0,1
40,46,1019,29,52,0,0
34,88,1000,15,16,1,1
30,77,1003,43,25,0,1
33,54,1008,16,75,1,1
22,35,996,20,25,0,0
34,68,1014,24,24,0,0
29,89,996,11,97,0,1
27,79,1012,2,31,0,0
34,37,1016,4,84,1,1
25,98,996,38,10,0,1
27,86,1021,14,91,0,0
27,36,1008,28,66,0,1
36,45,1001,32,13,0,0
24,97,1017,13,92,0,1
41,63,1016,5,47,0,0
25,32,1022,36,72,0,0
24,45,1023,20,1,1,0
40,79,1002,14,96,0,1
41,66,1022,31,92,0,1
39,98,1004,9,13,0,0
38,86,1007,33,66,0,1
30,71,1009,8,51,1,1
40,98,1024,34,10,0,0
38,91,1009,9,54,0,1
20,44,1008,36,76,0,1
40,33,1024,26,15,0,0
25,82,1022,13,87,1,1
32,31,1007,20,68,0,0
18,72,999,26,88,1,1
26,28,1013,28,38,1,1
22,77,1023,26,92,1,1
30,62,1020,5,91,0,0
40,38,995,44,95,0,1
26,42,1022,6,78,0,0
33,60,1002,31,86,0,1
30,75,1005,3,98,0,1
30,61,1018,31,74,1,1
31,52,1023,16,44,0,0
26,96,1009,34,97,0,1
34,65,995,41,4,1,1
23,42,999,28,24,1,1
36,51,1007,8,89,0,1
25,55,997,28,67,1,1
35,87,1017,33,75,0,1
32,87,1007,13,7,0,0
26,65,1011,33,96,0,1
23,63,1003,43,31,1,1
33,36,1003,4,57,1,1
26,41,1008,6,25,0,0
18,59,1003,24,37,0,1
37,43,999,6,91,0,1
40,72,1017,39,51,0,0
35,33,1001,11,65,1,1
40,44,1002,11,15,0,0
35,44,1018,42,49,0,0
41,53,999,44,34,1,1
36,94,1017,11,6,0,0
30,99,1022,43,37,1,1
27,68,995,14,24,0,1
21,94,1012,29,4,1,1
22,95,1017,10,98,0,1
31,68,1001,25,8,0,1
22,33,1001,23,16,0,0
32,39,1023,33,32,1,0
19,85,998,19,84,1,1
23,87,1016,21,1,0,0
39,45,1000,33,69,1,1
39,48,1003,31,21,1,1
29,28,1013,17,11,1,0
38,97,1001,43,71,0,1
27,96,1014,34,58,1,1
34,37,1006,36,28,0,0
20,77,999,42,5,0,1
33,59,1012,12,50,1,1
32,99,1021,30,55,1,1
26,59,1017,10,17,0,0
38,80,1010,37,0,1,1
25,87,1000,30,39,1,1
41,68,995,37,86,1,1
34,99,1001,36,10,0,1
32,64,1010,22,46,0,0
41,91,1024,38,96,0,1
31,69,1008,13,62,0,1
41,62,1021,10,71,0,0
24,40,1018,44,6,1,0
19,84,1000,4,0,1,1
40,70,1011,19,67,1,1
21,47,1009,14,77,0,0
22,29,1021,23,27,0,0
35,53,999,36,19,0,1
37,26,1014,19,93,0,0
38,76,1020,23,92,1,1
27,30,1011,7,85,1,1
27,98,1003,23,91,0,1
24,58,996,27,74,0,1
37,57,1011,31,81,0,1
30,28,1013,4,91,0,0
39,30,1018,41,80,1,1
22,66,997,23,87,0,1
26,41,1000,44,68,0,1
21,45,1004,33,81,0,1
23,99,1008,21,92,0,1
33,72,1001,41,58,1,1
29,55,1004,44,42,0,1
28,90,1018,23,8,1,1
30,42,1015,26,96,1,1
36,25,995,16,28,0,0
38,43,996,21,51,1,1
38,92,1023,31,12,0,0
37,58,1022,21,49,0,0
41,89,997,44,23,0,1
38,35,1024,14,46,0,0
34,36,1021,12,9,0,0
39,87,1014,21,4,0,0
41,56,1021,5,47,0,0
31,42,1022,39,64,1,1
36,62,1022,22,62,0,0
27,32,1024,40,63,0,0
18,81,1005,30,94,1,1
23,99,999,32,83,0,1
27,59,1007,6,39,0,0
18,28,1021,19,23,0,0
26,69,1020,3,5,0,0
24,58,1018,11,56,0,0
24,46,1017,20,99,0,0
19,85,1021,40,85,0,1
32,95,1000,34,77,0,1
23,52,1012,28,48,0,0
19,64,1015,24,65,1,1
19,29,1011,35,21,0,0
24,71,1012,14,33,0,0
41,53,995,2,58,0,1
24,56,1008,25,18,0,0
40,69,1015,30,0,0,0
29,86,1023,28,78,0,0
32,74,1005,42,32,0,1
40,36,996,44,20,0,1
32,88,1017,22,49,0,0
38,70,1016,6,65,0,0
29,26,1023,37,70,0,0
18,38,1005,13,42,0,0
29,55,1006,11,39,0,0
36,31,1008,37,32,0,0
22,85,1002,41,59,0,1
24,85,1013,32,35,0,1
40,44,1000,13,75,0,1
27,63,997,20,44,0,1
27,62,995,7,7,0,0
25,78,1000,30,33,0,1
27,37,1024,23,84,0,0
26,66,1014,3,92,0,0
35,95,997,31,79,1,1
37,52,1021,38,2,1,0
22,97,1021,33,47,0,0
35,71,1020,41,2,0,0
35,34,1023,36,60,0,0
28,84,1005,28,54,0,1
20,37,1021,41,20,1,0
30,91,1000,32,23,0,1
29,85,1008,44,26,0,1
27,27,1007,28,81,1,1
41,70,1024,15,43,0,0
21,40,1013,11,90,0,0
22,69,997,18,82,0,1
32,68,1018,44,32,1,1
20,92,1013,33,23,0,0
35,91,1001,27,59,0,1
41,89,1013,35,59,0,1
34,45,997,29,88,0,1
27,46,1020,39,13,1,0
32,50,1002,14,93,0,1
26,74,1001,4,30,1,1
39,77,1007,39,77,0,1
35,48,1011,19,41,0,0
38,76,998,44,90,1,1
36,66,1024,22,67,0,0
18,77,1010,25,4,0,0
27,84,1001,18,54,1,1
22,66,999,25,70,0,1
40,38,1017,16,4,1,0
37,77,1020,10,29,0,0
33,85,1001,5,91,0,1
18,95,1003,35,41,0,1
20,69,1004,31,89,0,1
37,94,997,30,56,0,1
39,51,1013,23,73,0,0
34,48,1021,37,16,0,0
39,98,1004,39,80,0,1
36,28,1012,28,60,0,0
23,70,1001,35,17,1,1
30,49,999,40,28,1,1
31,57,1018,11,57,0,0
27,63,1010,29,75,1,1
36,69,1015,28,25,0,0
24,89,997,28,45,0,1
39,84,1000,10,74,1,1
26,53,1005,11,33,1,1
31,28,996,6,45,1,1
23,83,1009,9,19,0,0
38,79,1016,40,35,0,0
18,33,1017,27,59,0,0
26,82,995,14,78,1,1
31,70,999,12,31,0,1
21,39,1015,8,68,1,1
31,48,1018,36,68,0,0
31,93,1018,37,84,1,1
20,78,1019,28,35,0,0
23,86,995,4,87,0,1
39,63,1012,42,2,1,1
38,25,1015,27,51,0,0
23,65,1015,14,75,0,0
36,43,1013,7,47,0,0
40,43,1010,18,85,1,1
33,43,1009,36,46,0,0
33,44,999,20,41,0,1
29,73,1009,5,78,0,1
28,79,1017,16,51,0,0
24,37,1016,14,19,1,0
35,76,999,28,33,1,1
33,83,1015,17,80,0,1
18,78,999,28,51,1,1
40,40,1017,19,89,1,1
37,69,1018,30,53,0,0
34,51,999,23,71,1,1
20,96,1006,28,95,0,1
27,37,1018,16,50,0,0
37,57,1019,41,86,0,1
37,40,996,24,97,0,1
27,89,1016,34,88,0,1
35,48,999,38,54,0,1
40,34,996,34,79,0,1
35,51,1001,37,26,1,1
28,81,1024,4,28,1,0
36,49,1023,11,78,0,0
34,62,1001,15,29,0,1
35,38,995,5,48,0,1
21,88,1022,29,31,1,1
32,44,995,31,36,0,1
23,98,999,9,96,0,1
24,86,1009,24,57,0,1
40,97,1002,9,2,0,0
37,92,1011,39,1,1,1
31,89,1011,12,28,1,1
23,53,995,29,94,0,1
35,53,1005,42,95,0,1
19,72,1021,9,39,1,0
18,63,996,25,91,0,1
35,47,999,28,15,0,0
26,29,1021,9,81,0,0
28,70,1020,40,23,0,0
23,94,1010,10,49,1,1
24,29,1014,12,59,1,0
24,84,1012,4,68,0,0
33,36,1001,28,32,0,0
29,79,1014,38,14,0,0
18,92,997,9,4,0,1
40,54,1001,23,19,1,1
31,87,1005,18,30,1,1
35,86,1001,38,36,0,1
29,32,1019,19,27,0,0
34,35,1009,31,94,1,1
29,85,1001,41,35,0,1
27,87,1013,41,81,0,1
38,29,1019,18,82,0,0
41,63,1018,39,53,0,0
37,99,1016,40,66,1,1
34,35,1009,40,60,1,1
34,85,1006,14,57,0,1
28,67,1019,37,1,0,0
21,73,1021,13,57,0,0
29,71,1017,11,97,0,1
29,50,1001,33,32,1,1
37,93,1014,43,82,0,1
24,82,1016,35,50,0,1
27,50,1022,43,90,0,0
25,58,1011,7,26,1,0
20,71,1011,27,56,1,1
41,50,1021,6,46,0,0
20,54,1012,26,23,1,1
39,91,1021,9,49,0,0
31,59,1023,26,78,0,0
25,58,1019,20,42,0,0
30,70,1023,13,78,1,1
25,26,1002,24,58,0,1
27,51,1017,43,3,0,0
23,51,1009,41,83,0,1
40,88,1011,35,28,0,1
36,93,1021,13,16,1,0
21,30,1003,23,9,0,0
19,80,1015,32,57,1,1
34,54,1003,9,36,0,0
23,25,1003,22,70,0,1
32,48,999,39,28,1,1
31,99,998,11,97,1,1
37,98,995,19,75,0,1
29,49,1022,38,67,0,0
29,54,1010,39,91,1,1
41,65,1004,38,26,0,1
28,75,1023,8,12,0,0
40,87,1012,26,12,0,0
29,89,1012,22,61,0,1
34,84,1003,41,91,0,1
38,33,1018,22,93,0,0
21,80,1019,8,19,0,0
20,98,997,2,77,1,1
25,62,1018,35,23,0,0
22,37,1002,22,31,0,0
32,81,1010,31,70,0,1
29,50,998,44,89,1,1
28,67,1003,6,90,1,1
33,73,1022,44,50,0,0
35,83,1003,14,93,1,1
20,36,1003,42,78,0,1
35,71,1002,32,10,0,1
31,80,999,31,97,0,1
33,69,1021,27,28,0,0
24,68,1007,30,94,0,1
26,39,1014,3,2,0,0
40,77,1024,9,39,1,0
28,37,1002,42,36,0,1
31,89,1021,25,21,0,0
25,91,995,22,31,1,1
30,68,1003,33,51,0,1
22,42,1005,28,42,0,0
39,53,1015,30,8,0,0
24,29,995,16,56,1,1
23,28,1018,22,33,0,0
21,46,1008,5,7,0,0
31,53,1020,31,11,0,0
37,82,1003,3,0,0,0
32,58,998,19,11,0,0
27,94,1008,38,39,0,1
26,38,1008,18,61,0,0
39,77,1006,17,21,1,1
24,90,1007,9,64,0,1
26,29,1007,37,16,0,0
37,44,998,3,44,0,0
41,79,1021,43,1,0,0
35,25,1007,7,21,0,0
34,94,1014,4,69,0,1
34,74,999,36,22,0,1
35,34,1020,11,18,0,0
18,90,1022,33,96,0,1
32,42,1012,8,77,0,0
37,85,999,42,68,0,1
37,39,1020,25,82,0,0
26,40,1005,35,24,1,1
38,29,1005,44,8,0,0
26,89,1020,11,18,1,0
41,92,1008,31,6,1,1
24,46,1009,31,59,0,1
34,93,1002,43,5,0,1
22,34,1022,4,76,0,0
19,59,1014,29,22,0,0
20,56,996,17,15,1,1
39,44,998,34,85,1,1
32,48,1015,38,83,0,1
37,28,1024,32,85,0,0
22,99,1008,12,72,0,1
23,67,1003,38,41,0,1
37,38,1000,5,23,0,0
38,34,1016,44,15,1,0
35,49,1001,19,81,1,1
18,95,1004,9,31,1,1
31,41,1019,22,54,0,0
34,50,1002,30,16,0,0
35,99,1007,13,78,0,1
20,27,1000,36,72,0,1
21,78,1018,21,14,0,0
24,64,1001,9,95,0,1
39,61,1005,37,97,0,1
29,90,1003,39,92,0,1
39,39,1001,14,35,1,1
38,52,1004,20,16,0,0
21,82,1004,21,51,0,1
27,48,1014,6,31,0,0
28,51,998,24,86,0,1
19,45,1016,2,31,0,0
35,31,1016,39,69,1,1
40,82,1006,15,43,0,1
19,29,1020,24,11,0,0
30,71,1009,36,18,0,0
36,32,1017,14,22,0,0
27,26,1005,26,28,0,0
36,97,1003,39,28,0,1
41,32,1009,7,6,0,0
21,32,1022,14,87,1,0
40,85,1011,25,42,0,1
30,44,1010,15,2,0,0
23,59,1013,27,34,1,1
22,73,1004,22,28,0,1
24,92,1003,31,88,0,1
28,63,1022,26,82,0,0
40,77,1022,19,6,0,0
27,35,1017,10,34,0,0
40,89,1014,6,92,0,1
23,27,1015,14,94,0,0
40,27,1015,3,66,0,0
38,68,1019,10,67,0,0
37,74,1020,2,38,0,0
25,84,1018,10,83,0,0
38,26,1015,43,87,1,1
40,54,1016,19,57,0,0
27,72,1024,22,85,0,0
22,94,1004,44,65,0,1
21,52,1014,31,37,0,0
32,49,996,40,78,0,1
39,64,998,41,36,1,1
34,86,1000,42,75,0,1
18,67,1023,39,66,0,0
39,87,1002,31,46,0,1
40,67,1023,11,31,1,0
30,96,1014,8,64,0,1
26,47,1002,3,25,1,1
29,55,1020,20,4,0,0
20,40,1012,15,24,0,0
21,99,999,42,70,0,1
37,80,996,27,22,0,1
30,41,1019,23,26,0,0
23,38,1015,15,11,0,0
21,79,1023,26,44,0,0
33,90,1017,5,19,1,0
23,63,1007,42,33,0,1
39,89,1017,30,40,1,1
19,69,1011,44,65,0,1
19,25,1017,7,15,0,0
37,51,1013,29,34,1,1
21,73,1011,8,36,1,1
38,65,1011,42,13,0,0
19,72,1013,34,54,0,1
37,93,995,44,58,0,1
19,70,1021,3,18,1,0
25,81,1013,23,67,1,1
18,60,1001,26,28,0,1
35,28,1014,9,90,1,1
20,49,1015,15,43,0,0
22,98,1005,17,67,1,1
27,65,1012,21,5,0,0
34,81,997,17,51,0,1
41,58,1014,18,19,0,0
36,77,1011,5,17,0,0
20,54,1016,19,20,1,0
22,65,1016,24,29,0,0
32,65,1008,22,97,0,1
35,77,1010,7,47,1,1
27,55,1013,12,28,0,0
20,99,1015,31,82,0,1
20,36,1009,27,54,0,0
22,62,1023,13,18,0,0
20,54,1008,25,52,0,1
21,81,1016,29,15,1,1
41,77,1010,26,65,0,1
20,47,1023,42,93,1,1
41,89,995,9,33,0,1
21,53,1003,4,10,0,0
24,57,1002,26,87,0,1
34,53,1005,40,72,1,1
35,80,1019,29,44,0,0
32,60,995,7,75,0,1
24,89,1015,25,44,1,1
38,56,1024,2,31,0,0
38,54,1017,28,58,1,1
20,55,996,11,37,0,1
34,69,1011,24,17,0,0
37,44,1024,14,87,0,0
36,45,1000,8,92,0,1
37,93,1016,10,95,1,1
31,99,1001,31,42,0,1
36,62,996,29,31,1,1
18,81,1017,21,81,1,1
25,96,996,12,42,1,1
32,96,1013,2,54,1,1
38,68,1010,17,29,1,1
33,75,995,26,17,0,1
23,62,1006,4,42,0,0
35,37,995,39,63,1,1
30,37,1003,7,5,0,0
22,81,1015,15,3,0,0
34,66,1008,18,60,0,1
28,31,1003,24,35,0,0
41,56,1019,31,48,1,1
31,69,1020,15,47,0,0
32,75,1016,12,74,0,0
22,96,1020,7,31,0,0
29,94,1007,40,60,0,1
26,69,1010,2,70,1,1
38,72,1009,35,90,0,1
29,97,1000,27,38,0,1
25,55,997,25,14,0,1
28,54,997,39,42,0,1
40,66,1004,4,89,0,1
38,45,1003,14,52,1,1
22,62,1007,25,37,1,1
30,88,1006,39,80,1,1
33,85,1020,13,81,1,1
27,26,1002,44,17,0,0
31,88,1001,34,92,0,1
18,26,997,33,35,0,1
35,87,999,17,39,1,1
25,52,1024,26,6,0,0
40,69,1001,33,0,1,1
21,31,1000,7,52,1,1
26,54,1016,40,72,0,1
36,70,995,27,63,0,1
40,39,1013,43,15,0,0
36,70,1001,35,57,0,1
40,41,1007,28,65,0,1
21,91,1020,15,10,1,0
26,27,1004,2,8,0,0
29,25,1010,31,71,0,0
27,57,1000,42,50,0,1
36,99,1024,12,13,0,0
29,44,1014,6,64,1,1
27,85,1009,29,44,1,1
39,37,1006,26,22,0,0
29,71,1007,3,83,0,1
38,90,1011,17,67,0,1
23,89,1003,22,81,0,1
31,67,996,5,6,1,1
20,28,1022,21,34,0,0
38,69,1008,32,21,1,1
21,66,1023,8,31,0,0
30,78,1008,7,15,0,0
33,40,999,25,42,1,1
28,83,997,32,78,0,1
19,68,1014,31,15,1,1
38,89,1010,7,45,0,0
28,57,1014,18,54,0,0
31,64,1019,23,89,0,0
23,33,999,6,81,0,1
29,84,1006,23,5,1,1
32,79,1009,18,2,1,1
38,33,1018,33,2,1,0
28,36,1023,22,97,0,0
37,91,998,18,80,0,1
34,88,1016,3,41,0,0
28,77,1002,30,19,0,1
19,36,1022,35,5,0,0
29,49,1007,18,75,1,1
25,69,1002,33,95,0,1
18,39,1012,21,2,0,0
39,84,1022,38,20,0,0
40,42,1011,32,63,0,0
39,69,998,36,74,1,1
35,51,998,18,69,0,1
22,82,1019,19,56,1,1
26,98,1004,37,84,0,1
25,25,1010,27,48,0,0
24,90,1015,10,68,0,1
22,80,1009,9,4,0,0
34,97,996,34,21,1,1
32,89,1001,24,5,1,1
27,36,1007,14,1,0,0
28,92,996,17,94,0,1
25,32,996,16,4,0,0
26,81,1016,30,18,0,0
31,86,1024,6,32,0,0
36,41,1018,29,41,1,0
24,51,1006,29,51,0,1
35,46,998,12,81,1,1
33,95,1015,36,36,0,1
34,57,1010,16,12,0,0
41,47,1021,2,31,0,0
33,54,996,19,58,0,1
40,54,1012,6,68,0,0
41,38,1007,19,67,0,0
37,39,1001,14,97,0,1
22,25,1022,32,19,0,0
39,88,1023,39,9,0,0
28,54,1019,17,57,0,0
18,61,1020,29,26,0,0
22,30,1019,14,61,0,0
31,64,1003,43,8,1,1
21,58,1024,39,80,0,0
40,47,1024,21,55,0,0
38,66,1019,28,9,0,0
38,84,1019,23,12,0,0
29,33,1019,41,75,1,1
23,88,1019,29,9,0,0
21,35,1015,39,25,0,0
29,65,1009,24,40,0,0
24,84,1010,16,51,0,1
36,54,1006,44,27,0,1
20,75,997,27,29,0,1
28,44,1008,32,33,1,1
20,87,1010,43,51,1,1
29,83,995,44,82,1,1
32,74,1010,40,41,0,1
34,67,1022,6,0,0,0
41,53,1009,5,43,0,0
41,55,1014,11,10,1,0
23,48,1001,13,49,0,1
21,92,1015,38,96,0,1
40,99,995,41,99,0,1
39,71,1011,19,2,1,1
24,49,1012,41,42,0,0
24,98,1006,20,78,1,1
22,52,1007,33,56,0,1
40,98,1002,42,69,0,1
27,80,1009,44,97,0,1
20,51,1019,4,20,0,0
35,33,1012,2,3,0,0
40,58,1021,16,31,1,0
29,38,1017,2,31,0,0
33,97,1010,32,65,1,1
35,69,1018,4,61,0,0
40,34,1000,23,13,0,0
25,39,1008,16,51,1,1
29,66,1013,41,68,1,1
28,76,1008,15,63,0,1
34,53,1017,27,26,0,0
20,84,1023,36,69,0,0
20,57,1004,14,28,0,0
39,82,1019,35,9,1,1
29,27,1013,34,46,0,0
30,31,996,23,83,1,1
33,38,1024,24,51,0,0
26,60,1000,24,9,0,0
18,94,999,16,56,0,1
30,30,999,3,16,0,0
29,78,1008,8,89,0,1
31,97,1008,18,24,0,1
30,53,1021,30,81,1,1
34,30,1006,39,2,1,1
40,71,995,30,2,0,1
31,42,1004,41,76,0,1
37,95,1005,6,28,1,1
27,90,997,27,22,0,1
27,35,1013,17,95,0,0
28,46,1020,34,23,0,0
31,42,1001,6,7,1,1
22,37,1013,30,65,0,0
22,56,1000,3,68,0,1
36,59,1013,16,98,1,1
18,62,1016,18,79,1,1
20,94,1014,4,93,0,1
39,30,1000,42,45,0,1
28,80,1000,21,46,0,1
28,90,1000,27,90,1,1
40,70,1008,32,23,0,0
22,65,1019,30,30,0,0
19,36,999,28,55,0,1
24,61,998,11,28,1,1
38,65,995,30,80,0,1
19,32,1017,33,99,1,1
24,45,995,3,74,1,1
29,29,1023,40,65,0,0
28,37,1023,33,42,1,0
28,52,995,40,25,0,1
31,52,1014,8,34,0,0
35,46,1020,4,45,1,0
25,28,1009,40,75,1,1
27,86,1014,35,25,0,0
40,42,1014,25,41,0,0
23,78,1014,14,31,0,0
19,82,1001,28,77,0,1
25,97,1015,44,98,0,1
25,59,1012,15,51,1,1
34,32,999,3,80,0,1
31,65,1003,10,26,0,0
29,66,1016,38,49,1,1
30,89,1000,41,72,0,1
25,54,996,19,27,0,1
41,56,1021,33,55,0,0
41,59,1024,34,54,0,0
31,57,998,31,78,1,1
21,54,1004,44,11,1,1
33,34,1016,24,10,1,0
31,38,1000,43,16,0,1
27,34,1008,21,48,1,1
24,26,998,25,81,0,1
25,46,1014,6,1,0,0
29,43,1001,5,86,1,1
35,50,1001,33,96,0,1
41,75,1021,24,37,0,0
30,55,1024,7,44,0,0
33,69,1007,13,80,1,1
20,73,1000,25,93,0,1
38,68,1021,23,1,0,0
41,68,1010,2,90,0,1
22,85,1024,43,90,0,1
35,95,1019,32,31,0,0
28,34,1016,32,40,0,0
20,77,1010,29,34,1,1
41,79,1012,8,48,0,0
24,28,1005,17,58,0,0
23,44,1013,23,84,0,0
32,58,1013,28,43,0,0
40,80,1017,44,82,1,1
21,77,1013,39,39,0,1
26,34,1004,31,9,0,0
35,68,1019,44,82,1,1
21,36,1022,25,12,1,0
23,96,1020,35,8,1,1
36,89,1010,9,73,0,1
34,83,1019,32,58,1,1
24,62,997,9,64,0,1
36,67,1022,27,10,1,0
19,45,1013,27,75,0,0
40,29,1003,11,57,0,0
21,98,1018,38,40,0,1
33,46,1017,17,60,0,0
32,72,1015,21,36,1,1
22,76,1011,27,61,0,1
37,40,1001,31,65,1,1
25,25,1020,4,7,1,0
28,85,1015,6,25,1,1
34,90,1013,41,91,0,1
25,25,1008,12,38,0,0
32,98,998,22,27,0,1
37,97,1007,28,55,0,1
22,55,1011,40,9,0,0
30,42,1006,9,86,0,1
24,39,997,19,37,0,1
23,83,1014,34,20,1,1
41,26,1019,42,18,1,0
24,28,997,35,9,0,0
33,25,1006,21,51,0,0
18,35,998,36,76,0,1
27,88,1000,12,95,1,1
37,54,1020,11,53,0,0
18,82,1015,16,66,0,0
36,28,1006,26,97,0,1
23,36,1009,18,0,0,0
19,28,1014,3,89,0,0
25,76,995,40,69,1,1
39,51,1013,11,54,0,0
27,91,1014,4,51,0,0
35,34,1000,14,11,0,0
39,96,1020,6,99,0,1
22,53,1016,15,73,0,0
40,96,1015,38,27,1,1
38,52,1004,28,84,0,1
32,57,1017,38,46,0,0
27,47,1022,35,4,0,0
23,66,1009,24,27,0,0
35,49,1001,3,79,0,1
21,26,1011,39,73,0,1
32,36,1013,44,96,0,1
39,72,1023,19,43,0,0
19,95,1003,19,72,0,1
18,29,1010,15,57,1,1
28,47,1007,28,78,0,1
33,64,1012,43,22,0,0
25,80,1001,30,75,1,1
36,93,1024,40,27,0,0
38,86,1017,22,74,0,1
24,40,1024,34,90,1,1
33,29,1008,19,40,0,0
27,39,998,5,88,0,1
27,70,1019,4,34,1,0
26,46,1010,10,23,1,0
22,69,1009,37,13,0,0
37,60,1021,18,89,0,0
20,43,1003,41,57,1,1
21,44,1000,13,28,0,0
21,90,1009,31,22,0,1
38,46,999,5,74,0,1
28,33,1018,43,95,1,1
34,99,1011,37,65,1,1
32,52,997,30,51,0,1
30,74,1016,32,70,0,1
33,55,1000,39,3,1,1
20,88,1013,10,45,0,0
41,50,1022,14,85,0,0
25,72,1020,42,62,1,1
20,31,1014,3,32,0,0
29,77,1004,42,90,0,1
21,47,1015,37,93,0,1
40,45,1002,40,54,0,1
30,46,1001,25,60,0,1
35,86,1017,27,9,1,1
23,35,1010,31,3,0,0
24,47,1007,11,76,0,1
27,53,1010,4,99,0,1
21,40,1003,7,41,1,1
21,47,1023,13,41,0,0
36,53,1013,23,87,0,1
30,78,1008,17,65,0,1
18,36,1011,8,13,0,0
29,72,1019,25,64,0,0
18,48,1009,7,84,0,0
21,57,1017,11,35,0,0
33,97,998,21,7,0,1
26,67,1018,38,40,0,0
21,25,1014,29,44,0,0
22,76,1024,22,79,0,0
20,50,998,18,26,0,1
39,69,1020,39,34,1,1
24,27,1000,14,45,0,0
33,57,1009,40,59,0,1
31,48,1012,42,32,0,0
24,70,1020,2,78,0,0
30,79,996,4,99,0,1
29,87,1016,40,51,0,1
22,36,1021,21,86,0,0
24,68,996,15,54,0,1
24,92,1014,38,45,0,1
19,29,1023,4,7,0,0
19,77,1006,21,28,0,1
22,51,1023,5,28,1,0
21,33,995,24,66,0,1
23,73,1009,31,75,0,1
33,92,1001,44,15,0,1
31,69,1003,26,49,0,1
39,55,999,23,26,0,1
39,77,1011,21,87,0,1
37,67,1002,6,1,1,1
21,58,997,21,72,0,1
32,29,1023,42,55,0,0
40,37,1020,23,95,1,1
32,35,1024,17,46,0,0
23,99,1020,11,15,0,0
24,74,1009,7,61,0,0
37,86,998,14,53,1,1
25,75,1011,11,32,1,1
22,25,1015,22,88,0,0
26,64,1008,37,23,1,1
33,99,1007,37,0,0,1
38,97,1001,4,15,0,1
40,78,1007,21,82,0,1
27,84,1019,20,14,0,0
34,48,1010,18,59,0,0
34,28,996,32,65,0,1
32,84,1010,44,92,0,1
38,54,1018,15,27,0,0
29,58,1008,26,11,0,0
26,85,1002,21,41,0,1
26,92,1017,7,91,0,1
36,82,1016,25,33,0,0
36,48,1014,35,26,0,0
18,70,998,44,38,1,1
24,78,1005,21,83,0,1
38,97,1021,29,24,0,0
19,33,1013,16,52,1,1
33,90,1020,30,96,1,1
24,73,1009,18,8,0,0
19,83,1009,21,42,0,1
21,83,1024,12,79,0,0
19,58,1003,23,30,0,1
38,85,1015,37,39,0,1
35,58,1016,29,48,0,0
25,86,1004,25,34,1,1
34,83,1013,30,21,0,0
33,54,999,42,59,0,1
38,35,1018,29,78,0,0
25,75,1009,20,49,0,1
20,55,1004,9,16,0,0
25,69,995,12,20,1,1
38,82,1017,29,80,0,1
31,68,1019,31,24,0,0
22,70,1021,27,62,0,0
29,81,1003,32,3,0,1
18,30,995,26,90,1,1
20,41,996,33,21,1,1
38,71,998,39,12,1,1
40,88,1007,21,32,0,1
28,42,1007,22,11,0,0
37,31,1021,8,1,1,0
38,53,1007,13,76,0,1
34,83,1002,4,38,1,1
25,70,996,7,57,0,1
38,78,1006,42,47,0,1
37,51,1009,14,22,0,0
20,49,995,33,23,0,1
27,97,1012,2,38,0,0
28,29,1021,5,71,0,0
34,39,1012,7,65,1,1
24,53,1023,25,45,1,0
41,39,1006,21,3,0,0
26,34,1003,24,70,0,1
33,39,1001,9,70,1,1
35,75,1001,42,60,0,1
35,54,1001,24,36,0,1
19,77,1003,19,46,1,1
29,47,1011,8,23,0,0
38,98,1010,44,97,0,1
35,93,1008,32,39,0,1
26,30,1015,18,39,0,0
30,67,996,2,58,0,1
35,89,1008,21,55,1,1
21,78,1000,26,15,0,1
32,31,1017,12,32,0,0
22,69,1009,42,7,0,0
36,74,1021,32,3,0,0
22,78,1022,40,95,0,1
18,97,1010,8,29,0,0
29,28,1000,39,46,0,1
19,93,1002,31,18,1,1
33,46,995,23,71,0,1
35,93,1019,30,12,0,0
39,97,1017,11,47,0,0
38,83,1015,41,74,0,1
21,79,1024,25,68,0,0
20,31,1018,23,11,0,0
20,99,1000,44,35,1,1
18,91,1010,36,77,1,1
24,67,1010,32,23,1,1
18,87,1018,11,17,0,0
30,28,1019,13,55,1,0
29,62,1010,26,55,0,1
36,36,1002,37,57,0,1
22,35,1011,29,55,0,0
19,53,1019,35,77,0,0
33,26,1022,12,30,1,0
30,68,1020,35,53,0,0
27,70,1016,32,82,0,1
20,81,1002,6,85,0,1
29,57,1015,17,25,0,0
34,55,998,28,35,0,1
27,27,1024,33,14,0,0
19,87,1022,35,0,0,0
23,29,1014,10,27,0,0
40,68,1010,8,77,1,1
32,47,1005,5,42,0,0
23,55,1011,10,90,0,1
23,88,998,44,66,1,1
35,56,1010,22,47,0,0
29,87,1003,8,13,0,0
27,35,1001,20,18,0,0
23,96,995,24,59,1,1
19,60,1016,3,78,1,1
38,90,1000,23,92,0,1
22,48,1020,3,45,0,0
40,65,997,16,54,0,1
23,75,1011,39,90,0,1
33,45,1002,25,23,1,1
25,44,1009,41,34,1,1
18,80,1003,19,80,0,1
37,35,1024,28,13,0,0
29,41,1002,27,77,0,1
32,49,1019,28,42,1,0
33,49,1021,19,9,1,0
18,78,998,24,6,0,1
18,53,1019,41,25,0,0
25,93,995,16,99,0,1
29,44,1012,41,1,0,0
23,95,1001,14,96,0,1
40,69,1018,21,91,0,1
34,37,1023,17,55,0,0
29,27,1018,26,8,0,0
24,84,1005,11,2,0,0
34,26,1015,17,9,0,0
34,84,1020,25,75,0,1
33,33,1000,2,77,0,1
35,97,1021,20,99,1,1
26,98,1003,18,47,0,1
37,31,998,11,20,1,1
34,85,1022,15,51,0,0
19,91,998,16,83,0,1
22,90,1022,23,72,1,1
31,89,1014,37,65,0,1
36,65,1013,20,94,0,1
23,94,1011,8,40,0,0
35,25,1016,23,83,0,0
38,65,1023,34,72,1,1
37,79,1005,37,92,0,1
31,87,1014,26,53,0,1
26,59,1008,31,54,0,1
30,25,1009,26,19,0,0
37,89,1009,21,82,1,1
18,40,1021,19,76,0,0
27,38,1014,30,74,0,0
41,41,1022,4,61,1,0
18,25,1000,5,21,0,0
29,81,1024,41,89,0,1
24,63,1001,15,89,1,1
36,80,1018,26,95,1,1
20,45,996,21,74,0,1
39,99,997,37,75,0,1
38,60,1023,31,43,1,0
29,53,1010,37,91,0,1
31,71,1024,44,9,0,0
23,40,1022,27,20,0,0
26,54,999,11,94,1,1
24,83,1006,42,59,0,1
33,87,1015,4,31,0,0
40,42,1015,12,60,0,0
29,75,1014,3,40,1,1
26,35,1023,14,55,1,0
22,88,1000,38,32,0,1
40,84,1018,9,16,0,0
40,81,1005,31,10,0,1
25,80,1015,22,98,1,1
27,70,1012,24,25,0,0
37,99,1004,2,62,0,1
23,40,999,28,69,1,1
33,77,1017,44,43,1,1
40,44,1013,30,71,1,1
22,36,1004,38,80,0,1
21,87,1020,13,17,0,0
37,73,1002,14,58,1,1
20,63,1012,22,70,0,1
40,87,996,40,65,0,1
32,40,1018,27,71,1,1
24,35,1018,37,17,0,0
34,66,1001,2,6,0,0
38,40,1010,15,42,1,1
19,55,1001,10,40,0,0
27,88,1022,5,33,0,0
23,82,1016,5,49,0,0
30,59,1013,12,74,1,1
19,78,1009,9,97,0,1
41,72,1007,32,48,0,1
31,25,1018,28,32,0,0
41,39,999,38,3,0,0
24,46,1018,12,5,1,0
24,98,1008,27,36,0,1
36,84,1002,29,35,0,1
21,84,1001,2,72,0,1
21,97,1024,36,46,0,0
22,89,1005,6,62,0,1
41,41,1013,38,87,0,1
26,62,1021,14,89,0,0
40,73,1020,7,34,1,0
29,35,1017,3,93,1,1
30,70,1009,16,41,0,0
26,93,1016,28,98,0,1
24,31,1001,35,33,0,1
22,92,1001,4,84,0,1
26,85,1014,41,11,0,0
33,98,1005,8,81,0,1
34,43,1016,4,33,0,0
24,76,1009,21,95,1,1
24,86,999,5,10,0,1
37,51,1023,19,36,1,0
37,71,1015,26,19,0,0
34,39,1012,39,88,0,1
36,84,1009,34,92,1,1
20,54,1013,11,88,1,1
28,30,1013,15,57,1,1
39,42,1019,23,56,1,0
20,90,1018,37,81,0,1
25,32,999,14,6,1,1
22,69,1014,15,50,0,0
39,80,1005,35,44,0,1
33,40,1007,6,46,1,1
37,26,1002,31,9,0,0
28,77,1023,41,15,0,0
34,62,1012,16,94,0,1
31,54,998,27,10,0,1
27,53,1022,16,92,0,0
29,75,1010,39,72,0,1
39,64,1001,33,39,0,1
41,65,1013,40,82,0,1
41,49,1003,28,23,0,0
28,83,1016,39,78,0,1
39,85,1024,12,92,0,0
26,66,1023,16,80,0,0
39,87,1011,44,10,0,1
39,54,996,2,57,0,1
22,78,1003,6,23,1,1
36,39,1024,10,45,0,0
34,44,1019,26,8,1,0
30,61,1022,29,13,0,0
22,36,997,42,62,0,1
18,89,1004,44,59,0,1
40,87,1017,25,91,0,1
20,65,1020,17,79,0,0
37,80,1014,12,7,0,0
18,30,1022,9,61,0,0
19,46,995,44,84,0,1
24,30,1012,9,23,1,0
36,52,1021,6,82,1,1
29,71,1017,14,52,1,1
19,64,1008,32,5,0,0
31,55,1000,17,62,1,1
21,63,1010,37,6,1,1
40,96,1004,28,1,0,1
38,25,1000,13,90,0,1
41,41,1003,19,55,0,1
35,93,1010,10,53,0,1
41,70,995,42,72,1,1
30,64,1005,44,50,1,1
27,50,1002,12,24,1,1
37,99,1006,11,51,1,1
24,59,1011,41,94,1,1
36,38,999,24,89,0,1
29,64,1006,2,33,0,0
40,95,1001,2,17,0,1
27,25,1009,16,27,1,0
25,70,1007,22,48,0,1
26,44,1014,9,13,0,0
20,79,1007,22,52,1,1
39,67,1000,28,67,0,1
40,82,1016,18,37,0,0
25,95,1002,42,96,1,1
35,40,1012,39,88,1,1
22,89,1023,23,45,0,0
39,62,1003,34,85,0,1
40,60,1000,40,28,0,1
26,48,1013,34,29,0,0
37,92,1017,33,64,1,1
31,50,1016,35,96,0,1
40,32,1024,23,55,1,0
19,73,1024,7,34,0,0
34,64,1008,11,51,0,0
25,67,1010,4,14,0,0
28,63,1013,16,19,0,0
41,28,1003,40,24,0,0
22,73,1021,29,87,1,1
33,70,1005,41,82,1,1
27,25,996,23,16,0,0
35,53,1015,15,71,0,0
40,37,1022,31,4,1,0
26,38,1000,11,32,1,1
23,41,998,7,60,0,1
34,93,1013,8,23,0,0
36,86,1005,4,29,0,0
23,46,1019,12,71,0,0
40,32,1017,30,79,1,1
25,69,995,43,4,0,1
34,46,1008,39,31,0,0
37,46,1024,34,4,1,0
31,31,1023,10,58,0,0
24,95,1011,44,58,1,1
32,77,1002,28,3,0,1
18,93,1013,6,68,0,1
29,95,1009,14,75,0,1
30,62,995,7,12,0,0
37,61,1007,10,80,0,1
37,42,1019,16,86,0,0
23,42,995,40,73,0,1
24,62,1002,35,72,0,1
26,31,1003,18,98,0,1
19,67,1010,34,84,0,1
39,78,1013,8,53,0,0
35,81,1008,17,69,0,1
28,82,1004,5,73,1,1
30,67,1004,25,4,0,0
20,69,1021,2,62,0,0
20,73,1013,14,31,0,0
40,82,1014,24,29,0,0
24,54,999,33,69,1,1
29,92,1021,36,15,0,0
32,76,996,7,13,1,1
27,50,1012,5,56,0,0
23,49,1009,30,33,1,1
40,60,1022,2,71,0,0
32,43,1006,31,73,1,1
38,51,1014,26,72,1,1
38,48,1018,8,67,0,0
41,82,1015,36,68,0,1
19,48,1004,17,3,0,0
31,37,999,12,57,0,1
34,35,1009,9,92,0,0
41,29,1023,5,55,0,0
28,72,1010,36,32,0,1
38,29,999,22,88,1,1
36,56,1012,35,78,1,1
38,97,1017,6,68,0,0
26,31,1020,2,51,0,0
29,94,1014,20,79,1,1
35,29,1019,7,56,0,0
34,42,1015,11,22,0,0
35,92,1014,33,46,1,1
23,67,999,15,65,1,1
25,87,1007,6,46,0,1
35,80,1013,21,21,0,0
32,86,1006,5,66,1,1
34,83,998,40,6,0,1
32,31,1009,5,97,0,0
29,43,1009,39,26,1,1
30,86,1021,15,93,0,1
27,56,995,25,28,0,1
34,49,1022,37,60,0,0
41,74,1018,31,64,0,0
19,32,1018,21,29,0,0
27,57,1005,42,82,0,1
40,93,1015,6,17,1,1
20,96,1018,41,86,0,1
24,45,1014,25,52,0,0
35,63,1022,28,38,1,0
18,53,1004,11,75,0,1
30,55,1021,7,26,0,0
32,33,1015,7,5,0,0
28,43,1010,42,22,0,0
23,83,1011,21,20,0,0
18,64,1020,11,33,0,0
21,99,1004,8,15,0,1
36,56,1007,13,26,0,0
32,32,998,9,86,0,1
33,58,1016,24,56,0,0
29,95,999,27,27,1,1
34,62,1008,10,99,0,1
37,77,1010,39,14,0,0
18,99,1016,7,55,0,0
35,36,1001,3,40,1,1
37,68,996,43,98,0,1
39,25,999,31,69,0,1
31,77,1000,27,63,0,1
25,68,1023,44,33,1,1
19,32,1015,26,93,0,0
24,72,1018,10,79,0,0
19,46,1013,22,11,0,0
39,94,1004,15,32,0,1
30,50,1008,25,47,0,0
30,79,1024,11,73,0,0
31,36,1016,39,46,0,0
26,51,1004,13,85,0,1
21,81,1008,13,44,1,1
40,86,1016,35,20,0,0
27,34,1014,31,63,0,0
34,69,1011,29,44,0,1
31,34,996,15,80,1,1
35,59,1010,19,51,1,1
22,64,1000,16,34,0,1
28,48,1020,15,86,0,0
32,42,1015,40,18,0,0
35,57,1006,39,12,0,0
38,25,1006,25,0,0,0
37,93,1001,33,48,0,1
32,27,1011,16,50,1,1
38,98,1015,27,40,1,1
18,45,1005,17,98,1,1
28,73,995,42,95,0,1
27,93,1019,44,11,1,1
29,75,1003,8,79,1,1
24,38,1002,28,49,1,1
20,51,1024,35,25,1,0
25,56,1003,3,71,1,1
36,57,1016,3,66,0,0
32,45,1008,41,81,0,1
24,44,995,10,8,0,0
23,39,1014,39,40,0,0
39,94,1001,18,69,0,1
26,70,1000,5,15,1,1
40,53,1003,5,61,0,1
25,86,1018,7,39,0,0
31,69,1009,36,5,0,0
37,41,1014,7,27,1,0
30,44,1020,18,53,0,0
24,88,1014,38,42,0,1
21,78,1022,8,99,0,0
34,61,1011,36,66,0,1
26,61,1022,43,88,0,1
24,95,1017,5,60,1,1
35,74,1001,11,47,1,1
40,32,1013,30,42,0,0
41,98,1013,15,51,0,1
37,61,1010,40,91,0,1
19,84,1020,42,31,0,0
20,90,1008,41,51,0,1
34,53,1010,39,69,0,1
25,83,1017,3,25,0,0
41,40,1020,22,25,0,0
31,92,1012,44,47,1,1
36,49,1002,19,50,1,1
24,81,1011,4,85,0,1
21,50,1010,15,80,0,1
31,79,1006,18,72,0,1
25,66,1006,38,19,0,1
32,48,1023,35,35,0,0
40,40,1002,28,38,0,1
29,28,1009,26,69,0,0
39,48,1015,7,96,1,1
33,91,1022,3,37,1,0
24,45,1013,19,34,1,1
20,84,1017,2,62,0,0
27,88,996,18,40,1,1
26,81,1022,12,16,0,0
35,87,1002,30,71,0,1
25,96,1008,14,16,1,1
23,28,1019,8,16,0,0
39,74,1000,31,73,0,1
24,38,1016,43,21,0,0
27,26,997,43,10,0,1
31,54,1003,14,29,0,0
18,71,1001,44,48,1,1
33,41,1000,16,66,1,1
26,68,1013,19,31,0,0
22,68,1000,13,57,0,1
27,41,1001,8,62,1,1
28,58,1015,3,77,1,1
28,97,1001,5,77,0,1
25,76,1011,31,89,0,1
27,36,995,35,81,0,1
30,92,1004,29,81,1,1
39,34,1002,24,76,1,1
33,68,1009,30,79,0,1
23,96,996,19,42,0,1
27,43,1014,35,58,1,1
29,29,996,42,33,0,1
31,78,1009,3,91,0,1
24,72,1013,36,78,1,1
25,27,1013,24,82,0,0
24,29,1017,14,33,0,0
21,96,1005,2,40,0,1
23,37,1023,23,28,0,0
31,92,1002,18,36,0,1
21,64,1010,12,90,0,1
19,96,1001,2,1,1,1
30,67,997,35,79,1,1
24,59,1016,33,25,1,1
31,79,1005,32,54,1,1
36,87,995,22,19,1,1
28,69,1014,2,2,0,0
34,61,1000,11,44,1,1
31,84,1007,32,67,1,1
34,42,1005,43,52,1,1
26,91,995,20,5,0,1
29,26,1015,26,27,0,0
22,41,999,20,3,1,1
34,62,1007,31,95,0,1
41,51,1004,12,57,0,1
34,54,1024,19,29,0,0
33,99,1016,5,14,0,0
33,28,997,22,62,1,1
36,63,1022,35,32,0,0
25,96,1022,43,85,1,1
28,51,1017,2,91,1,1
31,48,1013,41,50,0,0
40,48,1004,23,73,0,1
24,82,1009,9,92,0,1
36,59,1003,15,95,0,1
18,59,1021,2,69,0,0
24,96,1007,30,79,0,1
39,77,1004,5,24,0,0
30,64,1002,24,6,0,0
18,71,1022,37,26,0,0
29,92,1000,14,24,1,1
38,45,1009,4,36,1,0
32,79,1012,36,40,0,1
28,32,1024,31,0,0,0
21,58,1019,35,12,1,0
38,76,1000,37,24,1,1
32,79,997,29,67,0,1
19,37,1009,6,59,0,0
23,41,1019,32,91,0,0
18,28,1012,25,31,0,0
33,45,1024,4,96,0,0
30,38,1000,6,28,0,0
21,83,1017,15,63,1,1
27,98,1023,28,57,0,0
24,32,1018,21,35,0,0
24,30,1013,26,2,0,0
32,32,1019,16,0,0,0
21,78,1004,17,49,0,1
21,34,1014,31,99,0,1
29,98,1019,12,33,0,0
36,28,1011,32,47,1,1
24,94,995,28,11,1,1
26,25,999,8,81,0,1
41,50,1004,41,43,1,1
39,46,1021,4,81,0,0
37,83,1000,21,77,1,1
22,54,1005,42,83,0,1
22,53,1009,26,76,0,1
32,81,1018,20,16,0,0
21,46,1004,22,88,0,1
28,35,1021,28,18,0,0
21,78,1019,20,16,1,0
21,35,1020,15,12,0,0
33,52,1024,42,62,0,0
34,74,1019,27,6,1,0
32,40,1015,18,89,0,0
37,47,999,10,86,0,1
28,72,1002,28,65,0,1
27,62,1021,5,84,0,0
40,67,1006,15,51,0,1
25,85,1003,22,47,0,1
29,63,1011,16,11,0,0
25,91,1024,30,0,1,0
27,55,1020,11,29,1,0
29,83,999,10,10,0,1
34,67,1007,18,86,0,1
26,79,1012,31,41,0,1
35,65,1004,34,42,0,1
27,52,1008,20,25,1,1
19,38,1020,35,82,0,0
25,94,1014,40,44,0,1
24,57,1000,17,71,1,1
35,38,1012,37,14,1,1
31,72,1009,12,1,0,0
35,92,1009,13,58,1,1
21,45,1010,7,65,1,1
26,68,1021,25,62,0,0
26,98,1005,3,94,1,1
18,25,1016,35,75,0,0
40,52,1014,13,26,1,0
28,26,1006,32,65,0,1
23,43,1022,7,38,0,0
37,88,1020,18,69,0,0
26,29,1015,24,68,0,0
27,92,1006,11,59,1,1
35,48,999,14,99,0,1
20,28,1003,27,43,1,1
27,97,995,17,45,1,1
31,79,1012,29,19,0,0
29,88,1005,14,67,1,1
39,81,1007,23,37,1,1
38,91,1019,16,10,1,0
40,41,1020,24,97,0,0
22,86,995,8,66,0,1
33,68,1003,15,89,0,1
33,41,1006,5,80,0,0
38,99,1013,31,17,0,0
26,97,1006,32,15,1,1
30,47,1008,40,1,0,0
41,48,999,30,41,1,1
30,37,1004,30,65,1,1
33,28,1013,6,38,0,0
25,80,1019,28,51,1,1
21,71,1012,3,58,0,0
22,68,1004,39,91,0,1
29,48,1022,34,38,0,0
24,33,1014,16,86,1,1
39,60,1004,29,55,0,1
22,28,1013,16,93,0,0
40,53,1016,36,56,0,0
33,59,1008,34,70,0,1
41,72,1006,28,69,0,1
34,96,1015,42,82,0,1
28,47,1007,43,52,1,1
23,81,1006,4,47,0,1
27,86,1007,9,25,1,1
20,65,1005,39,1,1,1
26,49,1013,33,63,0,0
28,34,1023,36,67,0,0
29,52,1005,15,57,0,1
19,79,996,34,19,0,1
39,50,1014,2,64,1,1
40,99,1022,16,13,0,0
18,94,1018,24,53,1,1
31,30,1002,26,16,0,0
40,40,1020,34,57,0,0
40,65,1024,18,58,1,0
38,87,1008,40,41,0,1
37,30,1021,27,69,0,0
39,84,1020,18,39,0,0
38,78,1001,21,66,0,1
28,68,1024,20,60,1,1
30,57,1000,3,22,1,1
37,39,996,31,88,0,1
18,32,1014,15,57,0,0
41,56,1019,29,15,1,0
33,36,1006,35,37,0,0
32,46,1010,25,2,0,0
29,71,1013,39,62,0,1
26,45,1007,14,65,0,0
33,50,997,29,60,0,1
40,86,995,19,13,0,1
26,68,1018,31,2,0,0
26,37,1024,17,50,0,0
22,27,1003,2,64,0,0
28,74,1008,17,96,1,1
27,87,1019,11,76,1,1
20,38,1015,39,0,1,0
22,68,995,42,56,1,1
25,69,1022,3,94,0,0
36,50,1003,31,7,0,0
24,92,1002,37,20,0,1
25,99,1015,23,55,1,1
22,31,1004,14,83,0,1
19,77,1008,26,55,1,1
31,92,1000,8,12,1,1
34,97,996,21,86,0,1
37,49,1024,18,38,1,0
27,83,1019,29,89,0,1
29,47,1008,18,78,1,1
36,56,1023,23,19,1,0
21,89,1013,44,25,0,1
21,30,999,23,72,0,1
35,76,1011,14,80,1,1
27,49,1012,16,58,0,0
36,95,1005,41,79,0,1
28,29,1020,40,47,0,0
37,43,1022,27,78,0,0
37,45,1009,36,43,1,1
37,99,1017,40,72,1,1
21,64,1010,37,27,1,1
23,68,1024,13,1,0,0
18,70,1022,32,91,1,1
22,31,1008,17,49,1,1
23,85,1015,11,31,0,0
24,73,1021,15,22,1,0
38,75,1024,26,52,0,0
20,79,1020,5,36,0,0
26,52,1017,17,69,0,0
40,45,1020,4,58,0,0
24,51,1024,43,96,0,0
25,41,999,10,7,0,0
22,79,997,9,68,0,1
32,82,1021,41,75,0,1
37,52,1019,37,66,1,1
22,36,1017,38,3,0,0
23,66,1000,28,53,1,1
33,67,1000,21,17,0,1
29,41,1015,23,81,0,0
37,36,998,43,4,0,1
33,29,1020,20,5,0,0
38,31,1004,40,85,0,1
27,86,1023,23,56,0,0
31,55,1006,5,21,0,0
20,88,1007,21,82,0,1
37,85,998,7,78,0,1
19,60,1012,16,75,0,0
26,31,1016,9,10,0,0
21,77,1019,22,24,0,0
22,90,1015,9,97,1,1
19,52,1005,22,41,0,0
24,46,1008,14,20,0,0
27,89,995,25,66,0,1
36,65,1007,5,22,0,0
26,42,1018,37,89,1,1
18,49,1014,18,50,0,0
39,80,1017,36,67,1,1
30,86,1024,13,2,1,0
18,42,1007,8,76,0,0
30,86,1024,12,13,1,0
25,55,1000,20,18,0,0
24,79,997,10,5,1,1
25,79,1011,36,98,0,1
24,46,1005,29,17,0,0
39,58,1008,34,3,1,1
37,44,1011,36,67,0,1
18,88,1019,6,17,0,0
37,59,1017,7,90,0,0
26,76,1022,20,84,0,0
27,31,999,26,91,1,1
22,84,1023,18,96,0,0
40,54,1021,10,19,0,0
36,92,1007,39,11,0,1
32,29,999,26,87,0,1
31,58,1003,15,90,0,1
40,62,1008,6,26,0,0
31,95,1008,19,31,0,1
26,44,1023,44,89,0,0
22,78,1019,15,24,1,0
36,85,1014,41,7,1,1
25,47,1003,33,33,0,1
35,68,1009,16,92,0,1
40,89,1019,23,70,0,1
35,56,995,44,12,0,1
26,86,1019,44,66,1,1
26,84,995,43,83,0,1
30,93,998,9,88,0,1
22,66,1011,29,69,0,1
39,66,998,3,30,0,1
30,55,1023,34,52,0,0
26,89,1006,38,95,0,1
31,26,1021,6,73,1,0
22,26,1003,43,39,1,1
23,61,1015,19,26,0,0
19,68,1002,5,93,0,1
21,97,1003,13,13,0,1
23,71,1017,5,64,0,0
40,82,1010,10,43,0,0
39,77,1010,9,91,0,1
31,41,997,32,3,0,0
41,70,1010,41,49,1,1
20,87,1014,17,21,0,0
19,92,1020,35,6,0,0
31,67,1011,38,13,0,0
37,90,1001,5,93,0,1
18,25,995,37,63,0,1
22,94,1001,41,23,1,1
21,79,1019,26,2,0,0
21,81,1017,14,60,1,1
40,48,1005,38,32,0,1
39,76,1013,38,86,0,1
29,53,1021,15,80,1,1
38,89,1011,39,3,0,0
35,84,1007,9,94,1,1
41,88,999,4,78,0,1
19,60,1019,7,3,1,0
24,42,1022,23,9,1,0
40,92,1021,20,89,0,1
20,64,1005,17,83,1,1
40,56,1003,43,37,0,1
25,96,1005,43,41,0,1
32,61,1008,27,56,0,1
37,96,1011,5,99,1,1
36,27,1003,40,65,1,1
23,52,1010,35,92,1,1
39,40,1006,36,74,0,1
33,93,1014,9,50,1,1
21,84,1004,15,62,0,1
22,80,1000,31,18,0,1
34,35,1008,6,44,0,0
41,34,1007,14,35,0,0
26,43,1014,8,14,1,0
31,72,996,15,3,0,1
28,93,1010,30,27,0,1
40,75,1003,23,63,0,1
25,70,1024,16,22,1,0
29,43,1006,12,59,0,0
28,27,1010,33,8,0,0
22,89,997,36,75,0,1
33,32,1023,28,8,0,0
31,47,1023,27,85,0,0
26,97,997,17,12,1,1
41,86,1019,37,59,0,1
26,46,1003,21,2,0,0
35,60,1004,37,20,0,1
25,33,1010,28,78,0,1
33,84,1015,40,15,0,0
23,85,1000,39,65,0,1
24,86,1022,17,46,0,0
32,58,1014,15,59,0,0
20,26,1012,15,55,0,0
29,70,1000,9,38,1,1
24,68,1021,17,90,0,0
18,75,995,40,53,1,1
32,43,1022,24,63,0,0
24,73,1021,21,60,1,1
26,47,1007,8,30,0,0
28,50,998,19,53,0,1
20,65,1022,27,5,0,0
29,33,1023,35,11,0,0
18,31,997,21,4,0,0
23,80,1017,34,1,0,0
31,38,1021,43,10,0,0
37,44,1014,17,97,0,0
30,86,1014,22,63,0,1
21,29,1015,39,86,0,0
27,51,997,14,8,0,0
27,68,1007,25,41,0,1
36,82,1011,31,4,0,0
32,69,1011,6,96,0,1
32,49,1005,30,44,1,1
33,75,1024,32,33,0,0
21,57,1018,18,10,0,0
34,34,1020,7,80,0,0
36,28,1024,21,63,0,0
26,99,1017,34,30,1,1
22,61,995,7,44,0,1
34,84,1018,25,30,0,0
28,28,1023,40,82,1,1
31,77,1010,10,21,1,1
19,40,999,13,51,0,1
20,97,1021,29,38,0,0
26,52,1009,22,92,0,1
24,81,1005,20,74,0,1
38,58,1011,20,73,0,1
26,99,1000,32,65,0,1
32,93,1012,31,34,0,1
33,41,996,17,20,0,0
18,38,1010,10,7,1,0
30,57,1016,31,6,0,0
22,95,1006,18,57,0,1
29,69,1010,26,26,0,0
27,95,1008,43,59,1,1
33,96,998,33,80,0,1
28,30,1016,15,91,0,0
18,88,1004,34,79,0,1
37,94,1016,26,19,0,0
33,25,1015,31,26,1,0
33,45,1003,25,47,1,1
27,95,1024,31,44,0,0
30,91,1005,41,17,0,1
23,66,1014,28,78,0,1
36,86,1000,21,19,1,1
19,62,1000,2,75,1,1
24,44,1022,41,82,0,0
23,97,998,24,73,1,1
34,52,1016,21,46,0,0
19,49,1021,4,86,0,0
25,54,1021,29,46,0,0
40,81,1019,25,0,0,0
29,74,997,18,74,0,1
24,88,1012,30,97,1,1
39,96,1015,22,57,0,1
34,77,1009,16,39,0,0
36,89,1007,39,73,0,1
29,39,1015,6,1,0,0
26,89,1007,33,97,1,1
31,62,1019,39,50,1,1
24,94,1023,38,82,0,1
38,42,1021,29,71,0,0
27,30,1020,17,93,0,0
41,69,1014,8,6,0,0
27,38,1018,13,92,0,0
24,82,1015,10,45,0,0
24,68,1008,12,95,0,1
23,59,1000,25,72,0,1
31,75,1024,31,26,1,0
38,94,1005,19,51,1,1
37,76,1005,38,39,0,1
23,81,1020,9,29,1,0
27,35,1009,6,2,0,0
19,96,1016,31,40,0,1
29,34,995,25,82,0,1
28,73,997,2,16,1,1
30,76,1020,37,4,0,0
36,39,1006,43,63,0,1
40,50,1023,5,49,0,0
25,56,998,12,36,0,1
23,85,998,28,80,0,1
20,33,1021,37,29,0,0
26,79,1017,21,5,0,0
41,46,1000,25,61,1,1
39,40,998,14,36,1,1
36,41,1010,2,84,1,1
18,54,1014,25,45,1,1
32,53,997,14,82,0,1
32,40,1024,44,2,0,0
22,50,1022,16,72,1,1
39,61,1015,43,28,0,0
28,44,1006,21,90,0,1
35,58,999,17,11,1,1
37,75,1015,8,57,0,0
23,73,1002,38,9,1,1
41,95,996,24,94,0,1
33,34,1011,22,91,0,1
30,34,1020,29,12,0,0
34,30,1006,30,76,0,1
21,40,1015,20,46,1,1
23,94,1023,6,58,0,0
19,27,1000,32,42,0,1
31,34,1021,25,21,1,0
33,54,1010,44,3,1,1
33,96,1018,17,90,1,1
40,44,1013,21,83,0,0
36,42,1007,18,58,0,0
22,52,1019,21,84,0,0
27,33,1023,39,64,0,0
35,83,1017,40,57,0,1
38,80,1020,16,80,1,1
32,99,1018,7,27,1,1
33,87,1020,22,75,0,1
38,81,1012,11,21,0,0
36,52,999,2,33,0,0
29,92,1006,25,39,0,1
22,88,995,16,12,0,1
30,28,1009,41,47,1,1
23,39,1001,6,86,0,1
29,67,998,14,49,1,1
39,47,1022,17,34,0,0
33,72,1001,14,52,0,1
24,42,1016,37,52,0,0
25,27,1024,30,72,0,0
29,70,1022,43,48,0,0
30,81,996,2,85,1,1
27,82,1023,11,62,1,1
24,85,995,27,4,0,1
30,51,1006,31,49,0,1
22,61,996,39,70,0,1
37,26,1004,44,20,0,0
33,44,1005,32,42,0,1
35,84,1020,6,1,1,0
35,63,1016,12,10,0,0
30,92,995,19,94,0,1
27,84,1024,23,39,0,0
20,95,1019,21,70,0,1
26,27,1005,18,83,0,1
37,57,1010,24,67,0,1
25,32,999,34,24,0,1
24,83,995,42,32,1,1
29,63,1019,42,95,0,1
39,90,1012,10,28,0,0
31,77,1008,40,75,0,1
39,30,1007,41,22,0,0
19,66,1000,17,73,0,1
37,98,1005,22,24,0,1
19,78,1021,26,59,0,0
38,68,1005,27,59,0,1
41,84,995,34,41,0,1
31,82,1013,38,39,0,1
38,69,999,40,11,1,1
31,62,1010,43,60,0,1
18,98,997,12,10,1,1
26,25,1022,39,97,0,0
19,83,998,5,9,0,1
33,96,1023,7,93,1,1
32,87,1019,24,20,0,0
28,70,1002,7,52,0,1
36,87,1018,7,61,0,0
19,65,1010,39,58,1,1
22,34,1024,8,92,0,0
21,52,1002,36,1,1,1
28,97,1000,2,26,1,1
26,64,1022,22,91,0,0
35,75,1018,10,25,1,0
23,83,1015,13,62,0,0
27,91,1011,30,70,0,1
28,59,1013,23,79,0,1
23,45,1024,8,94,0,0
34,28,996,2,9,0,0
20,34,1003,18,66,0,1
20,28,998,33,10,0,0
24,94,1017,36,31,0,0
27,61,1024,27,97,0,0
40,99,1012,22,42,0,1
20,26,1001,6,52,0,0
26,87,1024,9,31,0,0
27,67,1017,44,66,0,1
19,84,1011,7,12,1,1
41,52,1018,7,7,1,0
25,25,1007,2,9,1,0
40,44,1024,14,57,0,0
20,58,996,31,36,0,1
38,82,1003,25,8,0,1
21,32,1024,42,92,0,0
20,62,1022,20,31,0,0
36,52,1018,36,7,1,0
40,78,1002,24,31,0,1
20,87,997,37,92,1,1
19,83,1016,26,65,0,1
26,47,1003,21,54,1,1
24,42,1004,33,72,1,1
18,99,995,31,4,1,1
27,84,1007,28,71,0,1
37,90,1024,13,90,1,1
39,64,1009,32,6,0,0
36,31,1006,15,33,0,0
33,97,995,13,33,0,1
35,70,1006,19,36,0,1
30,84,1010,37,83,0,1
18,76,1014,42,41,0,1
39,63,1017,34,40,0,0
32,81,1002,23,56,0,1
20,96,996,23,24,1,1
25,41,1010,40,14,0,0
20,57,1002,40,17,1,1
22,31,1004,17,27,0,0
35,71,1017,21,30,0,0
19,53,1012,10,58,0,0
29,36,1013,43,83,0,1
20,65,1015,44,12,0,0
19,59,1014,9,32,0,0
21,37,1018,10,98,1,1
34,68,1008,11,68,1,1
41,56,1024,4,15,1,0
34,48,996,24,52,0,1
19,93,1012,30,73,0,1
27,85,1012,17,86,0,1
29,40,1022,27,85,0,0
18,93,1011,44,45,0,1
21,90,1019,7,61,1,1
20,37,1006,19,37,0,0
22,83,1009,10,44,0,0
19,73,1003,27,86,0,1
23,82,998,31,56,0,1
29,68,1014,40,29,0,0
29,41,996,29,3,1,1
31,37,1011,4,20,0,0
23,50,1000,19,5,0,0
35,49,1010,25,29,1,1
28,96,1020,10,69,0,0
30,31,1004,19,69,0,1
38,68,1016,31,10,1,1
22,32,999,11,14,0,0
35,79,997,42,9,0,1
36,87,1018,27,33,0,0
25,63,1022,6,99,0,0
27,78,1000,26,76,0,1
21,74,1018,28,81,1,1
35,39,1011,30,4,1,0
37,58,1011,34,48,0,1
35,29,1024,24,37,1,0
21,33,1017,4,85,0,0
25,80,1020,32,85,0,1
27,27,1019,15,45,0,0
21,56,1020,2,1,0,0
30,49,1002,19,97,0,1
41,67,1012,18,98,0,1
20,33,1004,2,58,0,0
31,34,1020,20,49,1,0
25,29,1023,39,4,0,0
36,25,1023,37,31,0,0
31,33,1013,12,47,0,0
26,49,1011,9,57,1,1
19,34,1021,28,12,1,0
31,50,999,20,38,1,1
34,61,1006,20,26,0,0
29,91,1020,5,46,0,0
19,42,997,19,69,0,1
25,67,1012,28,47,0,0
39,58,1005,14,95,1,1
33,38,1001,8,11,0,0
40,30,1002,28,12,0,0
27,83,1008,33,72,0,1
29,35,1016,37,71,0,0
18,87,1006,6,77,0,1
34,82,1016,32,25,0,0
20,87,1005,6,63,1,1
27,34,1006,19,61,0,0
40,59,997,2,16,0,0
23,35,1008,29,38,0,0
28,82,1015,41,3,0,0
23,55,996,44,88,0,1
33,99,1008,41,58,0,1
40,45,1023,4,65,1,0
35,45,1019,5,42,0,0
41,45,996,24,50,1,1
30,90,997,33,93,0,1
37,51,1017,17,30,1,0
23,69,1016,3,86,1,1
25,79,1003,41,71,0,1
34,62,1017,35,0,0,0
33,70,1018,15,89,1,1
37,65,1018,37,23,1,1
33,46,1005,42,48,0,1
37,91,1015,12,7,0,0
27,30,1011,39,70,1,1
23,91,1021,43,25,0,0
38,52,1012,33,52,1,1
34,80,1014,30,83,1,1
35,29,1016,7,61,1,0
23,34,1004,22,43,1,1
30,98,1010,20,69,0,1
26,70,1018,11,39,0,0
36,86,997,7,28,0,1
29,39,1019,39,20,0,0
24,44,1004,3,31,1,1
41,28,1001,4,24,0,0
26,50,1002,19,87,0,1
19,25,1010,17,62,0,0
21,87,1005,27,5,0,1
28,25,1003,28,70,0,1
20,85,1003,3,73,0,1
18,42,1000,39,41,0,1
25,28,997,5,64,0,1
38,79,1013,22,57,0,1
24,93,996,4,78,1,1
40,98,1003,24,13,0,1
30,40,1014,9,97,0,0
25,49,1003,14,17,1,1
19,36,1010,14,74,0,0
40,83,1015,25,52,1,1
31,27,1016,9,81,0,0
20,79,996,44,27,0,1
24,86,1008,30,1,0,0
27,73,1019,8,17,0,0
26,51,1022,42,23,0,0
19,46,1018,37,91,0,1
35,66,995,11,8,0,1
30,71,1012,6,30,0,0
24,65,1013,21,85,0,1
38,33,1023,28,16,0,0
25,68,1024,30,82,0,0
19,84,1002,32,3,0,1
26,78,995,41,60,0,1
41,69,1011,23,72,0,1
37,66,1015,28,57,1,1
19,97,996,11,65,1,1
20,58,1001,29,8,0,0
39,63,1023,14,98,0,0
32,32,1001,6,69,0,0
20,35,1000,28,84,0,1
20,53,1018,37,40,1,1
23,34,1014,21,89,1,1
40,70,1006,14,73,1,1
29,85,1019,3,25,0,0
22,86,1002,43,72,0,1
37,35,1002,23,79,0,1
27,34,1019,20,3,0,0
34,38,1004,7,30,0,0
26,50,996,43,3,0,1
23,54,1017,29,60,0,0
31,60,1004,11,4,0,0
29,46,1021,40,1,1,0
33,88,997,9,59,0,1
38,43,1009,21,57,0,0
27,47,1018,13,8,0,0
35,44,995,4,7,1,1
32,96,1009,23,95,1,1
29,82,1003,42,78,0,1
37,57,1016,12,57,1,1
34,70,1006,6,38,0,0
33,33,1023,24,46,1,0
37,47,1018,8,45,0,0
21,92,1018,15,24,1,1
29,70,1007,20,11,0,0
33,57,1009,38,5,1,1
38,67,1021,37,49,0,0
40,97,1022,36,66,0,1
40,54,999,37,75,0,1
40,92,1018,37,57,0,1
24,90,1005,6,91,0,1
26,81,1021,14,49,0,0
19,89,1007,24,33,0,1
25,72,998,37,81,0,1
28,76,1018,37,94,1,1
31,45,1011,31,71,0,1
36,88,1013,40,0,0,0
30,29,1006,30,2,0,0
21,99,1020,3,28,0,0
29,88,1020,20,9,0,0
30,85,996,31,85,0,1
24,89,1020,26,47,0,0
25,92,1022,5,7,0,0
33,43,995,38,33,0,1
33,69,1024,7,35,0,0
19,32,997,36,26,0,1
34,79,1005,10,93,0,1
23,38,1016,12,68,0,0
24,41,1000,37,2,0,0
18,53,1017,18,48,0,0
39,95,1007,41,71,1,1
24,97,1005,35,90,1,1
39,91,1012,41,71,0,1
19,40,1020,42,50,0,0
41,71,1016,44,83,0,1
32,72,1024,29,69,0,0
40,82,997,9,65,1,1
34,95,995,37,67,1,1
38,70,1008,29,15,1,1
23,80,1007,29,16,0,1
35,83,1002,13,99,0,1
19,49,1015,23,73,0,0
32,84,1003,42,97,0,1
35,47,1006,8,95,0,1
41,40,1020,9,93,0,0
19,86,996,30,41,1,1
28,76,1021,21,55,0,0
33,59,1002,13,31,1,1
38,91,1000,28,2,0,1
18,44,1001,42,0,0,0
29,28,1001,11,85,0,1
24,39,1013,40,57,0,0
31,42,1004,4,69,0,0
40,88,1003,32,84,0,1
18,27,1023,7,96,0,0
40,82,1015,2,21,0,0
25,53,1006,20,58,0,1
33,43,999,23,82,0,1
22,49,1018,2,27,0,0
36,38,1021,7,95,0,0
25,61,1016,9,9,1,0
24,88,1024,5,44,0,0
39,45,1023,2,29,1,0
30,50,996,21,60,1,1
23,67,1011,10,36,0,0
37,41,1003,26,44,0,1
27,34,1014,24,32,0,0
30,49,1012,38,99,1,1
32,79,996,5,77,1,1
35,72,1003,33,71,1,1
34,37,1002,44,8,0,0
32,82,995,13,24,0,1
39,40,1013,17,98,0,0
38,77,1008,4,23,0,0
31,46,996,37,30,0,1
22,43,1004,22,1,0,0
32,77,1019,31,97,0,1
29,41,1010,10,2,0,0
31,27,1000,24,20,0,0
30,93,995,20,33,1,1
28,84,1004,41,1,1,1
24,51,1015,10,0,0,0
18,72,997,33,76,0,1
34,66,998,21,11,1,1
21,75,1001,34,47,0,1
31,51,1009,43,84,0,1
33,43,998,11,21,0,0
19,42,1010,20,88,0,1
23,51,1009,32,43,0,0
27,45,1009,32,35,0,0
36,88,1008,11,48,0,1
28,26,1005,9,18,1,0
21,38,1016,18,62,1,1
20,60,1015,31,20,0,0
40,80,1006,9,98,0,1
27,87,1018,8,61,1,1
27,74,1014,29,13,1,1
24,29,995,10,81,0,1
27,82,995,21,57,0,1
19,50,1005,26,97,0,1
18,55,1000,23,65,0,1
41,74,998,37,33,0,1
29,28,1009,5,4,0,0
29,64,998,36,58,0,1
37,55,1008,7,69,0,0
27,54,1020,4,32,0,0
32,92,1012,11,21,0,0
36,28,1019,38,70,0,0
36,32,995,9,82,0,1
37,79,1010,10,50,0,0
30,61,1021,3,63,1,0
35,77,1019,20,25,0,0
21,67,1023,32,57,1,1
28,83,1008,5,39,0,0
26,33,996,36,52,1,1
21,38,1015,42,7,0,0
30,91,1024,15,82,0,0
21,25,1022,11,12,0,0
21,41,1009,30,66,1,1
38,70,1013,5,56,0,0
29,55,1024,3,0,0,0
22,72,1008,11,20,0,0
20,74,998,40,32,0,1
25,94,996,27,41,0,1
36,60,1007,22,89,0,1
33,37,1024,33,4,1,0
26,61,998,43,47,1,1
26,80,999,12,93,0,1
39,99,1015,7,25,0,0
31,59,1004,37,21,0,1
30,35,1006,34,85,0,1
29,95,1011,11,37,1,1
36,54,1005,35,32,0,1
27,36,1003,24,92,0,1
37,34,1023,20,22,0,0
28,83,1010,33,53,1,1
36,72,1000,44,16,0,1
39,60,1018,41,60,1,1
31,82,996,23,52,0,1
29,66,1001,6,39,0,1
18,98,1005,28,86,0,1
30,98,1015,37,15,1,1
29,50,998,29,43,0,1
21,47,1002,25,94,0,1
20,58,1000,29,48,0,1
33,95,1002,8,36,0,1
35,45,996,28,7,0,1
36,36,1016,41,21,0,0
35,71,1018,33,10,1,1
31,38,1006,37,2,0,0
24,63,1016,2,24,0,0
27,96,1003,16,7,0,1
20,43,1024,10,82,0,0
31,25,997,35,24,0,1
35,57,1003,8,29,0,0
30,37,1004,39,73,0,1
28,93,998,36,45,1,1
40,29,1006,29,86,1,1
24,31,998,33,27,0,1
24,32,1008,31,2,0,0
23,95,1010,7,79,0,1
29,46,997,16,86,0,1
19,90,1011,20,68,0,1
35,65,1018,32,21,0,0
33,28,1015,42,44,0,0
25,33,1012,32,34,0,0
35,65,1018,23,47,0,0
39,54,1009,22,25,0,0
24,99,1020,40,83,1,1
19,44,1009,21,11,0,0
35,48,1002,38,29,0,1
40,61,1021,11,96,1,1
41,74,1022,13,19,0,0
22,50,1008,8,42,1,1
28,56,1001,24,83,0,1
21,89,1020,29,89,0,1
21,93,1018,3,31,0,0
41,70,997,11,5,0,0
37,74,1008,14,58,0,1
37,87,1004,27,18,0,1
30,58,1014,41,17,0,0
33,96,1010,41,86,0,1
30,50,1000,2,65,0,1
21,75,1014,4,86,0,0
27,52,1006,19,1,0,0
37,80,1018,41,22,0,0
24,69,1009,15,36,1,1
22,47,1003,11,26,0,0
18,95,1009,9,10,0,0
37,52,996,44,83,0,1
27,61,997,10,85,0,1
40,75,1011,26,75,0,1
26,60,1022,30,41,0,0
29,54,1022,12,83,0,0
32,74,995,26,26,0,1
23,65,998,40,86,1,1
39,81,1005,27,86,1,1
23,31,1006,40,60,1,1
39,72,1012,43,60,0,1
20,54,1010,25,66,0,1
25,43,1018,21,56,0,0
35,82,999,44,92,0,1
27,87,998,36,56,1,1
28,89,1004,13,61,1,1
32,80,1014,17,33,0,0
39,75,1005,15,93,0,1
26,61,1008,40,11,0,0
28,51,1018,42,42,0,0
37,37,1009,9,68,1,1
29,36,1003,5,39,0,0
18,37,1012,43,24,0,0
19,85,1011,27,20,0,0
33,76,1014,11,86,1,1
25,75,999,13,41,1,1
39,36,1018,18,64,1,0
22,99,1004,7,78,0,1
40,47,1000,39,48,0,1
24,61,1010,39,98,1,1
24,41,1013,27,19,0,0
23,87,1001,38,82,1,1
24,36,1019,16,91,0,0
33,47,1014,27,14,0,0
21,59,1023,28,95,1,1
22,68,996,39,36,0,1
41,93,1012,18,65,0,1
20,82,995,8,8,1,1
22,80,1018,9,12,0,0
28,39,1018,19,83,0,0
28,85,1023,25,83,0,0
23,93,1007,11,69,1,1
24,72,995,10,89,1,1
32,84,1014,23,32,1,1
33,29,1015,28,40,0,0
33,56,1023,40,46,1,1
22,79,996,13,18,1,1
40,93,1017,26,98,0,1
23,60,1014,8,85,0,0
38,63,1006,12,75,0,1
32,96,1005,19,73,0,1
20,44,1006,4,83,1,1
29,78,1018,17,53,0,0
26,38,1014,15,21,0,0
37,83,996,19,97,0,1
27,66,1004,4,84,0,1
27,95,1016,24,75,0,1
25,37,995,32,50,1,1
36,37,1023,8,46,0,0
21,47,1014,12,55,0,0
19,74,1006,36,48,1,1
23,77,1002,21,21,1,1
30,43,1009,40,30,0,0
27,51,1010,41,42,1,1
19,93,1005,8,71,1,1
35,85,1001,42,50,0,1
36,76,1012,16,52,1,1
22,55,1006,31,9,0,0
29,30,1021,21,91,1,1
30,73,1014,11,4,0,0
22,32,1024,18,66,1,0
36,30,1004,17,44,1,1
25,44,1002,8,58,0,0
37,27,1015,33,29,0,0
34,49,1012,26,8,0,0
32,43,1009,40,34,0,0
30,40,997,32,54,0,1
33,25,1012,15,61,0,0
20,87,1023,23,79,1,1
35,53,1019,3,63,0,0
26,44,1017,38,96,1,1
23,46,1015,20,14,0,0
24,93,1014,40,1,1,1
41,85,1009,29,64,0,1
38,91,1024,2,58,0,0
30,71,1007,19,32,1,1
21,84,996,27,50,0,1
33,66,1010,6,5,0,0
22,56,1015,20,50,0,0
32,96,1005,2,67,0,1
39,82,1021,28,12,0,0
24,96,1006,25,17,1,1
33,98,1009,25,44,1,1
30,65,1015,17,22,1,0
26,42,998,13,74,0,1
38,56,1023,8,35,1,0
23,62,1016,5,45,0,0
27,74,1024,43,72,0,0
21,50,1023,29,10,0,0
41,75,1004,40,6,1,1
29,44,996,31,72,1,1
23,41,1009,34,58,0,1
27,68,1017,23,79,0,0
25,44,1023,25,50,0,0
18,90,999,19,79,0,1
20,49,1004,25,12,0,0
28,63,996,20,27,0,1
35,35,1011,36,83,0,1
19,89,1003,23,50,0,1
26,95,998,39,65,1,1
34,61,1020,36,50,0,0
20,91,995,25,62,1,1
23,75,1024,44,37,0,0
35,91,1007,37,47,1,1
24,96,1015,3,74,1,1
22,79,1000,20,93,1,1
29,86,1011,37,83,0,1
27,48,1022,34,28,1,0
21,30,1020,15,56,0,0
36,33,1024,33,76,1,1
38,92,1022,24,60,0,0
40,99,1001,43,97,0,1
31,51,1010,28,1,0,0
26,38,1009,27,7,0,0
25,52,998,39,74,0,1
41,52,1003,19,48,0,1
20,62,1022,15,0,1,0
21,35,1005,41,3,0,0
41,34,1011,8,63,0,0
41,89,1022,34,12,0,0
40,82,1019,43,84,0,1
22,81,996,4,29,0,1
35,47,1002,10,65,1,1
33,87,998,6,0,0,0
27,48,1021,16,96,0,0
31,42,1019,23,43,0,0
24,48,1007,42,69,0,1
35,96,1022,17,48,0,0
26,50,1020,31,26,0,0
36,28,1013,20,97,1,1
32,34,1016,43,35,1,1
23,94,1009,30,88,0,1
20,74,1004,15,53,0,1
38,79,1005,11,78,1,1
40,80,1023,18,32,0,0
32,34,1023,43,86,0,0
31,71,1016,42,91,0,1
40,95,1018,44,36,1,1
23,95,1022,24,24,0,0
36,46,1016,44,70,0,1
31,46,997,34,84,1,1
41,91,1007,42,56,0,1
25,89,1018,4,80,0,0
36,48,1003,16,55,1,1
34,43,1003,39,82,0,1
34,69,1015,30,33,0,0
23,56,1022,9,37,0,0
36,79,1003,29,61,1,1
36,63,1002,32,62,0,1
30,25,1005,3,34,1,0
19,69,1006,34,81,0,1
27,39,1008,5,82,1,1
25,25,1014,23,53,1,1
18,39,1023,16,13,1,0
34,30,1003,32,89,1,1
36,83,1017,40,39,0,0
18,31,1024,5,0,1,0
33,59,1008,14,80,0,1
21,89,1013,31,38,0,1
29,56,1006,2,40,0,0
29,26,1003,13,59,1,1
21,85,1006,36,21,1,1
35,80,1015,41,50,0,1
21,50,1017,24,40,1,1
37,75,1001,2,29,0,0
40,48,1016,6,88,0,0
39,82,1016,38,33,0,0
25,44,999,18,51,0,1
38,74,1012,29,49,0,1
25,85,1006,19,49,0,1
33,54,1011,35,93,1,1
32,49,1016,29,32,0,0
33,36,1011,37,15,0,0
25,33,1008,10,63,1,1
21,91,1016,11,88,0,1
35,35,1013,20,12,0,0
20,98,1000,41,26,0,1
27,77,1021,8,91,0,0
30,96,1021,15,43,0,0
39,52,1017,13,23,0,0
39,86,1020,23,57,0,0
33,92,1000,3,30,0,1
32,55,1019,9,75,0,0
19,83,1016,12,16,0,0
38,46,1023,34,54,0,0
38,26,1018,43,51,0,0
30,86,1009,7,9,0,0
26,93,1007,42,82,1,1
28,61,1001,14,69,0,1
28,34,1003,5,77,0,0
32,45,1004,26,69,0,1
29,57,1024,37,24,0,0
32,62,1024,15,49,0,0
20,74,1023,37,3,0,0
24,91,1001,9,43,1,1
41,72,1024,26,80,0,0
21,88,1011,19,3,0,0
39,69,1019,4,11,1,0
39,46,1001,40,99,0,1
36,53,1008,8,40,0,0
30,45,998,40,98,0,1
38,70,1001,19,88,0,1
37,32,1021,21,81,0,0
37,91,1017,39,17,1,1
31,80,1015,23,7,1,1
29,72,1001,28,34,0,1
25,44,1002,5,30,0,0
30,50,1011,30,90,0,1
35,93,1006,3,41,0,1
39,39,1010,34,66,0,1
33,90,1011,2,35,0,0
19,57,1023,7,42,0,0
28,29,1024,11,90,0,0
39,91,1023,39,25,0,0
24,27,1000,43,47,1,1
41,80,1003,17,42,1,1
28,81,1015,32,53,1,1
30,60,1024,44,0,0,0
20,57,1017,27,60,0,0
26,93,1023,7,58,0,0
38,69,1007,24,34,0,1
19,81,1004,10,76,0,1
33,29,995,41,21,0,1
19,82,1015,8,24,1,1
32,51,1016,35,80,1,1
19,61,1020,27,44,0,0
22,93,1014,8,22,0,0
20,69,997,7,94,0,1
32,60,999,4,50,1,1
38,41,1003,27,21,0,0
40,99,1020,11,86,0,1
21,51,1000,35,57,0,1
35,31,1015,14,5,0,0
27,77,999,44,67,0,1
30,96,1000,12,65,0,1
39,36,1011,18,35,0,0
33,99,1006,44,21,1,1
31,42,1008,17,83,1,1
23,53,1007,18,80,1,1
27,45,1008,3,4,0,0
25,54,1012,23,58,1,1
25,36,1008,31,54,1,1
31,51,998,2,40,0,0
27,74,1004,8,39,0,1
28,87,1004,38,9,1,1
34,36,999,38,54,0,1
24,48,996,2,28,0,0
18,69,1011,42,35,0,1
40,90,1012,29,41,1,1
28,95,1005,25,54,0,1
36,80,1019,11,47,0,0
18,26,1023,43,73,1,1
35,55,996,25,42,0,1
25,67,1013,26,45,0,0
18,91,1003,2,62,0,1
23,86,1023,41,94,0,1
38,35,1020,12,62,0,0
24,75,1001,43,71,0,1
38,54,1008,2,23,0,0
23,93,1024,36,78,0,1
35,96,1005,36,4,0,1
22,32,1000,24,52,0,1
34,32,998,33,52,1,1
35,84,996,14,32,0,1
41,27,995,31,25,0,1
39,54,997,26,27,0,1
41,97,1002,38,96,0,1
32,32,1017,22,57,0,0
37,38,1000,28,19,0,0
41,52,997,25,30,0,1
38,41,1000,44,81,0,1
34,35,1000,38,33,0,1
28,81,1008,36,91,1,1
33,29,1020,27,76,0,0
20,56,1017,38,61,1,1
23,90,1005,17,17,1,1
30,84,1002,8,47,1,1
25,61,1021,38,63,0,0
41,69,1010,27,30,0,0
28,39,1020,16,86,1,1
21,60,1015,17,46,1,1
38,76,1002,44,55,0,1
24,36,995,44,69,1,1
34,49,1019,4,67,0,0
18,28,1008,22,70,0,0
24,25,1022,35,86,0,0
28,65,1022,43,23,0,0
26,48,1022,3,39,0,0
26,84,1001,34,33,1,1
34,84,1004,24,52,0,1
25,97,1020,34,57,0,1
35,54,1019,34,98,1,1
19,74,996,14,52,1,1
40,85,1017,32,65,0,1
31,47,1017,36,0,0,0
34,64,1024,16,29,0,0
24,58,1019,43,52,1,1
23,34,1020,27,82,0,0
21,32,1006,25,87,0,1
18,51,996,10,54,0,1
36,73,999,21,23,0,1
29,92,1009,36,13,0,1
23,41,1012,9,50,0,0
34,25,1005,43,15,0,0
26,32,1019,11,39,0,0
40,86,1017,5,22,0,0
21,58,1001,19,33,0,1
27,27,1013,35,89,1,1
28,67,1021,4,36,0,0
40,40,1024,18,14,0,0
19,41,995,31,95,0,1
21,68,1022,36,0,1,0
36,60,1021,14,90,0,0
41,49,1005,10,5,1,0
22,53,1003,34,86,1,1
40,50,995,31,80,1,1
26,47,998,42,4,0,1
26,28,1001,2,79,0,0
23,38,1016,38,74,0,0
27,89,1015,37,7,0,0
25,38,1018,42,92,1,1
18,57,1008,29,28,0,0
40,68,1000,44,9,1,1
29,92,1015,22,29,1,1
20,29,1016,3,88,0,0
22,40,1015,16,76,1,1
35,71,1000,41,3,1,1
33,99,1020,35,29,0,0
31,99,998,27,2,1,1
22,62,1003,5,25,0,0
27,66,1005,12,53,0,1
37,50,1000,13,92,0,1
40,75,1004,43,89,0,1
22,81,1016,12,28,0,0
35,55,1005,21,34,0,0
21,75,1024,31,93,0,1
28,98,1008,37,86,0,1
19,50,1000,38,52,0,1
24,43,1002,24,99,0,1
22,76,1012,34,31,0,0
36,31,1009,36,25,1,1
19,75,1018,8,74,0,0
30,56,1003,35,17,0,1
28,48,1009,22,17,0,0
38,43,1007,17,1,1,0
34,78,1021,23,83,1,1
27,68,1021,36,28,0,0
22,82,1021,41,49,1,1
31,94,1005,28,68,0,1
38,42,1015,34,98,0,1
37,48,997,8,13,0,0
41,37,1013,30,21,1,0
30,60,1000,19,50,0,1
20,76,1011,14,21,1,1
37,70,998,8,9,0,0
33,64,996,18,15,0,1
41,42,1005,13,1,0,0
35,78,1000,34,72,0,1
25,70,998,40,51,0,1
35,74,1013,5,26,0,0
38,69,1020,24,53,0,0
33,76,1021,43,40,0,0
41,44,1001,28,1,0,0
36,25,996,28,5,0,0
33,86,997,28,34,0,1
21,80,997,42,30,1,1
38,76,1018,27,91,0,1
38,72,997,42,48,0,1
20,95,1001,22,31,0,1
25,92,1020,16,69,0,0
22,70,1020,7,66,0,0
27,95,1007,2,64,0,1
21,38,1000,31,46,1,1
33,92,996,2,76,0,1
39,92,996,38,22,1,1
38,48,1021,14,68,1,0
23,72,1023,27,85,0,0
28,25,998,4,86,1,1
30,63,1018,16,4,0,0
39,35,1018,11,33,1,0
28,53,1016,34,71,0,0
25,47,999,32,28,1,1
31,41,1010,29,8,0,0
19,28,1014,42,35,1,1
37,89,1007,4,36,0,0
20,57,1021,16,55,1,0
32,95,1009,5,61,1,1
31,30,995,10,11,0,0
20,75,997,37,12,0,1
19,58,1004,44,27,1,1
20,43,1013,34,50,0,0
25,89,1000,31,27,0,1
41,68,999,23,51,0,1
25,65,1011,8,35,1,1
41,95,1011,34,97,0,1
26,29,995,8,97,0,1
20,75,1019,13,14,1,0
18,40,1023,7,62,0,0
40,68,995,13,26,0,1
19,42,1003,17,92,0,1
37,71,1016,43,33,1,1
35,55,1013,15,7,0,0
25,35,1018,30,54,1,1
30,88,1011,20,66,0,1
36,76,1015,15,70,0,0
31,78,1019,32,85,1,1
32,86,1023,18,52,0,0
27,68,996,26,36,0,1
32,44,1017,14,19,0,0
35,65,1010,29,67,0,1
30,97,1009,33,95,0,1
38,82,1006,43,60,0,1
32,96,1013,30,18,1,1
20,34,1009,3,21,1,0
24,36,1023,35,61,0,0
37,75,1001,25,66,0,1
38,58,995,30,22,1,1
22,64,1009,44,60,0,1
20,79,1005,43,48,0,1
18,52,1019,42,78,0,1
38,59,1014,40,52,0,1
20,34,1010,24,82,0,1
38,70,1020,27,97,1,1
37,51,1022,32,46,0,0
28,72,1020,26,6,1,0
36,82,1024,2,81,0,0
25,46,1002,15,1,0,0
20,46,1012,19,62,0,0
21,70,1001,39,36,0,1
28,53,1006,19,94,1,1
25,52,1015,16,42,0,0
25,57,997,19,89,0,1
37,69,1014,5,35,0,0
30,76,1024,40,70,0,0
29,79,1021,31,47,0,0
38,33,1006,18,79,0,1
34,46,997,16,18,0,0
29,84,1006,36,42,0,1
39,71,1017,12,54,1,1
37,86,1020,22,7,0,0
34,89,1022,4,94,1,1
38,46,1022,23,99,1,1
32,32,1024,15,23,1,0
32,52,1016,32,72,1,1
40,93,1007,40,80,0,1
40,95,1002,8,85,0,1
38,45,998,33,54,1,1
20,29,1013,9,36,0,0
30,30,995,31,74,1,1
33,39,999,16,0,0,0
33,78,1001,9,85,0,1
19,54,1006,3,45,0,0
23,59,1014,43,55,0,1
40,53,1023,20,80,1,1
24,35,997,3,82,0,1
28,64,1005,3,75,1,1
23,49,999,32,53,0,1
29,85,1024,3,79,0,0
19,69,1010,2,99,1,1
19,80,1020,28,49,0,0
29,97,995,24,27,0,1
39,60,1018,6,92,0,0
29,28,1000,39,69,0,1
39,86,1021,36,60,0,1
33,31,1005,9,63,0,0
23,72,999,7,60,0,1
24,97,1009,22,52,1,1
22,82,1018,32,98,0,1
39,92,1014,44,80,0,1
22,45,1015,17,96,0,0
35,48,1022,13,19,0,0
31,29,1016,37,37,0,0
39,32,1023,15,6,1,0
36,71,1018,17,5,0,0
27,65,1020,18,59,0,0
26,76,1020,19,48,0,0
37,56,1015,28,84,1,1
20,40,1009,26,71,0,1
30,80,1021,36,52,1,1
33,73,1024,18,82,0,0
34,26,1021,38,28,0,0
28,46,1000,12,96,0,1
25,42,1007,31,64,0,1
22,35,1018,19,71,0,0
39,80,1007,3,22,0,0
25,92,1008,10,74,0,1
29,40,1007,37,43,0,0
31,41,995,21,96,0,1
19,41,1017,23,0,0,0
31,98,1006,23,17,0,1
32,63,1008,10,68,0,1
22,32,1013,13,71,1,1
23,58,1012,2,74,0,0
20,56,1013,43,79,1,1
25,72,1002,33,25,0,1
22,76,1006,39,97,1,1
41,41,1013,32,3,0,0
19,27,1002,13,34,0,0
40,57,1012,19,57,1,1
30,39,1009,5,99,1,1
29,86,1014,21,38,1,1
29,91,1009,10,53,0,1
26,52,997,41,1,1,1
34,92,1009,31,53,0,1
24,75,1008,28,76,0,1
37,73,1018,11,6,0,0
39,83,1006,12,41,0,1
39,86,1009,19,89,0,1
30,92,1005,28,39,0,1
38,99,1014,37,82,1,1
32,69,1015,19,6,0,0
22,54,1016,28,48,0,0
22,87,1010,42,80,0,1
20,61,1024,22,83,0,0
21,31,1002,23,85,0,1
19,34,999,40,33,0,1
26,84,999,36,10,0,1
37,75,995,27,10,0,1
24,72,1012,25,27,0,0
28,60,1017,7,61,1,1
27,94,1004,23,86,1,1
26,63,1011,29,61,0,1
23,48,1019,44,42,0,0
19,90,999,22,59,1,1
35,65,998,22,65,0,1
18,47,1001,32,3,0,0
22,77,1018,11,95,0,1
38,73,1013,39,0,1,1
30,90,1016,40,91,0,1
28,83,999,27,27,0,1
20,38,1010,37,27,0,0
37,49,1019,10,10,0,0
30,26,1016,35,41,0,0
28,53,1009,29,91,1,1
22,63,1004,33,28,0,1
18,25,998,16,46,0,0
23,25,1001,6,53,1,1
21,27,1006,16,83,0,0
29,31,1013,32,64,1,1
30,58,1013,12,96,1,1
30,96,996,41,90,0,1
19,69,1021,38,64,0,0
27,67,1012,18,69,0,1
21,42,999,32,15,1,1
19,61,1014,18,57,1,1
27,32,1014,12,76,0,0
22,76,1008,35,85,0,1
41,37,1019,28,64,0,0
27,63,1021,17,90,0,0
27,86,995,8,41,0,1
39,97,1020,41,73,0,1
22,42,1000,43,49,1,1
28,48,999,29,57,1,1
21,73,1004,33,95,0,1
18,90,1020,12,96,0,1
18,41,1012,17,65,0,0
21,56,1001,30,60,0,1
20,77,999,22,57,1,1
31,78,1008,42,15,0,1
25,42,996,27,60,0,1
18,51,1013,12,13,1,0
39,45,1018,25,18,1,0
30,53,1004,12,23,1,1
24,64,1011,36,69,0,1
40,95,1021,39,30,0,0
29,92,1015,10,48,0,0
38,84,1017,25,9,0,0
38,53,1021,41,20,0,0
31,29,1009,42,82,1,1
32,28,1015,25,41,0,0
27,90,1002,9,72,1,1
37,90,998,36,54,1,1
33,63,1012,21,69,1,1
33,67,996,29,97,0,1
40,59,1016,6,59,0,0
20,92,1007,10,50,1,1
22,80,1009,28,10,0,0
22,63,996,25,79,0,1
41,91,1023,43,75,0,1
19,81,1023,30,56,0,0
37,68,1022,38,22,1,0
32,56,1015,6,35,0,0
40,98,1023,28,98,0,1
41,91,998,15,67,0,1
27,56,1018,21,16,1,0
24,56,998,25,1,0,0
27,62,1017,35,45,0,0
21,94,998,23,68,1,1
39,46,1010,12,30,0,0
27,83,995,23,48,0,1
33,81,1000,26,97,0,1
21,55,1013,2,87,0,0
19,60,1007,26,75,0,1
31,89,1010,7,10,1,1
31,35,999,27,56,0,1
38,81,1020,16,62,1,1
26,92,1024,29,88,1,1
37,74,1023,42,95,1,1
37,72,1021,3,22,0,0
38,73,1005,31,91,1,1
38,61,998,26,87,1,1
27,86,997,22,5,0,1
22,64,1004,32,29,0,1
21,85,1021,39,34,0,0
21,51,1009,7,81,0,0
41,95,1017,15,12,1,1
28,90,1008,24,27,1,1
29,74,1015,36,60,0,1
29,29,997,8,15,0,0
34,45,1021,41,78,0,0
25,49,1005,22,53,1,1
35,97,1010,2,85,0,1
40,30,1003,25,84,0,1
22,31,997,14,53,1,1
23,71,1012,4,21,0,0
26,66,1006,2,99,1,1
40,47,999,29,68,0,1
39,71,1018,11,4,0,0
38,44,1024,33,50,0,0
27,89,1013,29,53,0,1
24,38,1008,19,39,0,0
18,42,1010,35,86,1,1
36,79,1024,7,23,0,0
33,63,1010,42,69,0,1
21,84,1020,39,61,0,1
20,73,1005,25,7,0,0
21,39,1010,12,27,1,0
23,48,998,38,34,1,1
18,78,1008,20,87,0,1
24,69,1022,25,57,0,0
41,35,1002,16,65,1,1
27,56,1011,11,85,0,1
37,25,1011,2,60,0,0
18,70,1007,44,43,1,1
19,36,1023,24,8,0,0
33,86,1017,30,58,0,1
37,54,1004,15,67,0,1
26,31,1024,42,87,0,0
30,62,998,18,84,1,1
20,89,1012,3,3,0,0
37,66,1011,8,8,0,0
38,59,1018,33,75,0,0
34,91,1005,9,97,1,1
21,72,1008,33,6,0,0
40,47,1005,14,75,0,1
29,98,1001,28,6,0,1
41,49,1006,37,56,0,1
27,76,1023,8,93,0,0
30,61,1015,35,45,1,1
37,96,1014,31,28,1,1
29,63,1021,14,9,0,0
33,60,1020,21,33,0,0
21,83,1023,32,65,0,0
20,93,1016,17,72,0,1
26,71,1004,5,81,0,1
28,66,1024,4,58,0,0
29,35,1011,36,49,0,0
23,30,1005,44,38,1,1
24,70,996,4,31,0,1
38,89,1003,8,90,0,1
33,96,999,31,27,0,1
35,46,1024,38,70,0,0
30,46,1005,6,21,0,0
38,63,999,32,61,0,1
34,30,1003,18,33,1,1
30,82,1024,21,5,1,0
36,94,996,29,12,0,1
27,85,1003,8,81,0,1
21,32,1006,41,96,0,1
24,86,1008,6,82,1,1
25,73,1019,18,72,0,0
20,37,1014,38,37,1,1
34,33,998,24,78,0,1
35,83,1012,8,46,0,0
22,99,1018,9,35,0,0
18,68,1007,17,45,0,1
31,37,1008,13,54,0,0
37,43,1005,31,53,0,1
38,54,1006,17,35,1,1
26,72,1001,29,61,1,1
41,80,1005,18,61,0,1
29,58,995,30,67,0,1
28,84,1021,17,73,0,0
18,34,1004,27,24,1,1
37,27,995,25,49,0,1
29,57,1000,36,16,1,1
28,72,1006,34,74,0,1
36,26,1004,20,27,1,1
28,47,1010,31,91,0,1
40,61,1006,11,80,1,1
32,34,1004,27,48,0,0
40,88,1011,35,56,0,1
21,95,999,32,82,0,1
39,91,1017,5,87,0,1
31,87,997,22,25,0,1
36,92,1008,19,11,0,0
21,40,995,4,38,1,1
39,83,1009,39,15,0,1
27,35,1022,28,81,0,0
30,26,1014,13,92,0,0
23,80,1009,21,98,0,1
33,47,996,33,16,0,1
20,47,1002,24,20,0,0
35,95,1010,25,45,0,1
20,58,1007,33,34,0,1
19,81,1004,44,25,0,1
25,71,999,9,81,1,1
21,26,1014,4,33,0,0
31,70,1024,7,56,0,0
35,57,1001,8,44,0,1
36,62,1001,26,16,0,1
22,91,1018,19,48,1,1
28,81,1020,42,16,0,0
23,45,998,33,81,0,1
21,61,1006,27,54,0,1
27,62,1011,9,1,0,0
41,45,1019,28,22,0,0
24,57,1011,9,41,0,0
27,72,1012,37,56,0,1
29,47,1006,24,52,0,1
41,52,1006,24,62,1,1
19,89,998,9,48,1,1
40,61,1000,25,78,0,1
31,38,1021,38,76,0,0
31,86,997,17,75,1,1
35,63,999,13,25,0,1
38,87,1005,34,40,1,1
21,35,1011,28,7,1,0
35,29,1023,33,88,0,0
25,53,1003,19,6,0,0
33,91,1004,33,7,0,1
21,53,1006,38,99,1,1
36,55,1006,27,5,0,0
37,66,1008,11,69,0,1
19,98,999,28,18,0,1
33,84,1019,37,63,1,1
25,37,1003,11,35,0,0
21,47,1011,12,65,0,0
22,37,1016,36,82,1,1
36,40,1020,4,22,1,0
36,57,1008,29,23,0,0
37,95,1000,26,55,1,1
37,25,1017,41,81,0,0
25,67,1002,30,12,1,1
35,61,995,6,47,0,1
19,87,1016,31,10,0,0
20,69,1007,4,73,0,1
40,89,1019,16,59,0,0
19,88,1001,23,27,1,1
41,91,997,27,3,0,1
25,78,1002,17,30,1,1
26,69,1016,23,33,0,0
23,80,996,36,25,1,1
33,45,1005,23,89,0,1
27,66,1007,24,50,0,1
34,87,1001,5,30,1,1
41,28,1012,21,39,0,0
33,71,1012,24,50,1,1
33,45,1003,26,35,1,1
31,52,1007,42,55,0,1
31,39,1001,26,62,1,1
20,63,1016,38,40,1,1
30,43,1010,3,64,0,0
29,62,996,17,92,0,1
21,68,1007,18,83,1,1
26,50,1004,39,80,0,1
26,72,1016,32,54,1,1
18,83,1005,36,1,1,1
23,95,996,3,68,0,1
36,71,995,36,17,0,1
38,96,1005,21,7,0,1
23,62,1000,3,73,0,1
40,27,996,37,71,1,1
19,72,1024,39,7,0,0
37,93,1024,13,29,1,0
22,44,1014,22,2,0,0
35,88,1006,5,87,1,1
37,99,996,42,69,0,1
35,69,1003,29,18,0,1
30,35,1015,3,69,0,0
40,61,1018,25,51,1,1
26,28,1003,5,48,1,1
39,37,1009,41,37,1,1
28,79,1006,3,65,0,1
23,53,1005,7,8,0,0
36,55,1015,39,51,0,0
31,90,1009,39,61,0,1
20,67,1024,10,62,0,0
36,53,996,29,71,1,1
39,59,1004,25,25,0,0
19,63,995,25,11,0,1
29,67,1006,4,86,0,1
23,90,1002,23,74,1,1
29,43,1014,10,42,0,0
26,78,1012,41,99,0,1
32,96,1010,44,22,0,1
30,31,1012,41,65,1,1
24,31,998,9,31,0,0
29,81,1004,15,90,0,1
37,28,1013,30,70,0,0
18,96,1005,34,24,0,1
21,35,1024,34,9,0,0
21,81,1021,40,33,0,0
39,75,998,7,58,1,1
41,33,996,21,90,1,1
40,79,1010,34,41,0,1
23,54,1017,37,2,0,0
35,66,1015,25,3,0,0
33,75,1018,28,94,0,1
20,44,1010,32,70,0,1
31,42,995,32,19,0,1
30,25,1013,40,26,0,0
31,31,1014,32,85,0,0
31,25,1011,17,84,0,0
40,48,1024,3,56,0,0
40,77,1019,20,12,0,0
23,97,1014,2,23,0,0
23,72,1014,39,75,0,1
35,45,997,38,18,0,1
35,54,1018,43,41,0,0
27,74,998,4,55,1,1
39,36,1011,14,32,0,0
36,41,1009,35,67,1,1
18,25,999,33,39,0,1
20,41,1024,36,59,0,0
26,69,999,15,50,1,1
31,51,1019,37,67,1,1
19,66,1012,40,63,0,1
32,98,999,26,53,0,1
22,93,1008,34,26,1,1
39,68,1009,4,0,0,0
30,86,1008,43,19,0,1
31,77,997,20,83,1,1
40,25,998,41,80,0,1
31,75,998,21,79,0,1
30,63,1018,15,28,1,0
37,35,1005,41,23,0,0
40,79,1015,7,77,0,0
29,60,1019,16,44,1,0
35,37,1003,32,4,0,0
30,65,1011,33,4,1,1
28,58,1007,2,39,0,0
19,74,1021,29,80,0,0
28,47,1017,27,62,0,0
23,75,1005,35,41,0,1
19,38,1011,42,39,0,0
33,73,995,28,44,0,1
33,62,1009,41,57,1,1
32,81,1010,33,24,0,1
19,96,1018,12,12,0,0
36,45,997,27,32,1,1
22,43,1003,25,38,0,0
33,74,1024,43,52,0,0
39,83,998,34,42,0,1
29,87,1017,40,67,0,1
33,71,1008,30,33,0,1
41,58,999,14,86,0,1
30,32,999,22,19,1,1
33,82,1014,26,70,0,1
36,98,1002,17,3,1,1
33,44,996,12,19,0,0
30,59,1011,11,37,0,0
41,78,995,44,88,1,1
30,68,1016,39,35,0,0
24,63,1007,3,33,0,0
33,83,996,26,68,0,1
24,29,1005,9,77,0,0
22,92,997,8,89,1,1
18,48,1012,2,92,1,1
30,62,1000,22,22,0,1
25,94,999,43,17,0,1
40,45,998,14,81,0,1
24,85,997,39,39,0,1
29,90,1005,21,34,0,1
25,64,1008,37,94,1,1
35,39,1013,25,98,0,1
30,81,1003,36,65,0,1
31,26,1010,9,0,1,0
26,50,1006,6,20,1,1
39,74,1006,22,3,0,0
26,60,1018,34,4,0,0
28,69,1016,12,37,0,0
21,91,1016,11,18,0,0
34,48,995,6,31,0,1
38,67,1016,40,38,0,0
33,29,1012,5,91,0,0
23,35,1009,22,80,0,1
30,47,1019,2,67,1,0
32,40,1005,4,11,0,0
33,53,1015,22,57,0,0
22,76,1007,18,11,0,0
25,40,1009,20,24,0,0
19,83,1019,32,67,0,1
29,41,1015,30,85,0,0
33,87,1009,31,50,1,1
30,79,1003,35,62,0,1
19,96,1012,8,42,0,0
39,86,1022,26,64,0,0
33,48,1011,43,69,0,1
32,60,1021,3,82,0,0
29,81,1015,16,33,1,1
18,48,1005,28,8,1,1
24,79,998,30,44,0,1
22,53,1006,30,68,1,1
21,34,1018,40,71,0,0
40,51,1017,35,34,0,0
35,98,1016,3,16,0,0
41,81,1001,20,15,0,1
30,34,1005,16,2,1,0
27,59,1021,6,78,1,1
18,25,1006,43,40,0,0
37,44,1024,15,86,0,0
27,76,1021,28,29,0,0
32,55,999,28,23,0,1
25,88,1005,28,72,0,1
32,54,1008,25,12,0,0
26,73,1020,43,44,0,0
38,53,1022,25,76,0,0
37,95,1003,16,88,0,1
28,32,1015,7,73,0,0
37,45,1008,34,24,0,0
26,60,1019,16,4,1,0
24,30,1009,11,69,0,0
37,38,995,34,82,0,1
34,36,999,7,10,0,0
23,79,1004,16,49,1,1
24,79,1022,4,15,0,0
21,43,998,26,90,1,1
41,51,998,25,80,0,1
35,46,1000,20,33,0,1
41,69,999,24,39,0,1
35,39,999,24,11,0,0
37,65,1003,15,58,1,1
25,47,995,12,90,0,1
34,73,1013,25,43,0,0
39,65,1019,33,30,1,1
29,66,1020,35,98,0,1
33,37,1020,19,65,1,0
26,59,999,13,39,0,1
24,26,995,34,56,0,1
22,32,1014,19,86,1,1
41,70,1019,15,66,0,0
31,91,1004,10,52,0,1
24,31,1006,37,12,0,0
26,77,1024,23,51,0,0
40,85,1018,29,93,1,1
41,28,1020,32,61,0,0
33,86,1012,11,35,1,1
32,97,1009,33,68,1,1
34,91,1022,5,81,1,1
31,40,1006,12,65,1,1
35,37,998,34,14,0,1
22,57,1016,17,45,1,1
22,91,997,28,75,0,1
40,44,1022,36,49,0,0
20,95,1004,42,89,1,1
23,57,1010,25,93,0,1
27,35,1006,23,2,0,0
25,43,1002,14,35,0,0
37,52,1019,4,85,0,0
23,42,1014,6,72,0,0
29,81,1020,34,96,0,1
39,41,1006,25,21,0,0
18,54,1001,16,34,0,0
23,35,1013,23,33,0,0
40,97,1014,17,57,0,1
19,99,997,35,99,0,1
37,90,1002,30,41,0,1
34,53,1024,36,24,0,0
34,86,1000,18,73,0,1
31,43,1023,33,53,0,0
39,89,1003,36,48,0,1
23,25,1017,28,11,0,0
33,76,1005,21,25,0,1
25,90,1002,27,26,1,1
40,95,1016,37,20,0,0
40,58,1002,8,89,0,1
34,61,1024,16,1,0,0
34,69,998,33,18,0,1
26,45,1017,30,93,0,1
19,38,1016,17,10,0,0
31,31,999,41,92,0,1
31,66,1016,6,27,0,0
30,45,1011,22,60,1,1
26,26,997,44,73,0,1
25,82,996,26,55,0,1
22,46,1019,2,99,0,0
33,45,1015,29,18,0,0
40,48,1014,33,73,1,1
37,82,1009,41,94,1,1
23,39,1009,28,9,1,0
21,46,1000,16,69,0,1
29,54,1002,25,85,0,1
21,30,1000,27,18,1,1
41,93,1009,36,28,0,1
30,36,1015,10,10,0,0
24,28,996,29,88,0,1
40,68,997,20,34,1,1
24,53,1008,22,35,1,1
25,84,1009,31,54,0,1
22,51,1009,27,8,0,0
20,37,1007,34,97,0,1
30,98,1015,2,10,0,0
23,37,999,26,9,1,1
27,44,1022,22,10,0,0
22,73,1015,6,32,0,0
25,30,1009,16,8,0,0
22,50,1017,17,56,0,0
27,45,1006,10,15,0,0
39,47,1001,44,87,0,1
27,71,1004,28,97,0,1
41,45,1009,18,44,1,1
40,73,1004,15,60,0,1
29,48,1016,40,60,1,1
24,47,1002,29,92,0,1
25,35,1004,38,24,0,0
19,75,1010,12,77,0,1
22,86,1013,30,41,0,1
26,42,999,18,54,1,1
38,25,1008,15,32,0,0
24,69,1019,16,19,1,0
31,54,1006,14,77,0,1
20,69,1002,17,37,0,1
32,53,996,12,19,1,1
41,47,998,28,87,1,1
33,57,1004,40,78,0,1
33,83,996,4,14,0,1
35,84,1001,25,7,0,1
27,84,1019,43,46,0,1
39,56,1004,10,24,0,0
39,40,1011,17,93,0,1
24,32,995,11,83,0,1
18,44,1017,15,78,1,1
19,63,1018,33,50,0,0
25,27,1024,32,12,0,0
40,38,1019,8,21,0,0
26,56,1004,31,80,0,1
23,86,1015,27,42,1,1
34,63,1000,22,44,0,1
25,37,1014,10,56,0,0
24,68,1006,39,94,0,1
30,68,1009,41,76,0,1
28,43,1015,2,76,1,1
26,47,1020,25,42,1,0
24,64,1024,35,9,0,0
18,36,1008,30,74,0,1
37,82,1000,7,61,0,1
27,50,1020,18,52,1,0
20,44,1013,16,66,0,0
26,35,1009,42,12,0,0
39,62,1021,27,22,0,0
24,89,1004,5,30,1,1
26,68,1003,4,58,1,1
38,35,1000,8,67,0,1
41,67,1022,30,17,1,0
26,86,1005,7,15,0,0
39,70,1024,24,20,1,0
23,52,1006,28,38,0,0
30,31,1013,34,76,1,1
29,64,1009,22,11,1,1
25,66,1001,3,28,0,0
33,53,998,39,6,1,1
36,80,1017,37,41,1,1
21,29,1008,12,1,0,0
39,83,995,23,46,0,1
34,75,1016,42,66,0,1
32,26,1021,37,77,0,0
29,47,1010,3,6,1,0
40,84,1019,26,34,1,1
24,93,1015,6,24,0,0
39,26,1016,10,50,0,0
25,99,1002,33,84,0,1
37,89,1015,8,88,0,1
19,43,1022,7,58,0,0
27,89,1020,27,59,1,1
38,70,1006,39,77,1,1
24,79,1017,11,34,0,0
21,86,1014,10,28,0,0
23,68,1019,4,43,0,0
31,33,998,24,56,0,1
32,88,1001,21,63,1,1
36,63,995,8,98,0,1
40,82,1005,35,30,0,1
35,70,1006,10,12,1,1
37,83,1015,23,64,1,1
26,69,998,7,44,0,1
36,47,1018,30,7,0,0
34,49,995,3,15,0,0
25,31,999,24,7,0,0
35,60,1021,37,78,1,1
21,82,997,29,94,0,1
35,29,1003,21,8,0,0
32,86,997,41,50,0,1
21,80,1004,21,74,0,1
39,41,1003,26,92,1,1
41,47,1016,3,44,1,0
23,30,1010,16,6,1,0
29,76,996,31,35,1,1
35,27,1004,13,3,0,0
24,44,1013,9,66,0,0
25,42,1023,37,2,0,0
27,90,1020,2,90,0,0
22,42,1008,16,50,1,1
36,35,1022,12,53,0,0
41,28,1000,35,75,0,1
22,44,1015,4,39,0,0
22,56,1018,43,34,0,0
30,72,1006,23,84,0,1
19,40,1005,34,18,0,0
22,78,1015,4,81,0,0
35,56,1004,37,82,0,1
21,35,997,28,79,0,1
41,94,1009,35,75,0,1
21,64,1009,17,56,1,1
32,36,1005,36,24,1,1
35,59,1003,12,89,0,1
26,98,1000,7,74,0,1
19,65,1018,6,20,1,0
26,93,998,10,17,0,1
33,90,1023,43,35,1,1
26,69,999,35,34,0,1
22,60,1014,17,71,0,0
22,93,1016,12,18,0,0
22,42,1012,10,16,1,0
37,79,1012,25,76,1,1
31,91,998,12,38,1,1
19,30,1014,6,46,0,0
22,64,1005,18,13,0,0
40,42,995,31,78,1,1
18,41,1016,40,47,1,1
39,44,1023,26,42,0,0
19,67,1015,3,15,1,0
37,32,1020,15,54,1,0
35,82,999,43,29,0,1
26,75,1019,10,60,1,1
27,50,1004,7,52,1,1
37,69,1024,41,23,1,0
23,53,1013,16,7,0,0
28,97,1013,12,5,1,1
29,56,1016,37,88,0,1
36,61,1011,17,15,0,0
21,73,1019,31,50,0,0
18,82,1008,10,16,0,0
41,79,1020,13,78,0,0
40,46,1008,32,42,0,0
38,32,1011,41,99,0,1
23,30,1011,41,46,1,1
32,47,1008,12,61,1,1
34,81,1004,39,69,0,1
21,99,1011,8,51,0,1
25,61,1020,38,9,1,0
31,29,999,39,26,1,1
25,55,995,22,98,0,1
32,83,1019,3,29,0,0
34,44,1002,30,4,1,1
36,85,1003,2,46,0,1
31,49,1020,22,15,0,0
29,69,1014,10,59,0,0
36,71,1024,25,32,1,0
24,66,1023,42,42,1,1
18,57,1011,21,40,1,1
25,46,1004,20,19,0,0
28,97,1002,17,26,0,1
30,75,996,13,96,0,1
31,73,1024,35,8,0,0
33,65,1022,26,99,1,1
38,66,1001,7,88,0,1
41,54,1009,19,31,0,0
35,76,1016,15,77,0,0
33,80,1010,17,79,0,1
35,47,1008,41,81,1,1
39,78,1002,31,54,0,1
27,86,1015,19,52,0,0
38,88,995,43,78,0,1
34,87,1003,33,37,1,1
19,69,1017,21,35,1,1
39,84,1005,29,44,0,1
40,46,1011,32,10,1,1
20,47,1023,24,99,0,0
37,43,1020,33,62,0,0
26,67,1013,22,17,1,1
31,88,1003,36,1,0,1
20,49,1003,32,6,1,1
19,89,999,25,61,1,1
23,86,995,31,51,1,1
27,87,1005,38,53,0,1
33,98,1000,23,87,1,1
40,92,999,7,31,0,1
37,88,1016,15,63,0,0
39,43,1005,40,64,0,1
36,84,995,33,35,1,1
24,95,1008,6,13,0,0
39,74,995,14,63,0,1
37,95,1000,10,91,1,1
20,95,1019,31,25,0,0
30,78,1017,41,3,0,0
18,30,1017,3,90,0,0
38,57,997,21,3,0,0
39,52,996,10,98,0,1
19,95,1024,26,48,1,1
18,57,1002,33,18,1,1
30,46,1001,27,66,0,1
20,95,1009,5,36,0,0
26,59,1010,26,8,0,0
18,41,1006,10,53,0,0
32,43,997,3,44,0,0
39,57,1016,17,42,0,0
30,59,1007,18,52,0,0
26,41,1001,3,10,1,1
20,70,1014,14,86,0,1
39,56,997,36,97,1,1
40,35,1022,15,66,0,0
30,99,995,20,44,0,1
26,75,1013,24,22,0,0
24,29,1002,27,77,0,1
37,48,997,23,71,0,1
31,95,1000,7,75,1,1
32,43,998,36,12,0,1
30,56,1024,22,41,0,0
29,96,1003,43,6,1,1
20,42,1013,43,8,0,0
24,66,996,39,57,0,1
41,82,1012,40,49,0,1
41,49,1008,21,83,0,1
22,79,1021,22,64,0,0
30,31,1000,7,33,0,0
23,32,1015,12,49,0,0
31,39,1005,28,78,1,1
21,69,1004,30,11,0,0
37,61,996,21,11,0,1
32,98,1001,43,4,0,1
36,75,1006,11,36,1,1
20,38,1009,21,51,0,0
32,97,997,3,40,0,1
22,27,1003,9,8,0,0
41,96,1015,15,53,1,1
34,63,1014,28,91,1,1
19,43,1000,31,91,0,1
30,63,1001,16,57,0,1
18,31,1003,2,4,0,0
27,26,1017,40,92,1,1
23,71,1014,13,74,0,0
34,95,1017,18,47,0,0
22,86,1015,14,60,0,0
18,51,1017,36,17,0,0
26,67,1011,12,66,1,1
40,67,1020,15,69,1,1
32,52,1005,37,91,1,1
29,48,995,29,79,1,1
19,50,1016,36,94,1,1
27,53,1023,10,77,0,0
19,99,996,19,68,1,1
24,47,1013,20,57,1,1
34,69,1022,41,27,0,0
28,79,1003,15,97,0,1
38,72,1020,6,96,0,0
31,42,1006,24,77,1,1
22,44,1014,16,24,1,0
30,66,1001,8,71,1,1
38,74,1016,34,73,1,1
20,63,998,38,94,0,1
27,36,1008,3,2,1,0
20,48,1009,35,83,0,1
32,49,999,30,91,0,1
26,75,1024,19,40,0,0
28,48,1009,29,35,0,0
22,50,1012,24,43,0,0
39,44,996,42,53,0,1
22,70,1005,22,21,0,0
19,52,996,11,82,1,1
19,72,1000,8,35,1,1
27,57,999,39,90,0,1
35,75,1017,2,58,0,0
20,34,1021,8,48,0,0
33,63,1007,33,75,1,1
25,69,1005,34,24,1,1
36,79,1009,36,38,0,1
23,92,1010,33,78,1,1
26,95,1001,9,82,0,1
35,83,1005,8,26,1,1
22,86,1002,11,89,1,1
33,98,1018,41,50,1,1
25,57,1017,19,11,1,0
18,97,1020,16,20,0,0
31,65,1005,6,43,0,0
20,29,1024,27,25,1,0
22,80,1012,37,23,0,0
22,72,1016,34,68,0,1
35,47,1024,11,35,1,0
38,32,1002,7,70,1,1
22,78,1017,28,56,0,0
36,51,1019,41,24,0,0
36,95,997,7,49,0,1
34,92,1001,31,80,0,1
23,69,1001,10,54,0,1
30,73,999,20,69,0,1
32,27,998,38,37,1,1
25,69,1023,16,48,0,0
34,47,996,29,31,0,1
20,97,1000,2,21,1,1
30,81,1002,38,41,0,1
36,25,1003,25,47,0,0
35,38,1011,33,96,0,1
38,75,996,29,61,0,1
31,58,1021,2,85,1,1
39,82,1012,40,11,0,0
19,94,1014,39,27,0,1
27,27,1010,38,88,1,1
41,27,1012,39,58,1,1
37,89,1004,11,60,0,1
18,56,1013,33,26,1,1
37,60,1009,3,31,0,0
39,79,1003,44,79,1,1
34,55,1017,24,30,0,0
24,82,1015,16,22,1,1
28,50,997,5,54,0,1
22,99,1005,37,15,1,1
18,69,1024,7,90,0,0
23,67,1013,40,31,0,0
32,37,1004,19,35,1,1
25,48,1014,23,8,1,0
25,63,1013,2,10,0,0
27,25,1021,18,43,0,0
24,90,1010,24,40,1,1
27,49,1011,20,81,0,1
20,98,1017,23,43,0,0
27,86,1013,30,34,1,1
32,67,1017,7,12,0,0
23,93,1001,20,5,0,1
37,49,1012,9,49,0,0
19,81,1016,37,50,0,1
18,72,995,25,48,1,1
33,81,997,43,52,0,1
35,67,1003,44,25,0,1
34,88,999,19,56,1,1
26,64,1000,22,23,1,1
21,96,1016,34,66,1,1
20,63,1005,8,90,1,1
22,25,1016,8,63,1,0
19,46,1022,21,13,1,0
36,63,999,36,0,1,1
32,25,999,44,45,0,1
37,86,1009,44,4,0,1
19,36,1021,8,65,0,0
22,43,1024,14,44,0,0
18,49,997,27,12,0,1
30,95,1009,24,99,0,1
25,54,996,34,0,0,1
28,51,1016,41,82,1,1
41,81,1010,41,38,0,1
40,25,1017,39,66,0,0
19,41,1010,28,52,0,0
40,35,1009,27,10,1,0
33,32,999,18,86,0,1
38,95,1017,39,89,0,1
33,35,1016,18,9,0,0
33,39,1020,16,83,1,1
39,59,1008,31,30,0,0
28,60,1004,17,23,0,0
25,66,1017,24,20,0,0
34,75,1011,22,3,0,0
23,38,1003,39,56,0,1
26,69,1010,33,15,0,0
28,85,1020,31,78,0,1
30,58,1021,35,22,1,0
37,78,1003,21,38,0,1
34,56,1003,6,67,0,1
18,48,1010,33,82,0,1
20,31,1018,17,52,0,0
30,56,1004,35,82,0,1
30,46,1022,32,43,0,0
40,36,1005,15,35,0,0
41,27,1008,12,54,0,0
40,44,995,3,25,1,1
20,98,1004,22,39,1,1
20,40,998,24,93,0,1
23,98,1017,18,7,0,0
34,88,997,42,39,0,1
24,77,1002,38,66,0,1
31,90,1004,43,59,0,1
18,74,998,34,21,0,1
19,60,1019,4,43,1,0
28,34,1013,43,84,0,1
41,30,1008,9,33,0,0
18,27,1014,39,90,0,1
28,71,1012,20,18,1,1
38,29,1024,44,44,0,0
21,33,1017,33,92,0,0
25,76,1005,20,63,0,1
19,28,1023,5,0,0,0
31,37,1002,7,48,0,0
32,54,1021,9,27,0,0
37,99,1008,25,76,1,1
38,46,1003,43,10,0,0
38,33,997,37,51,1,1
30,25,1006,12,23,0,0
19,44,1009,5,53,1,1
18,66,1012,5,37,0,0
19,85,1012,12,68,1,1
31,78,1010,42,40,0,1
28,68,1011,7,56,0,0
34,46,997,20,54,1,1
26,31,1019,17,58,0,0
30,58,1008,38,42,0,1
23,85,998,6,69,0,1
31,80,1012,8,67,0,0
39,72,1004,27,29,0,1
36,59,1024,24,49,0,0
35,78,1021,20,85,0,0
29,39,1020,16,9,1,0
36,77,1002,32,8,1,1
25,41,1009,17,70,1,1
23,71,1004,25,49,1,1
28,61,1007,43,53,0,1
28,92,998,38,88,0,1
18,40,999,38,6,0,0
18,46,1005,28,28,0,0
28,45,1003,28,85,0,1
40,75,1023,40,79,0,1
25,66,1003,36,70,0,1
33,78,1023,40,35,0,0
29,83,995,44,42,0,1
29,79,1021,24,82,1,1
38,37,1004,37,14,0,0
36,58,1004,32,31,0,1
39,98,1020,22,99,0,1
38,42,1014,5,46,1,0
26,88,1011,31,34,0,1
24,82,1019,7,77,0,0
31,44,1012,10,75,1,1
40,72,996,17,81,1,1
26,64,995,6,38,0,1
28,55,1000,37,2,0,1
23,51,1003,37,46,1,1
39,70,1023,43,6,0,0
37,71,1023,41,4,0,0
29,95,1001,33,78,0,1
35,98,1002,12,39,0,1
19,76,1016,9,48,0,0
33,51,1004,29,88,0,1
18,84,1012,36,40,0,1
40,29,999,23,33,1,1
34,75,1011,10,73,0,1
30,53,1015,26,84,0,1
40,27,995,8,68,0,1
34,91,997,35,7,1,1
41,94,999,23,32,0,1
34,70,1014,11,86,1,1
41,72,1019,14,63,1,1
37,99,999,33,27,0,1
18,94,1005,43,32,0,1
38,83,1010,40,87,0,1
30,61,1012,4,75,1,1
37,89,1013,11,13,0,0
34,98,999,7,5,1,1
31,37,1007,11,79,1,1
32,47,999,9,89,1,1
22,51,1022,20,42,0,0
30,79,1023,39,76,1,1
35,89,1015,26,84,0,1
33,25,1013,33,7,1,0
33,90,1006,30,73,1,1
19,82,1024,22,36,1,0
20,34,999,25,83,0,1
32,73,1018,19,25,0,0
24,65,1011,3,29,0,0
37,80,1004,25,11,0,1
26,72,1023,8,27,0,0
20,40,998,5,98,1,1
31,36,1004,3,18,1,0
40,89,1022,41,69,0,1
30,49,1019,17,42,0,0
25,68,1000,24,5,0,1
33,47,1010,37,75,0,1
35,33,1010,22,57,0,0
40,93,1013,36,96,0,1
35,64,1008,21,12,0,0
33,63,997,21,64,0,1
31,31,1007,23,6,0,0
37,92,1019,7,66,0,0
41,91,1024,37,53,0,0
33,75,1010,13,19,0,0
38,27,1015,29,27,0,0
22,97,1009,22,19,0,1
37,61,1020,18,41,0,0
18,56,1024,33,86,0,0
18,91,1000,29,65,1,1
22,35,1004,16,81,0,1
30,26,1019,44,75,0,0
27,95,1017,39,95,0,1
38,45,1014,20,32,1,0
21,84,1013,29,21,1,1
31,87,1024,31,28,0,0
26,49,1010,16,58,0,0
38,47,1017,43,2,0,0
37,35,1017,25,98,0,0
29,65,999,19,54,1,1
20,60,1019,19,19,0,0
37,30,1003,44,92,0,1
30,73,1006,7,38,0,0
34,67,1006,29,44,0,1
39,75,1005,32,29,0,1
27,62,1017,23,65,0,0
32,85,1008,7,77,0,1
38,38,1006,5,43,0,0
36,62,1003,12,95,0,1
19,74,1024,39,85,1,1
30,63,1017,28,31,0,0
18,42,1006,4,4,0,0
32,28,1018,17,74,1,0
33,90,1007,9,43,0,1
23,59,1009,41,29,0,1
30,25,1005,29,0,0,0
30,85,1015,3,3,0,0
30,60,1023,22,89,1,1
38,36,1006,6,60,0,0
19,32,1021,38,53,1,0
30,53,1007,24,46,0,0
28,98,1000,6,68,0,1
18,26,1011,30,6,0,0
40,97,998,8,91,0,1
27,63,1020,27,97,1,1
31,25,1011,23,15,0,0
36,45,996,26,72,0,1
27,76,1015,5,29,0,0
31,89,1022,9,74,0,0
30,73,1004,40,76,0,1
38,69,995,44,27,1,1
30,99,1021,41,92,0,1
24,85,1021,23,94,0,1
37,39,1009,13,80,1,1
30,40,1021,24,64,1,0
30,63,1002,41,38,0,1
21,80,1016,3,25,0,0
40,42,1013,25,67,0,0
31,26,1024,39,30,0,0
33,77,995,4,60,0,1
27,90,1013,31,29,0,1
36,88,1021,36,9,0,0
20,44,1015,40,48,0,0
24,98,1021,16,78,1,1
20,53,998,17,68,0,1
27,45,996,15,68,0,1
20,54,1006,2,53,0,0
18,87,1017,23,76,0,1
32,33,999,24,10,1,1
32,78,1004,32,21,1,1
34,95,1020,26,81,0,1
31,73,995,5,8,1,1
41,42,1009,21,57,0,0
30,37,1024,29,45,0,0
38,68,1017,38,66,0,1
31,90,1012,14,1,0,0
19,64,1023,6,60,0,0
30,87,1022,22,55,0,0
32,74,1023,7,67,0,0
30,33,1004,15,91,0,1
26,57,1009,40,78,0,1
29,74,1001,8,46,0,1
26,75,1018,31,15,0,0
18,47,1007,20,99,0,1
27,57,1007,11,46,0,0
32,63,1020,9,50,1,0
32,82,1021,27,40,0,0
39,61,1016,38,13,1,1
19,87,995,3,12,0,1
34,41,999,25,56,0,1
39,97,1012,17,50,0,1
25,63,1018,42,53,1,1
27,72,1023,3,37,1,0
22,82,999,27,8,1,1
41,50,1017,7,26,0,0
23,56,996,19,27,1,1
40,49,1001,5,51,0,0
21,81,1007,2,62,0,1
40,54,1011,8,53,0,0
18,84,996,39,12,0,1
39,33,1011,19,39,0,0
28,78,1016,29,71,1,1
30,57,1009,23,37,0,0
30,83,996,20,96,0,1
32,65,1013,41,78,0,1
19,26,1015,13,9,1,0
19,89,996,24,91,0,1
37,68,996,10,80,0,1
30,56,999,15,88,0,1
22,78,1000,10,60,1,1
38,60,995,23,86,1,1
31,89,1000,41,34,0,1
40,44,1022,38,81,0,0
34,48,1010,14,91,1,1
40,47,1022,32,68,0,0
27,75,1004,8,55,0,1
39,97,1023,28,84,0,1
37,85,1009,39,19,0,1
23,89,1024,7,15,0,0
24,84,1004,9,84,0,1
35,28,1014,43,82,0,1
26,62,1007,19,45,0,0
34,40,1008,25,94,0,1
34,57,1004,38,3,1,1
27,86,997,38,44,0,1
26,81,1002,44,87,0,1
25,48,1018,11,98,1,1
40,68,1003,12,47,0,1
31,36,1018,20,67,0,0
19,31,1012,43,67,1,1
39,50,1007,18,43,0,0
26,51,1000,35,40,0,1
29,53,1020,38,11,0,0
19,99,1017,25,81,0,1
27,29,1024,26,52,0,0
18,69,996,41,65,0,1
25,51,999,18,67,0,1
23,55,999,26,91,0,1
27,47,1019,37,76,0,0
36,82,1017,24,48,0,0
30,69,997,3,46,0,1
33,53,1004,21,33,1,1
30,89,1020,33,65,1,1
37,75,1006,11,82,0,1
36,33,1023,30,91,0,0
20,28,1017,15,76,0,0
24,88,1022,21,27,0,0
31,99,1000,40,57,0,1
20,29,1022,43,14,0,0
35,59,1001,31,23,0,1
31,28,997,36,8,0,0
36,84,1005,16,35,0,1
25,26,1019,4,66,0,0
29,38,1020,24,76,1,1
39,42,1007,27,44,0,0
25,56,1018,2,34,0,0
19,53,1005,30,42,0,1
19,55,999,20,95,1,1
24,82,1006,32,81,0,1
38,33,996,35,46,1,1
31,75,1009,36,5,0,0
39,77,1014,42,10,1,1
30,39,1011,9,87,1,1
20,47,1009,8,68,0,0
29,27,1024,6,50,1,0
18,44,1024,23,85,0,0
38,77,1010,12,9,0,0
35,68,1008,5,73,1,1
33,65,1024,4,97,0,0
27,60,998,43,73,0,1
24,52,1021,38,14,1,0
27,36,1011,31,0,1,0
41,45,1004,33,62,1,1
22,68,1015,19,45,0,0
22,29,1022,14,74,1,0
41,37,1020,19,23,0,0
23,69,1015,23,83,0,1
36,83,1014,42,12,1,1
28,48,1010,18,68,0,0
31,39,1003,15,9,0,0
30,89,1008,40,34,0,1
18,51,1024,23,33,0,0
39,82,998,33,61,1,1
20,35,1018,30,68,0,0
36,92,1003,36,93,0,1
33,64,1000,4,15,0,0
30,29,1000,36,71,1,1
38,73,1019,9,20,1,0
31,33,1006,14,22,1,0
25,88,997,29,14,0,1
36,28,996,38,23,0,1
24,80,1005,13,67,0,1
25,50,1012,38,79,1,1
26,61,1014,20,14,0,0
37,76,1007,24,94,0,1
38,77,1023,23,18,0,0
40,26,1013,33,61,0,0
24,92,1017,21,21,0,0
28,27,1016,21,88,0,0
38,81,1004,40,39,0,1
23,35,1002,30,35,0,0
19,86,1003,24,20,0,1
40,29,1013,36,11,1,0
22,51,998,20,44,0,1
27,52,995,36,15,1,1
28,67,1022,24,80,0,0
21,98,1021,20,35,1,1
24,65,1022,23,65,1,1
25,43,1017,5,82,0,0
39,94,1009,14,85,1,1
20,54,998,44,92,0,1
30,71,1001,33,27,1,1
23,33,1000,30,86,1,1
19,77,1000,43,4,0,1
23,32,1018,44,96,0,1
25,55,997,20,71,1,1
23,80,996,24,62,1,1
23,70,1001,10,6,0,0
29,73,1009,16,84,1,1
31,99,1005,21,12,0,1
25,67,1013,39,7,1,1
27,88,1001,9,61,0,1
31,76,1012,22,22,1,1
28,35,1014,20,64,0,0
26,73,999,35,3,0,1
38,73,997,27,40,0,1
37,40,1020,36,82,0,0
39,85,1006,21,63,0,1
20,63,997,33,12,1,1
26,32,1009,20,13,0,0
20,85,998,4,88,1,1
30,98,1012,9,6,0,0
23,33,1022,43,58,0,0
40,88,999,43,28,1,1
18,87,1021,27,37,0,0
29,57,1009,2,96,0,1
38,83,1011,13,5,1,1
33,40,1006,21,57,1,1
35,26,996,27,32,0,1
41,89,1008,9,64,0,1
36,81,1002,3,30,0,0
41,36,1023,32,22,0,0
34,39,1003,41,51,1,1
29,51,1009,32,67,0,1
39,58,998,21,55,0,1
25,84,1004,3,72,0,1
29,29,1001,16,71,1,1
36,73,1021,40,77,1,1
40,91,1018,12,56,0,0
23,94,1016,22,37,0,0
23,53,1018,12,47,0,0
36,63,1000,31,88,1,1
39,33,1007,9,33,1,0
25,36,1005,42,55,0,1
18,43,1023,28,87,0,0
40,28,1006,24,83,0,1
39,82,1023,2,74,0,0
26,62,1023,10,5,1,0
37,91,997,17,1,1,1
24,59,1018,31,44,0,0
26,89,1006,2,56,0,1
21,55,1019,25,0,1,0
22,99,1011,4,11,0,0
27,88,1009,22,63,0,1
36,57,1024,23,28,0,0
35,28,999,20,38,0,0
24,36,1004,30,84,0,1
23,55,1003,25,15,0,0
28,60,1019,2,20,0,0
22,30,1008,30,0,1,0
29,99,1021,41,35,1,1
27,32,1008,37,51,0,0
20,28,1006,30,61,1,1
36,67,1022,19,13,0,0
39,53,997,35,72,1,1
26,29,1015,44,42,0,0
36,37,1020,10,67,0,0
22,31,1022,41,77,0,0
23,29,1009,35,91,0,1
38,48,1007,16,88,0,1
38,96,1001,40,80,0,1
35,81,997,23,6,0,1
24,82,1005,30,34,1,1
38,46,1003,37,7,0,0
41,82,1016,32,39,0,0
31,93,1011,12,21,1,1
30,69,1020,12,68,1,1
31,46,997,36,31,0,1
25,45,1011,34,91,0,1
21,34,999,41,57,1,1
34,92,1004,26,31,1,1
30,45,1007,28,29,0,0
18,33,997,43,18,0,1
28,60,998,19,95,0,1
24,67,999,29,49,1,1
22,90,1013,6,43,0,0
37,31,996,15,88,0,1
37,78,1006,37,94,1,1
27,75,1021,8,90,0,0
29,37,1015,3,2,1,0
19,88,1007,13,17,1,1
24,37,1007,39,18,0,0
38,48,1024,29,47,0,0
38,83,1000,18,47,0,1
26,38,1020,22,43,1,0
36,66,1012,36,63,0,1
35,38,1018,6,16,1,0
20,55,1019,18,89,1,1
36,51,1001,27,68,1,1
30,99,1001,24,98,0,1
18,42,1017,4,56,1,0
37,35,1002,21,54,0,1
22,28,1007,7,92,1,1
19,84,1019,33,62,0,1
23,46,1004,24,3,0,0
27,57,1007,14,32,0,0
25,70,1024,2,58,0,0
33,85,1014,24,4,0,0
35,60,1014,44,7,0,0
26,49,1014,43,6,0,0
18,93,1000,13,43,0,1
24,76,1015,17,40,0,0
21,52,1009,33,91,0,1
39,66,1010,30,93,1,1
21,57,1008,10,37,1,1
41,67,1015,28,10,0,0
31,81,995,12,29,1,1
34,28,1016,9,79,0,0
27,90,1019,5,86,0,0
18,99,1013,33,66,0,1
39,81,1013,32,83,1,1
41,56,1003,20,22,1,1
34,70,1006,3,66,0,1
41,48,1018,38,2,1,0
26,83,996,23,34,0,1
35,72,1015,29,74,1,1
40,36,1024,4,5,0,0
29,77,1014,7,83,0,1
26,73,1006,2,83,0,1
29,40,995,36,43,0,1
19,27,1014,32,64,1,1
19,39,995,22,70,0,1
27,90,1024,15,4,0,0
19,98,1021,19,4,1,0
22,80,1000,38,84,0,1
33,73,1003,23,56,0,1
34,26,1005,34,72,1,1
23,35,1021,9,44,0,0
29,65,1009,6,78,0,1
37,27,1004,40,73,0,1
25,37,1015,35,43,0,0
18,77,1006,36,87,0,1
34,87,1004,25,56,0,1
25,70,1005,14,15,1,1
26,93,1009,12,18,0,0
27,40,1023,6,81,1,0
27,68,1015,36,35,0,0
29,36,997,20,77,0,1
25,46,1009,12,65,0,0
22,49,1008,8,27,0,0
22,91,1007,20,11,0,0
28,27,1023,3,55,0,0
39,58,1012,16,75,1,1
24,30,1008,9,51,0,0
36,43,1022,13,72,0,0
22,50,1024,15,96,0,0
38,92,1014,34,69,0,1
21,73,1020,31,85,1,1
19,95,1015,36,45,0,1
33,46,1000,34,38,0,1
35,65,1016,36,23,0,0
25,64,1017,34,28,0,0
27,88,1015,30,97,0,1
38,75,1016,10,90,0,1
27,28,1015,31,32,0,0
39,26,1017,32,3,0,0
30,89,1016,3,5,0,0
21,42,1017,42,68,0,0
18,79,997,18,31,0,1
18,32,1007,10,27,0,0
37,95,1020,43,55,1,1
34,87,1012,8,26,0,0
40,47,1020,15,47,0,0
41,33,1017,11,46,0,0
27,90,999,41,37,1,1
35,59,1001,43,85,0,1
27,47,1003,28,74,0,1
25,81,1012,37,33,0,1
31,76,1024,29,85,0,0
30,62,1014,7,96,0,1
32,38,1004,9,99,0,1
23,45,1022,24,87,1,1
29,47,998,5,93,0,1
18,74,1013,11,88,0,1
23,54,1017,37,79,0,1
28,25,1016,19,99,0,0
27,72,1023,11,59,0,0
28,33,1009,20,36,1,1
29,93,997,11,76,1,1
25,57,1014,35,99,0,1
38,93,1017,14,39,1,1
27,98,996,39,84,0,1
35,59,1020,40,21,0,0
21,91,998,12,16,1,1
25,75,1010,11,31,0,0
21,52,998,14,11,1,1
40,37,1000,36,39,1,1
31,29,996,43,29,1,1
27,97,1011,39,58,0,1
40,59,1001,13,41,1,1
20,57,1002,14,74,0,1
18,58,1012,10,6,0,0
19,29,1011,3,9,0,0
29,30,1008,15,14,0,0
34,67,1009,21,20,0,0
26,88,1023,35,46,1,1
33,54,1011,5,39,1,1
24,62,999,43,66,0,1
41,41,1010,12,12,0,0
19,50,1004,40,1,0,0
34,40,1024,35,10,0,0
39,95,1021,23,63,1,1
26,96,1022,3,48,0,0
33,91,1013,32,25,1,1
19,54,1007,38,77,0,1
23,46,1005,24,53,0,1
37,95,1013,27,58,0,1
30,98,1016,20,94,1,1
30,41,1016,6,20,0,0
24,44,1001,16,78,0,1
18,68,996,33,78,0,1
40,52,1016,4,52,1,0
39,49,1019,33,6,0,0
22,92,995,16,8,0,1
19,84,1000,14,35,0,1
33,99,1000,6,64,0,1
35,98,1004,25,6,0,1
38,57,1006,26,94,0,1
37,39,1023,20,51,0,0
21,60,997,41,22,0,1
36,85,1022,33,57,0,0
19,45,1022,2,54,0,0
18,45,1017,36,54,0,0
37,40,1015,15,47,0,0
26,56,1015,3,56,0,0
22,76,1011,33,80,0,1
24,41,1018,9,22,0,0
36,93,999,24,25,0,1
38,34,1004,30,56,0,1
29,82,1006,8,15,0,0
20,31,1016,15,58,0,0
27,90,1016,17,98,1,1
33,99,1018,44,42,0,1
37,44,1004,20,11,0,0
41,35,1012,17,96,0,0
23,41,1016,26,30,1,0
24,44,1003,44,65,0,1
29,75,999,13,13,0,1
25,33,1004,43,32,0,1
23,33,1017,28,43,0,0
37,56,1016,30,54,0,0
29,81,1007,29,66,0,1
19,81,1018,10,32,0,0
33,25,1015,21,68,0,0
34,64,1000,2,12,0,0
32,38,1010,6,61,0,0
40,85,998,31,61,0,1
23,81,1019,28,35,0,0
18,98,1007,42,31,0,1
18,54,1003,7,9,0,0
37,36,1016,13,13,0,0
39,60,1023,15,1,1,0
28,30,1019,4,22,0,0
20,89,996,16,42,0,1
40,73,997,9,6,1,1
24,85,1013,11,67,1,1
18,92,1003,18,42,1,1
24,37,1019,27,60,1,1
34,54,1020,14,48,1,0
38,75,1009,10,93,0,1
31,32,1006,18,75,0,0
19,76,1012,4,4,1,0
41,29,1021,21,46,0,0
26,90,1017,35,60,0,1
20,54,997,11,55,0,1
23,94,1005,17,62,1,1
27,79,1000,44,25,1,1
30,52,1022,31,76,1,1
36,43,1007,12,22,0,0
19,47,1002,22,58,0,1
31,48,1008,19,93,0,1
31,78,1015,35,4,0,0
20,83,1006,31,41,1,1
34,62,1001,6,69,1,1
28,26,1008,28,15,1,0
34,40,1003,10,4,0,0
22,91,1024,41,30,0,0
23,86,1023,10,53,0,0
28,43,1001,11,4,0,0
23,42,1015,16,58,1,1
23,48,995,29,91,1,1
32,70,1010,38,13,0,0
24,60,1012,16,62,1,1
32,72,1018,23,42,0,0
32,42,1002,4,53,1,1
31,58,995,38,0,0,1
20,34,1013,12,98,0,0
32,83,1014,42,63,0,1
19,54,1000,6,5,1,1
29,28,1018,26,25,0,0
31,70,1005,34,20,0,1
22,61,1006,38,20,1,1
38,57,1006,7,75,1,1
41,54,999,19,15,0,0
31,25,1015,29,52,1,1
35,63,1004,15,78,1,1
30,72,1019,34,32,1,1
28,91,1022,39,64,0,1
31,28,1017,24,79,0,0
24,57,1003,39,55,0,1
38,79,1013,27,64,1,1
39,51,1019,33,71,0,0
35,28,995,17,93,0,1
35,40,1003,10,1,0,0
19,73,1021,32,96,0,1
33,81,1007,20,98,0,1
18,91,1010,22,86,0,1
30,69,1005,5,67,0,1
21,96,1018,35,14,0,0
31,26,1023,36,42,1,0
39,52,1001,23,1,1,1
23,72,1015,44,85,0,1
35,97,1011,3,41,0,0
25,44,1000,12,68,1,1
40,64,998,40,50,0,1
34,50,1015,28,45,0,0
36,96,1011,2,70,1,1
36,66,1021,4,97,0,0
22,70,1010,15,29,0,0
36,50,1010,30,22,1,1
37,70,1010,32,66,0,1
24,87,999,21,22,0,1
26,27,1021,28,73,0,0
40,33,996,7,98,0,1
38,53,1007,6,41,0,0
28,25,1014,44,0,0,0
30,31,997,35,49,0,1
35,95,995,10,57,0,1
34,86,1003,31,78,1,1
37,27,1022,6,65,0,0
33,68,1011,13,89,0,1
39,95,1018,17,81,0,1
35,26,1003,24,55,1,1
27,46,995,19,78,1,1
33,47,1009,3,3,0,0
34,98,1016,7,61,1,1
33,76,1001,25,34,0,1
26,39,1006,24,82,0,1
21,35,998,33,39,0,1
40,91,1000,3,86,0,1
41,96,997,44,66,0,1
29,55,1023,2,75,1,0
41,60,1024,30,88,1,1
34,69,1011,31,18,0,0
25,80,996,10,47,0,1
38,29,1018,32,23,0,0
23,46,1015,31,46,0,0
24,90,1007,28,28,0,1
25,29,1006,28,23,0,0
19,52,1018,6,12,1,0
34,54,1000,20,85,0,1
35,39,1017,29,29,0,0
21,92,999,16,33,0,1
20,67,997,12,60,1,1
39,76,1014,16,39,0,0
19,79,1012,23,28,1,1
39,36,1017,39,1,1,0
38,36,1007,32,8,1,1
28,97,1018,9,27,0,0
28,60,1015,38,31,0,0
34,42,1017,34,72,1,1
28,28,1010,4,71,0,0
19,69,1013,25,79,0,1
40,26,995,19,63,1,1
40,91,1018,25,10,0,0
26,36,1008,5,89,0,0
19,55,1018,4,88,0,0
22,63,1014,32,35,0,0
23,36,1023,17,71,0,0
31,78,1002,34,3,0,1
37,78,1000,6,77,0,1
19,65,1019,40,17,0,0
25,50,1016,22,26,0,0
35,73,995,28,99,1,1
26,59,1000,39,41,0,1
32,81,998,11,59,0,1
41,88,1011,13,56,1,1
31,64,1008,40,42,1,1
30,80,1011,25,23,1,1
33,85,1010,31,27,0,1
36,63,996,14,73,0,1
36,30,1012,41,8,0,0
39,74,1000,12,54,1,1
28,96,1015,4,1,0,0
29,61,1020,37,15,0,0
38,31,1015,12,55,1,0
22,72,1024,40,91,0,1
21,92,1021,7,97,0,1
25,84,1006,31,96,0,1
21,29,1022,36,18,0,0
36,35,1015,21,72,0,0
40,82,1021,6,73,0,0
30,56,1002,28,85,1,1
35,55,1003,35,6,1,1
23,69,1018,36,86,0,1
23,40,1019,43,70,0,0
22,43,1001,23,89,0,1
23,29,1000,39,85,0,1
39,81,1017,12,31,0,0
26,46,1010,43,78,0,1
33,27,1007,31,27,0,0
22,75,1001,40,82,0,1
20,25,1000,20,84,1,1
34,54,1000,12,26,0,0
24,57,1022,33,53,0,0
25,51,1008,23,83,0,1
22,63,1011,30,74,0,1
24,89,1009,20,73,0,1
41,69,1024,27,5,0,0
19,53,1010,13,86,1,1
35,35,999,11,46,1,1
40,93,1009,4,46,0,0
22,92,1017,29,70,0,1
19,26,1003,16,30,0,0
26,39,995,32,26,0,1
28,25,1013,10,59,1,0
34,82,995,13,54,0,1
36,89,995,44,94,0,1
20,35,998,39,38,0,1
21,96,1014,44,20,0,1
28,56,998,42,68,1,1
21,31,996,21,70,0,1
38,81,1003,20,83,0,1
19,40,1000,18,74,1,1
41,64,1018,41,81,0,1
33,30,1008,33,4,1,0
33,41,1021,38,78,1,1
20,85,998,28,77,1,1
37,81,1000,25,22,1,1
19,51,1023,41,32,0,0
21,41,1004,2,42,1,1
34,82,1007,28,42,1,1
19,91,1023,36,50,1,1
23,62,995,2,95,0,1
39,43,997,7,33,0,0
38,91,1012,38,21,0,1
31,86,1009,30,13,0,0
39,31,1014,8,16,1,0
32,80,1024,4,88,1,1
33,25,1018,4,19,1,0
21,86,1018,42,52,0,1
31,69,1009,33,17,0,0
39,99,1001,10,0,0,1
25,99,999,30,5,0,1
29,63,1001,13,32,0,1
36,77,998,20,57,0,1
28,97,1007,23,18,0,1
41,49,997,6,44,1,1
31,58,996,19,59,1,1
36,66,1015,41,4,0,0
35,85,1002,3,86,0,1
21,39,1024,21,23,1,0
37,45,1000,42,12,0,1
31,95,1000,13,50,1,1
36,66,1005,5,92,1,1
26,34,1002,37,95,0,1
23,30,1021,3,72,0,0
22,85,1008,11,62,0,1
24,44,1005,14,63,0,0
29,60,995,11,33,1,1
30,49,1006,34,73,0,1
22,98,1001,28,49,0,1
18,27,1022,30,43,1,0
35,66,1015,33,27,0,0
20,71,1011,30,47,0,1
39,87,998,40,88,0,1
21,76,1014,30,36,0,0
40,65,1000,37,31,0,1
37,92,1001,23,96,0,1
22,34,1005,38,55,1,1
38,40,996,16,40,1,1
19,53,1000,2,39,0,0
40,97,996,40,80,0,1
20,35,1022,29,45,0,0
36,26,1006,12,15,0,0
40,66,1023,6,91,0,0
41,30,1022,4,21,0,0
38,84,1001,33,29,1,1
19,32,1012,34,27,1,1
35,86,1007,22,96,1,1
18,64,1022,22,4,0,0
23,53,1020,37,81,0,0
27,37,1014,31,70,0,0
23,26,1016,9,73,0,0
39,67,1011,23,73,1,1
36,28,1013,42,19,0,0
34,50,997,31,35,0,1
36,40,1009,17,45,1,1
19,63,1000,21,60,0,1
38,35,1010,31,64,0,0
33,94,1016,44,6,1,1
39,58,1014,16,8,0,0
40,70,998,43,29,0,1
18,64,1000,44,38,0,1
24,77,1013,23,30,0,0
39,65,1012,31,44,0,0
24,64,1010,13,0,0,0
25,57,998,41,5,1,1
37,27,1009,7,5,0,0
27,70,1016,6,16,0,0
26,47,1001,34,65,0,1
25,97,1009,44,87,0,1
35,90,1024,16,38,1,0
34,38,1003,8,34,0,0
19,69,996,42,4,1,1
24,49,1007,2,8,0,0
29,28,1015,27,43,1,0
31,34,1020,11,81,0,0
27,99,1009,25,82,1,1
40,78,1021,20,24,0,0
38,46,1009,30,48,0,0
40,73,1016,24,4,0,0
24,59,1011,31,55,0,1
36,47,1004,27,10,0,0
26,95,1004,34,96,1,1
25,95,1012,27,14,0,0
36,66,1012,23,57,0,0
35,46,1019,32,8,1,0
40,85,1013,26,78,1,1
30,58,1002,26,90,1,1
35,34,995,37,16,0,1
40,91,1001,38,9,0,1
24,53,1011,40,69,0,1
31,78,1000,10,59,0,1
28,35,1002,36,74,0,1
20,96,1015,29,52,0,1
38,89,1015,41,93,0,1
28,53,1023,11,98,0,0
22,26,1010,2,58,0,0
19,83,997,10,48,0,1
19,86,996,24,18,1,1
34,52,1020,13,94,0,0
41,28,1012,30,38,0,0
32,55,1013,29,26,0,0
34,66,1005,15,67,0,1
29,61,995,22,87,1,1
35,37,1011,35,37,0,0
21,29,1014,30,10,0,0
34,65,1012,31,13,0,0
27,76,1021,3,66,0,0
41,51,998,36,90,0,1
24,85,999,14,63,0,1
19,61,996,7,89,0,1
18,58,1015,11,4,0,0
36,45,1019,35,28,0,0
25,42,1021,2,74,0,0
23,31,1023,41,87,0,0
34,68,1002,13,25,0,0
31,29,1007,12,15,0,0
41,30,1014,21,23,1,0
41,76,1004,26,91,1,1
30,25,1014,26,75,0,0
31,97,1003,43,62,1,1
33,79,1002,29,65,1,1
41,68,1018,36,33,0,0
34,40,1017,29,12,1,0
32,84,1011,23,94,0,1
25,95,1005,23,82,0,1
36,71,1021,18,17,0,0
29,66,1003,9,57,1,1
40,54,1006,24,69,0,1
23,31,1000,28,1,1,1
19,89,1009,11,9,1,1
21,88,1019,16,72,0,0
36,70,1020,13,34,1,0
28,82,999,39,5,1,1
33,36,1012,23,51,0,0
21,83,1012,32,34,0,1
30,39,1004,22,95,1,1
33,69,999,43,30,1,1
18,85,997,22,91,0,1
34,83,1012,14,33,0,0
39,38,1000,44,80,1,1
41,27,1011,37,50,0,0
39,61,1005,13,20,0,0
39,80,997,43,15,0,1
28,73,1008,19,15,0,0
28,86,1020,16,99,0,1
39,38,996,28,53,1,1
25,69,997,5,89,1,1
19,64,1003,2,0,0,0
33,39,1021,40,65,0,0
28,54,1017,23,50,1,1
30,57,1001,10,64,1,1
33,72,999,15,85,0,1
23,79,1006,42,15,1,1
19,61,1023,24,84,0,0
18,72,1001,32,62,0,1
39,87,1010,29,43,0,1
31,43,1022,14,1,1,0
31,58,1012,25,93,0,1
21,50,997,41,3,0,1
22,53,1017,20,16,0,0
26,91,1004,22,3,1,1
29,35,1016,30,60,1,1
32,38,1001,16,45,0,0
27,75,997,13,76,0,1
39,58,995,39,88,0,1
23,69,998,27,25,0,1
33,85,996,42,44,0,1
31,61,996,6,1,1,1
39,65,1019,31,8,1,0
32,98,1009,4,7,0,0
28,74,1015,35,90,1,1
30,75,998,17,11,1,1
34,40,1001,3,72,0,1
30,59,1016,22,47,0,0
20,46,1003,41,52,1,1
22,30,1008,20,57,1,1
24,53,997,14,35,1,1
23,99,1022,42,72,0,1
36,57,998,34,79,1,1
32,46,1021,38,22,1,0
25,46,1002,13,17,0,0
21,25,1019,26,19,0,0
39,57,1020,28,59,0,0
33,76,1017,42,62,1,1
30,75,1011,28,39,1,1
41,63,1009,26,17,0,0
22,77,1006,18,24,0,0
38,31,1015,13,48,1,0
18,73,1019,40,33,0,0
33,39,1002,16,6,0,0
19,94,998,40,91,0,1
22,42,1005,9,19,1,1
36,43,1023,3,57,0,0
36,57,1005,41,12,1,1
23,44,1015,15,87,0,0
22,30,1002,36,8,0,0
18,44,1000,33,76,0,1
38,61,1006,7,14,0,0
21,70,1001,24,85,0,1
19,63,1012,23,85,1,1
23,76,999,21,5,0,1
22,93,1013,14,26,0,0
31,49,999,24,91,0,1
29,76,1001,4,72,0,1
25,52,1020,17,33,0,0
41,53,998,5,61,0,1
25,26,1023,29,75,0,0
32,56,1016,4,16,0,0
40,36,1008,9,40,0,0
19,98,1002,8,64,0,1
27,75,999,41,20,0,1
30,70,1021,7,30,1,0
21,26,1024,22,33,0,0
36,57,1022,39,48,0,0
36,95,1009,39,24,0,1
40,74,1004,37,49,1,1
27,95,1014,26,39,0,1
41,93,1019,22,39,1,1
22,44,1012,5,10,0,0
39,76,1005,15,44,0,1
33,62,1017,14,19,0,0
36,45,1004,6,13,0,0
22,48,1023,30,1,0,0
29,46,998,7,66,0,1
40,97,1017,5,33,1,1
19,81,999,7,70,0,1
24,29,1022,4,16,0,0
18,79,1003,5,41,0,1
18,41,1014,31,90,0,1
39,31,995,6,51,1,1
19,77,1017,4,61,0,0
33,77,1006,6,3,0,0
35,88,1007,21,52,0,1
20,54,1014,43,85,1,1
21,46,995,22,47,1,1
25,29,1017,41,92,1,1
32,69,1009,4,41,0,0
23,75,1018,14,90,0,1
23,73,1011,22,42,1,1
41,46,1018,34,66,1,1
34,72,1006,26,71,0,1
20,84,1023,13,99,0,0
39,77,1023,32,47,1,1
32,71,995,4,97,0,1
34,68,999,31,61,1,1
32,63,1002,43,91,0,1
27,52,1015,29,85,1,1
37,76,1000,25,91,0,1
26,33,1015,25,94,0,0
25,98,1014,5,2,0,0
25,97,1008,2,13,1,1
39,60,1007,17,10,0,0
20,55,1011,2,89,0,0
33,62,996,30,6,0,1
30,78,1019,5,33,0,0
35,64,1005,38,54,0,1
27,94,1007,17,88,0,1
41,96,1011,15,93,1,1
31,60,1015,32,32,1,1
23,93,1009,31,15,1,1
25,30,999,39,88,0,1
31,55,1013,16,18,0,0
22,50,1010,42,24,0,0
25,81,1002,5,30,1,1
19,91,1003,27,67,0,1
40,49,1009,8,7,0,0
32,57,1010,29,21,1,1
32,60,1021,15,72,0,0
26,38,1009,38,23,1,1
34,67,1007,4,22,0,0
32,67,1010,8,32,0,0
36,65,1012,4,2,0,0
28,47,1017,16,72,1,1
25,62,1015,19,5,1,0
31,30,1015,31,91,1,1
31,89,1021,33,28,0,0
40,95,1001,17,10,1,1
41,80,1019,6,65,0,0
41,40,1019,39,5,0,0
41,79,1006,10,48,0,1
41,65,1001,33,55,1,1
18,87,1016,29,74,0,1
37,98,996,5,21,1,1
27,90,1019,32,86,0,1
36,67,1000,26,3,0,0
41,80,1021,4,75,0,0
29,65,1004,41,44,0,1
34,83,1006,26,42,0,1
30,27,1019,37,94,1,1
31,88,1022,44,94,0,1
37,45,1021,20,99,1,1
33,47,1007,31,73,0,1
23,43,997,11,9,0,0
41,81,996,40,60,0,1
31,52,1012,15,54,0,0
36,65,1006,21,33,0,0
38,80,1013,42,40,1,1
20,96,1016,44,37,0,1
40,90,1014,6,56,1,1
35,84,1017,3,41,0,0
36,89,1001,2,53,0,1
24,32,997,13,97,0,1
21,31,1009,22,24,0,0
23,61,1020,17,0,0,0
22,69,1008,35,65,0,1
36,68,1017,31,80,0,1
34,82,1019,30,82,0,1
18,29,1013,35,77,1,1
25,90,1011,9,16,0,0
28,64,1007,41,70,0,1
20,90,1006,5,63,0,1
19,51,1018,5,27,0,0
29,71,999,6,47,0,1
32,86,1021,5,48,0,0
18,85,1014,18,99,1,1
25,37,1003,38,93,0,1
31,80,1012,19,19,0,0
36,93,996,18,27,0,1
39,94,1014,27,78,0,1
19,60,1018,36,26,0,0
41,70,1014,9,92,0,1
35,50,1001,11,61,0,1
21,44,998,24,28,1,1
22,77,999,25,65,1,1
31,81,1002,38,56,0,1
22,97,1016,44,48,1,1
29,80,1010,31,32,0,1
22,74,1007,39,6,0,0
28,64,998,43,54,0,1
32,33,1018,41,8,0,0
30,85,1003,32,69,1,1
23,99,1004,7,63,0,1
29,72,1007,7,44,0,0
21,27,996,21,82,1,1
21,33,1023,12,52,0,0
19,62,1024,39,32,0,0
38,79,1006,22,22,0,0
34,69,1007,28,74,1,1
34,26,1024,3,58,0,0
39,70,1015,20,48,0,0
35,51,1005,20,29,0,0
27,88,1015,24,35,0,0
23,53,1005,39,78,0,1
23,76,995,42,13,0,1
18,70,1008,37,45,1,1
28,67,1009,39,88,1,1
30,79,1017,15,87,0,1
41,26,1013,35,48,0,0
40,32,999,30,42,1,1
37,57,1014,17,58,0,0
33,80,999,43,87,0,1
20,33,1016,21,39,0,0
21,47,1001,9,73,1,1
41,80,1008,17,16,1,1
29,97,1022,9,40,0,0
27,56,999,19,28,1,1
22,30,1014,10,52,0,0
34,57,1016,23,26,0,0
30,26,1008,8,10,0,0
34,87,1015,16,79,0,1
38,79,1003,7,0,1,1
22,50,995,2,92,0,1
26,52,999,22,62,1,1
29,30,1023,41,60,0,0
28,76,995,26,13,1,1
41,37,1009,9,46,0,0
28,88,1014,16,20,1,1
29,25,1004,34,31,0,0
25,82,995,39,74,0,1
27,66,1012,23,49,1,1
27,72,1019,10,29,0,0
41,90,1005,27,71,0,1
30,64,1007,17,85,1,1
19,58,1010,15,45,1,1
22,67,1012,27,73,0,1
19,85,1021,10,76,0,0
37,26,997,14,20,0,0
37,42,1019,39,24,0,0
35,53,995,33,71,0,1
34,49,1011,25,96,1,1
36,35,1017,11,58,1,0
33,44,1022,6,66,1,0
19,25,1010,28,62,0,0
37,95,1005,39,97,1,1
36,81,1016,30,97,0,1
30,91,1015,39,20,0,0
18,63,1024,27,70,0,0
39,97,1012,2,10,0,0
28,98,1011,28,75,0,1
27,45,1021,7,37,1,0
25,94,996,41,85,0,1
38,56,1002,44,9,0,1
37,37,1016,42,78,0,0
30,37,1019,26,84,1,1
27,39,1015,43,7,0,0
38,41,999,14,20,0,0
36,68,1006,26,52,0,1
38,81,1017,3,93,0,0
30,27,1021,21,62,1,0
38,42,1003,23,27,0,0
22,66,1016,43,66,0,1
22,80,1017,14,58,1,1
34,30,1023,28,44,0,0
20,86,1010,6,65,0,1
39,89,1007,17,65,0,1
29,29,999,23,12,1,1
36,33,1010,33,82,0,1
32,33,1010,7,71,0,0
31,66,1021,37,33,1,1
28,98,1019,39,6,0,0
32,75,997,28,77,0,1
19,47,1010,18,78,1,1
30,85,1023,8,2,0,0
33,32,1020,16,4,0,0
24,36,997,9,73,0,1
39,74,1006,23,90,0,1
36,29,1010,42,73,0,1
29,89,1016,18,34,0,0
26,79,999,10,10,1,1
25,28,1010,26,57,0,0
41,88,997,33,33,0,1
28,82,997,8,34,0,1
41,93,1021,11,75,0,0
25,62,1017,31,8,0,0
19,41,1007,8,21,0,0
30,66,1022,37,58,1,1
33,79,999,6,37,0,1
31,88,1005,26,51,1,1
36,49,1010,10,60,0,0
32,73,1024,22,88,0,0
39,65,997,10,23,1,1
34,32,1000,10,14,1,1
35,35,1018,14,93,0,0
33,36,1015,25,25,0,0
22,47,995,11,34,1,1
18,96,1003,24,83,0,1
24,99,1017,9,42,0,0
21,65,1002,28,83,1,1
33,38,1022,31,78,1,1
38,36,1017,12,38,1,0
26,39,996,5,97,0,1
24,94,1016,38,57,0,1
21,34,1021,21,35,1,0
35,56,997,24,76,0,1
36,78,996,5,47,0,1
38,68,996,31,55,0,1
29,60,997,26,48,1,1
39,68,1023,8,47,1,0
38,69,1014,10,35,0,0
35,90,999,32,85,0,1
37,44,1009,2,93,0,0
31,25,999,11,72,0,1
24,66,1022,26,35,0,0
20,35,1004,9,91,1,1
23,88,1003,41,37,0,1
23,26,1019,25,66,0,0
24,85,1003,31,15,1,1
25,38,1020,38,57,0,0
39,80,1024,33,77,1,1
21,48,1009,12,40,0,0
37,58,1022,34,20,0,0
34,92,999,38,59,0,1
19,46,1004,31,4,0,0
40,85,1015,14,8,0,0
20,42,1006,42,15,0,0
35,75,995,7,81,0,1
23,60,1011,23,70,1,1
32,46,1011,39,7,1,1
21,61,1002,15,83,0,1
35,78,1009,22,58,1,1
27,76,1009,21,27,0,0
25,37,1011,5,97,0,0
22,88,996,17,22,1,1
32,70,1001,38,40,0,1
24,92,1001,34,46,0,1
32,84,999,24,73,1,1
40,69,1009,41,51,0,1
23,64,1009,6,11,0,0
36,54,1022,16,17,0,0
24,84,1008,25,62,1,1
28,63,1005,41,55,0,1
28,44,1004,40,85,1,1
21,54,1020,7,61,0,0
21,49,1001,12,58,0,1
29,53,996,19,8,1,1
26,89,1001,40,41,0,1
21,85,1002,15,44,1,1
24,66,1005,12,37,0,0
29,66,1020,10,21,0,0
20,54,1019,27,71,0,0
39,32,1007,3,13,0,0
40,48,997,15,67,1,1
23,62,996,35,18,0,1
21,28,1020,27,74,0,0
34,33,1008,3,13,0,0
39,57,998,11,52,0,1
38,59,997,20,21,0,1
36,92,1002,27,50,0,1
39,71,1005,10,34,0,0
36,72,1010,29,2,1,1
30,51,1014,41,38,0,0
41,46,1013,27,83,1,1
35,62,1023,24,3,1,0
38,61,1023,7,27,0,0
37,40,1007,16,61,0,0
19,77,1020,21,27,0,0
24,45,1003,40,72,0,1
27,55,1004,14,68,0,1
25,62,1005,37,1,0,0
29,54,1019,41,98,0,1
24,74,1000,19,7,0,1
21,79,1003,11,57,0,1
33,49,1023,9,83,0,0
40,76,1021,14,25,0,0
26,50,1006,27,46,1,1
29,48,1024,15,22,0,0
23,45,1007,21,20,1,1
21,49,1013,8,70,0,0
34,96,1020,16,19,1,1
41,80,1007,2,38,0,0
25,30,1022,38,21,0,0
25,33,1007,4,66,1,1
28,70,1020,29,30,0,0
26,32,1006,42,85,1,1
34,35,1015,3,28,1,0
36,30,998,13,33,0,0
22,61,1002,38,96,0,1
31,55,996,12,35,1,1
33,54,1001,6,36,1,1
36,45,1022,20,99,1,1
22,26,1019,27,29,1,0
37,42,1009,17,91,0,1
23,67,1000,18,41,0,1
33,79,1022,30,53,1,1
25,32,999,44,97,1,1
21,60,999,24,18,0,1
32,82,1008,9,72,0,1
29,87,1017,33,35,0,0
33,99,1019,35,50,0,1
37,34,1020,13,40,0,0
22,64,1011,2,76,0,0
24,54,1018,9,66,0,0
26,67,1015,15,90,0,1
29,61,1015,7,82,0,0
18,34,1008,27,86,1,1
28,92,1012,20,99,1,1
35,89,1021,21,61,1,1
36,89,995,4,57,0,1
32,67,1002,31,61,0,1
25,49,1020,28,53,0,0
40,65,1010,9,62,0,0
28,31,1015,35,84,0,0
28,41,1015,7,70,0,0
23,87,1006,23,2,0,0
40,91,1017,6,28,0,0
22,69,1016,25,20,1,1
22,86,1012,39,34,0,1
20,29,1003,5,32,0,0
28,93,1004,4,14,1,1
31,61,1002,18,19,1,1
19,58,996,4,27,1,1
37,60,997,42,58,0,1
39,76,1002,24,18,0,1
28,60,998,27,26,0,1
37,68,996,34,89,0,1
25,93,996,28,35,0,1
38,95,999,37,87,1,1
34,94,1020,27,24,1,1
26,61,1000,31,26,1,1
20,79,999,13,53,0,1
35,31,1014,27,75,0,0
19,78,1002,34,45,0,1
39,87,1015,43,91,1,1
18,93,1022,7,3,1,0
19,53,1018,22,25,1,0
26,58,999,2,31,0,0
39,48,1006,22,75,1,1
37,90,1008,18,87,1,1
34,32,1004,4,74,0,0
32,56,1024,12,2,0,0
40,63,998,31,37,0,1
21,84,1013,13,48,1,1
37,52,1019,17,81,0,0
21,45,1021,2,68,0,0
27,74,1015,11,89,0,1
20,44,1009,6,69,1,1
39,36,995,43,66,0,1
32,28,1013,18,54,0,0
22,48,998,25,18,0,1
26,45,1011,9,94,1,1
28,77,1008,24,36,1,1
29,95,1015,22,40,0,0
41,25,1008,21,91,0,1
23,28,995,22,98,0,1
35,76,997,22,79,1,1
24,97,1017,3,66,0,0
41,47,1000,22,46,0,1
30,33,997,32,63,0,1
24,37,1003,12,40,0,0
32,73,995,36,34,1,1
41,60,1007,40,3,0,0
28,82,1024,8,8,0,0
21,94,997,36,32,1,1
20,79,1019,4,63,0,0
35,27,1021,40,90,0,0
34,84,1003,43,4,0,1
21,38,1023,12,59,0,0
22,77,1006,22,78,0,1
25,50,998,31,63,0,1
41,62,1012,10,85,1,1
23,45,1001,13,35,0,0
20,51,1022,8,65,0,0
34,89,996,14,77,0,1
19,88,1011,42,55,0,1
33,86,1018,12,84,0,1
21,58,1004,42,61,1,1
21,65,1008,5,97,0,1
27,38,1003,44,19,0,0
34,96,1011,22,88,1,1
38,37,1019,14,46,0,0
30,64,1001,43,75,0,1
31,41,1007,2,0,0,0
37,70,1007,35,61,0,1
36,65,1017,29,93,0,1
31,26,1006,44,1,0,0
29,82,1009,41,39,0,1
31,49,1004,37,47,0,1
38,33,1005,28,58,0,1
18,35,1019,4,65,1,0
41,73,1002,16,69,0,1
19,78,1009,35,53,0,1
40,84,1024,32,29,0,0
18,65,1011,22,86,0,1
30,78,1013,28,39,0,0
34,60,1001,21,23,1,1
34,93,1014,37,94,0,1
38,98,1000,6,30,0,1
26,29,1013,28,27,1,0
29,93,1002,18,7,1,1
35,34,1001,42,43,0,1
34,71,1005,20,20,1,1
25,80,1005,2,87,0,1
23,98,1009,41,45,0,1
40,44,1022,39,34,1,0
35,71,998,17,86,1,1
18,87,1014,10,75,0,1
22,41,997,39,28,0,1
39,77,1020,14,56,1,1
32,51,1020,40,12,1,0
36,27,997,27,5,0,0
23,51,1003,25,9,1,1
32,36,1022,14,17,0,0
31,41,1017,24,64,1,1
31,79,1008,39,57,0,1
34,40,996,19,73,0,1
21,95,1010,38,68,0,1
24,81,1011,34,62,0,1
39,58,1019,34,61,0,0
27,91,1024,30,98,1,1
24,25,1018,20,57,1,0
39,95,1005,34,53,0,1
27,27,1008,6,80,0,0
41,67,1022,39,58,1,1
32,70,1001,43,6,0,1
41,43,1015,27,15,1,0
19,89,1010,37,34,0,1
34,93,1017,30,0,1,1
26,39,1004,38,15,1,1
21,77,1009,4,18,0,0
33,83,997,9,87,1,1
20,40,1001,42,34,1,1
29,73,1022,17,67,1,1
26,85,1006,22,14,0,0
19,30,1019,17,22,0,0
26,54,997,17,3,0,0
35,52,1021,4,25,1,0
24,78,1007,5,79,0,1
32,98,999,37,18,1,1
32,65,1010,29,30,1,1
28,89,1003,13,86,0,1
26,77,1020,31,56,0,0
30,74,998,26,12,1,1
30,36,1018,29,0,0,0
39,51,1015,23,12,0,0
31,48,1008,18,4,0,0
27,51,1016,42,95,1,1
21,79,1001,44,90,0,1
33,85,1007,30,53,0,1
38,69,995,11,57,1,1
27,54,1022,30,30,1,0
21,98,1007,32,97,0,1
24,66,1006,32,10,0,0
29,56,1017,41,38,0,0
36,53,1012,20,55,1,1
34,65,1024,14,67,0,0
21,48,995,34,72,0,1
20,27,1024,19,65,0,0
26,90,1014,28,99,0,1
36,40,1020,15,46,0,0
32,43,1024,42,20,0,0
40,54,1011,43,36,0,0
39,84,1018,11,87,0,1
39,59,1010,6,30,0,0
40,49,1005,26,66,0,1
33,88,996,6,82,0,1
28,55,997,22,51,0,1
26,82,1001,34,0,0,1
24,36,1024,17,76,0,0
34,51,1023,42,77,0,0
37,30,1018,41,32,1,0
34,91,1017,22,21,0,0
37,32,1013,39,99,0,1
19,98,1005,44,34,1,1
34,81,995,30,51,1,1
39,49,1002,30,31,1,1
35,91,1006,21,49,0,1
41,37,1022,9,41,0,0
38,50,1000,39,54,1,1
36,35,997,24,61,0,1
26,28,997,21,50,0,1
36,87,1011,9,69,0,1
25,43,1010,11,54,0,0
25,32,1019,9,83,0,0
39,68,999,35,24,0,1
32,88,1007,20,43,1,1
29,88,1017,24,35,0,0
32,80,1019,31,68,1,1
27,80,1016,43,29,1,1
23,79,1000,8,35,0,1
24,58,996,8,42,0,1
37,31,1016,38,97,1,1
27,84,1012,41,79,1,1
26,56,1000,40,25,0,1
26,33,1018,8,75,0,0
37,45,1006,23,22,0,0
22,61,1001,4,0,1,1
24,82,1002,15,14,0,1
18,65,1019,8,58,0,0
35,38,1016,16,81,1,1
28,89,1017,29,97,0,1
34,27,1005,5,93,0,0
33,41,1005,37,31,1,1
39,51,1010,35,4,0,0
35,27,1022,3,33,0,0
38,54,996,2,92,1,1
36,76,1024,42,92,0,1
36,89,1012,42,32,0,1
35,41,1014,24,91,0,0
24,81,1014,42,74,0,1
26,92,1011,39,92,0,1
31,61,1012,29,71,0,1
39,59,1021,32,97,0,1
31,41,1011,22,89,0,1
38,46,1020,42,2,0,0
21,90,1008,21,99,0,1
32,71,996,5,56,0,1
26,86,1001,13,77,0,1
23,78,1021,20,84,0,0
32,43,1006,35,42,0,1
18,80,1015,35,24,0,0
28,43,1011,35,1,0,0
23,39,1005,25,59,0,1
31,32,1007,24,92,0,1
33,74,1006,24,75,0,1
23,86,1018,2,89,0,0
34,51,1019,31,24,0,0
29,73,1020,22,97,0,1
30,77,1015,2,76,0,0
40,27,1005,30,47,1,1
19,42,1011,2,27,1,0
37,45,1000,22,93,0,1
26,77,1019,32,99,0,1
25,41,1009,21,44,0,0
21,74,1013,29,71,0,1
19,53,1016,4,86,0,0
23,64,1017,13,68,0,0
21,87,1018,6,60,0,0
20,66,1013,9,27,0,0
40,31,1000,14,56,0,0
23,34,1021,27,56,1,0
35,83,1022,4,56,0,0
20,54,1013,34,7,0,0
21,93,1022,35,54,0,0
24,66,1004,25,47,0,1
40,65,1018,41,31,1,1
34,87,1016,19,84,0,1
24,41,1009,17,26,0,0
27,87,1000,30,1,1,1
31,36,1014,25,27,0,0
22,30,1007,31,94,1,1
25,99,1015,17,25,0,0
33,73,1003,27,5,0,0
34,34,1005,32,17,0,0
38,77,1016,26,5,0,0
18,93,996,33,45,1,1
40,94,996,26,22,1,1
30,68,1007,8,47,0,0
31,54,1003,39,29,0,1
39,81,1019,32,22,0,0
18,78,1009,21,55,1,1
39,86,1016,36,94,0,1
32,29,1016,18,91,0,0
36,61,1015,38,50,0,0
18,54,1020,44,35,0,0
27,50,1005,19,96,0,1
19,84,1020,23,23,1,1
38,60,1001,29,23,1,1
30,96,995,41,80,0,1
30,78,1009,28,76,1,1
29,67,1014,14,79,0,0
33,42,1011,40,77,0,1
29,77,995,30,91,0,1
24,73,1021,14,44,0,0
40,56,1002,12,12,1,1
18,81,996,12,45,0,1
24,48,1010,31,42,0,0
21,98,995,8,43,0,1
28,54,995,16,62,0,1
38,44,1016,26,49,0,0
36,61,1008,28,18,1,1
39,58,1009,37,52,1,1
21,36,1019,20,55,1,0
39,71,1003,8,26,1,1
40,87,1005,7,34,0,1
23,87,1011,19,30,0,0
41,91,1000,18,51,0,1
33,41,1010,22,40,0,0
26,77,1004,33,24,1,1
18,62,1017,29,78,1,1
27,83,997,34,15,0,1
33,45,1020,12,70,1,0
34,38,1011,34,23,0,0
32,74,1005,26,63,0,1
18,26,1001,11,13,1,1
31,75,1004,40,39,1,1
23,55,999,10,57,0,1
18,95,1000,9,33,1,1
35,77,1001,16,63,0,1
37,85,1019,15,26,0,0
23,65,1021,32,77,0,0
34,29,1005,23,39,0,0
23,63,1000,21,3,0,0
34,33,1021,4,95,0,0
20,48,1003,7,81,1,1
23,66,1005,15,75,1,1
35,48,1016,16,94,0,0
32,78,996,3,35,1,1
31,56,1013,14,96,1,1
31,41,1020,17,31,0,0
40,36,995,4,74,0,1
22,71,1021,17,98,1,1
33,92,1020,33,90,1,1
32,69,1022,11,97,0,0
34,50,1002,17,92,1,1
30,79,1022,13,47,0,0
27,94,999,19,30,0,1
20,93,996,34,35,0,1
20,99,997,29,58,0,1
26,50,1023,11,26,0,0
35,77,1012,23,16,0,0
22,97,1006,25,56,0,1
36,31,1014,42,71,0,0
38,88,1005,26,16,1,1
20,63,1001,3,15,1,1
31,53,1001,3,9,0,0
30,78,996,43,13,0,1
29,73,1000,37,33,0,1
40,47,1018,17,43,0,0
30,89,1013,34,97,0,1
40,34,996,34,86,0,1
40,65,1000,24,55,1,1
41,65,1022,16,61,0,0
19,53,1017,19,6,0,0
37,74,1023,4,73,0,0
38,97,1011,33,47,0,1
35,84,1000,7,80,1,1
19,49,1000,2,79,1,1
29,97,1007,8,0,0,0
20,91,1018,20,3,1,0
29,54,998,43,58,1,1
28,28,1005,25,53,0,0
30,41,1020,14,80,1,1
32,28,1012,44,8,1,0
20,98,1019,38,28,0,0
35,29,1018,7,63,0,0
20,29,1012,16,90,0,0
24,48,1015,3,82,0,0
35,34,1007,38,22,0,0
18,85,1016,7,64,1,1
33,64,1000,18,89,0,1
23,55,1017,21,22,0,0
32,62,1005,9,77,1,1
39,58,995,38,95,0,1
29,60,998,22,60,1,1
29,63,1019,20,1,0,0
36,27,1017,5,27,0,0
23,65,999,8,76,0,1
19,76,1004,7,67,0,1
33,69,1006,40,69,0,1
31,99,1016,37,86,1,1
40,51,996,21,14,0,1
40,99,1011,8,74,1,1
18,61,1007,8,23,0,0
29,68,1020,2,5,1,0
28,36,995,7,92,1,1
30,98,1017,40,73,0,1
41,32,1014,42,15,0,0
28,28,997,16,67,0,1
26,49,995,41,65,0,1
18,46,1004,13,26,0,0
31,46,1003,16,96,0,1
35,36,1002,38,44,0,1
19,31,996,23,3,0,0
31,91,1003,19,56,0,1
37,33,1013,7,43,0,0
23,29,1023,28,44,0,0
39,56,1019,8,29,1,0
29,33,996,4,36,0,0
31,50,1013,22,9,1,0
37,25,1015,5,77,0,0
41,51,1005,28,87,1,1
24,60,1006,6,4,0,0
27,40,1018,30,52,0,0
39,41,999,3,35,1,1
31,69,1023,40,8,0,0
32,97,1019,29,26,0,0
18,62,1002,5,35,0,0
27,73,1003,43,7,1,1
30,70,997,30,15,0,1
37,74,998,3,74,0,1
40,84,1012,2,96,0,1
22,47,1011,19,73,0,0
24,39,1013,28,8,0,0
38,77,999,30,41,1,1
38,94,1019,36,16,0,0
28,68,1016,39,40,1,1
19,89,1012,4,92,1,1
19,60,1009,38,9,1,1
20,70,1004,18,46,0,1
20,75,1007,26,54,0,1
26,36,997,10,36,0,0
36,46,1007,35,82,1,1
35,29,1020,28,19,1,0
39,82,996,2,4,0,0
38,36,998,38,74,0,1
38,33,1020,40,26,1,0
28,86,1012,26,81,0,1
25,26,1016,22,25,0,0
31,87,997,7,22,0,1
25,88,1023,31,23,0,0
32,75,996,22,39,1,1
20,68,997,20,79,0,1
33,55,995,18,84,1,1
34,47,1011,17,57,0,0
37,64,1013,42,53,0,1
38,41,998,17,55,0,1
30,58,1016,43,92,1,1
22,89,1002,26,69,1,1
31,60,1012,41,43,1,1
24,80,1011,13,22,1,1
31,79,1022,14,37,0,0
39,35,1004,4,18,1,0
40,58,1005,39,4,0,0
21,29,1018,6,26,0,0
27,39,1003,35,98,0,1
41,58,996,28,20,0,1
25,68,998,26,70,0,1
27,98,1000,25,73,0,1
29,89,995,12,49,0,1
39,58,1000,17,58,0,1
32,70,1001,2,72,0,1
28,35,1000,35,49,0,1
25,49,998,32,84,0,1
40,49,1022,16,51,1,0
31,46,1009,7,50,0,0
40,99,995,29,21,0,1
26,71,1022,37,21,0,0
26,62,1011,26,16,0,0
29,70,1002,30,14,0,1
34,34,1024,38,62,1,0
19,28,1015,3,32,0,0
23,81,995,17,19,1,1
35,38,997,34,60,1,1
38,74,1009,43,19,0,1
24,90,1003,24,35,1,1
27,35,995,14,38,1,1
26,80,1012,4,95,0,1
30,54,1022,7,90,1,1
34,53,1003,5,39,0,0
23,97,1020,40,40,0,1
31,85,1024,35,67,0,0
32,67,1015,44,28,0,0
41,69,1010,10,84,0,1
22,61,999,7,47,0,1
25,56,1021,38,76,1,1
21,52,1002,17,56,1,1
36,63,1006,31,41,1,1
30,88,996,13,65,0,1
24,56,1002,36,5,1,1
32,37,1017,10,58,0,0
22,54,1014,39,43,1,1
35,98,1014,42,1,0,0
25,97,1022,22,96,1,1
37,28,1010,26,61,0,0
19,74,1010,13,25,0,0
22,79,998,19,23,0,1
33,66,1011,13,26,0,0
21,59,995,13,28,0,1
29,60,1010,35,35,0,0
28,83,997,11,11,0,1
38,46,1012,7,88,1,1
32,89,1017,41,81,0,1
29,86,1014,26,96,0,1
40,43,1021,29,90,1,1
28,55,1016,36,61,0,0
23,82,1017,10,56,0,0
34,92,1020,25,79,0,1
20,27,1006,42,98,0,1
37,69,1000,34,42,0,1
20,42,1024,44,89,0,0
20,86,1015,13,48,1,1
40,49,1009,10,38,0,0
35,79,1023,29,56,0,0
35,40,1009,24,93,0,1
20,52,1008,4,15,0,0
27,73,998,23,17,0,1
40,40,1018,4,52,0,0
24,45,995,31,46,1,1
24,54,1018,34,15,0,0
20,85,996,27,17,0,1
20,41,1018,3,69,0,0
34,81,1018,7,75,0,0
23,58,1021,4,40,1,0
27,88,1017,28,92,1,1
30,49,1022,30,14,0,0
23,84,1012,8,34,0,0
40,29,1005,32,79,0,1
35,25,1016,29,68,0,0
32,76,1000,25,22,0,1
41,55,1001,14,3,0,0
35,76,1012,17,47,0,0
19,78,1013,29,79,0,1
21,69,1002,36,23,0,1
22,99,1007,35,23,0,1
26,74,1024,15,23,0,0
19,60,1009,36,28,0,0
32,35,1017,16,56,1,0
40,79,1018,11,3,0,0
19,43,1018,9,63,0,0
31,94,1006,42,70,0,1
33,32,1008,21,27,0,0
40,28,998,4,9,1,1
35,69,1005,37,34,1,1
41,79,1024,24,42,1,1
28,64,1012,32,2,0,0
34,63,996,6,96,0,1
29,43,1023,23,7,0,0
24,42,1000,5,40,0,0
29,61,996,4,44,0,1
30,78,1008,31,17,1,1
26,64,1019,26,90,0,1
33,34,1019,36,23,0,0
28,98,1012,22,27,1,1
18,92,997,21,5,1,1
34,43,1011,18,48,1,1
19,86,1022,5,86,0,0
35,58,1023,16,44,1,0
26,59,1004,41,37,0,1
31,94,1013,27,72,0,1
33,69,1007,27,52,0,1
21,95,1013,36,10,0,0
31,73,999,26,13,1,1
34,42,995,44,3,0,1
22,76,997,27,14,1,1
39,91,1000,32,89,0,1
34,40,1016,5,9,0,0
24,74,1007,5,31,1,1
33,88,1010,23,23,0,0
39,80,1015,10,65,1,1
40,49,1015,39,24,0,0
31,99,1022,37,3,0,0
41,79,1010,26,71,0,1
37,89,1024,5,11,1,0
36,94,1014,36,2,0,0
24,51,995,41,17,0,1
24,35,999,12,2,0,0
23,78,1009,35,27,0,1
31,90,999,17,71,0,1
28,69,1009,5,22,0,0
33,77,1004,35,17,0,1
21,86,1014,9,63,0,0
25,38,1010,39,17,1,1
21,63,1002,42,0,1,1
24,66,1018,2,17,0,0
36,31,996,8,27,1,1
34,54,1024,22,72,1,1
39,51,1012,11,21,1,0
27,65,1010,6,50,0,0
41,80,999,8,23,1,1
29,73,1017,5,94,0,0
27,61,1004,43,58,0,1
27,77,1004,9,74,0,1
36,95,1022,22,52,1,1
29,37,1011,32,8,0,0
38,75,1002,28,39,0,1
32,63,1000,33,7,0,1
27,66,1018,3,40,1,0
35,57,1006,38,56,0,1
37,71,996,26,3,0,1
36,79,1006,3,36,0,0
40,43,997,25,22,1,1
29,59,1021,44,77,0,1
20,93,1023,40,51,0,0
20,57,1002,38,34,1,1
30,92,1012,31,69,0,1
19,76,1023,21,15,1,0
34,51,1017,2,12,1,0
20,38,1018,29,45,0,0
31,99,1021,2,32,0,0
35,78,996,5,53,1,1
40,41,1010,17,72,1,1
24,97,1017,28,95,0,1
41,44,1015,20,73,0,0
19,27,1001,3,24,0,0
32,31,1021,19,70,1,0
26,84,1006,34,65,0,1
40,88,1000,44,24,0,1
38,61,1020,30,58,0,0
41,95,1021,37,61,1,1
18,78,999,30,80,1,1
34,92,1011,13,22,0,0
21,97,1018,19,26,0,0
18,94,1013,34,39,0,1
20,37,1020,35,76,1,1
25,32,1013,42,73,0,1
40,95,1004,36,1,0,1
27,76,1011,23,8,0,0
39,78,998,40,17,1,1
39,91,1007,18,60,1,1
34,80,1010,17,85,1,1
31,74,1023,18,27,0,0
41,70,1022,36,19,1,0
21,40,1015,22,10,0,0
22,68,1022,23,83,0,0
28,45,995,18,35,0,1
21,30,1012,22,76,1,1
22,62,1018,19,92,0,0
23,96,1019,31,87,0,1
21,75,1004,10,54,0,1
29,78,1009,3,19,1,1
38,85,998,21,19,0,1
31,42,1000,34,73,0,1
19,27,1002,12,45,1,1
27,41,1009,31,42,0,0
24,44,1006,22,27,0,0
33,98,1016,23,6,0,0
19,65,1009,15,43,0,0
34,69,1002,43,76,0,1
41,71,1018,8,29,0,0
38,96,1001,40,1,0,1
29,43,1022,36,75,0,0
23,94,1013,28,8,1,1
35,34,1004,34,81,0,1
24,56,1005,7,82,0,1
28,58,1005,6,18,0,0
39,38,1004,12,30,0,0
38,25,1024,32,74,0,0
37,45,999,38,13,0,1
22,94,1018,17,59,0,0
23,76,1007,9,31,0,0
22,96,1021,31,82,1,1
29,92,1021,11,47,1,1
29,55,1010,24,92,0,1
19,47,1010,12,72,0,0
30,69,1002,11,90,1,1
38,25,1010,44,96,0,1
33,35,1012,3,95,0,0
37,45,998,39,55,1,1
28,42,1011,35,44,1,1
23,67,1024,40,61,1,1
34,70,1003,14,5,0,0
18,28,1008,36,26,1,1
18,52,1023,33,27,0,0
35,92,1000,42,54,0,1
22,46,1019,23,65,0,0
19,26,1008,37,7,0,0
21,42,1023,20,9,0,0
26,46,1001,39,64,1,1
36,50,1018,32,40,1,1
35,90,1011,25,91,0,1
27,57,1018,12,7,0,0
29,59,1019,16,20,1,0
22,41,1024,27,97,0,0
26,85,1024,38,83,0,1
39,37,1019,41,41,0,0
28,49,1004,11,94,1,1
41,65,1023,6,96,0,0
38,88,999,35,8,1,1
27,36,997,40,17,0,1
28,51,1015,11,12,0,0
32,49,1007,42,63,0,1
37,65,998,21,68,0,1
29,41,999,27,99,0,1
34,80,1002,6,9,0,0
40,38,1021,28,4,0,0
22,36,1004,9,58,0,0
33,79,1024,44,40,1,1
37,99,1014,44,6,0,1
28,68,1012,25,85,1,1
29,89,1024,7,37,1,0
28,94,995,36,23,0,1
36,85,1002,3,59,1,1
31,79,998,25,82,0,1
39,64,1021,16,51,1,0
18,33,1013,19,38,0,0
37,39,1019,26,48,1,0
28,50,1007,29,5,0,0
28,41,1008,37,93,1,1
31,52,1001,17,77,1,1
34,54,1009,40,41,0,1
39,28,997,25,77,1,1
38,85,1019,36,30,0,0
29,34,1014,19,55,0,0
36,35,999,38,44,1,1
33,38,1015,29,8,0,0
25,72,1013,3,5,0,0
19,75,1013,14,48,1,1
26,47,999,9,72,0,1
29,35,1012,14,34,1,0
28,54,1022,4,28,1,0
32,29,1022,32,4,1,0
34,50,1001,31,97,1,1
31,42,1019,18,24,1,0
38,63,1021,21,10,0,0
24,49,1024,3,83,0,0
19,71,1021,33,58,0,0
20,70,1007,28,35,0,1
41,59,1017,19,22,1,0
29,25,1021,25,65,0,0
37,30,1002,22,20,0,0
23,68,1021,31,9,1,0
27,49,1010,20,73,0,1
20,92,1002,34,83,0,1
29,27,1017,28,36,1,0
25,67,1013,31,43,0,0
31,81,1006,10,21,0,0
23,51,1020,20,51,0,0
34,47,1011,22,73,1,1
39,38,1013,19,46,0,0
37,61,1019,31,29,0,0
33,63,1021,17,31,1,0
27,99,1009,24,47,0,1
24,38,1003,29,69,0,1
39,85,1012,39,85,0,1
38,39,1003,43,57,1,1
38,67,1007,35,70,1,1
24,36,1021,8,68,0,0
39,52,996,26,65,0,1
19,70,1009,33,11,1,1
36,71,1000,11,9,1,1
40,95,1013,11,42,0,0
36,95,1010,27,85,0,1
41,78,1012,30,31,1,1
23,89,1007,39,5,0,1
26,83,1001,28,66,0,1
19,87,1012,33,20,0,0
18,35,997,23,73,1,1
41,31,1011,37,0,0,0
34,35,997,11,65,1,1
33,50,1002,40,73,0,1
21,33,999,8,99,0,1
29,72,1002,26,12,0,1
25,57,997,38,91,1,1
18,77,997,39,75,1,1
35,45,1015,18,26,0,0
29,60,1022,26,72,0,0
40,99,1012,2,15,1,1
30,59,1012,33,86,0,1
28,52,1020,3,66,1,0
18,71,1016,36,99,0,1
29,77,1006,12,69,0,1
19,45,1012,9,97,0,0
31,43,1014,5,31,1,0
29,82,1004,42,98,0,1
25,77,1006,13,41,0,1
37,64,1013,23,69,0,1
40,33,1005,36,92,0,1
38,77,1000,2,30,1,1
20,64,998,7,75,0,1
24,72,1001,4,12,1,1
26,99,1001,24,46,0,1
18,60,1008,38,31,1,1
18,71,1001,17,31,1,1
32,25,1022,20,57,0,0
32,88,1012,5,49,0,0
33,38,1024,15,6,0,0
31,66,1007,7,61,0,0
23,99,1013,4,0,0,0
31,74,1022,4,71,0,0
32,78,996,30,15,0,1
27,83,1005,33,23,0,1
27,78,1011,33,86,1,1
24,67,1015,2,93,0,0
39,58,1023,39,60,0,0
41,32,1016,21,45,0,0
38,50,1014,23,56,0,0
34,51,997,25,24,0,1
21,69,1016,18,77,0,0
35,47,1002,17,88,1,1
34,70,1011,41,14,0,0
28,30,1017,20,79,0,0
28,63,1018,11,50,0,0
41,89,1008,18,62,1,1
39,49,1022,38,98,0,0
32,31,1005,11,77,1,1
34,60,1000,6,41,0,1
38,25,998,12,9,0,0
36,66,1024,42,19,0,0
29,88,1004,39,65,1,1
35,35,1024,20,47,0,0
20,92,1015,6,35,0,0
24,84,1018,32,83,0,1
41,98,996,44,6,0,1
24,52,1004,28,36,0,1
23,80,1022,35,28,1,1
25,70,999,4,77,0,1
40,74,1015,44,47,1,1
35,31,1019,37,82,0,0
41,80,1015,44,76,0,1
30,69,999,36,67,0,1
28,26,996,4,28,0,0
33,89,1004,7,58,0,1
29,76,1023,3,78,1,1
18,94,1012,20,93,0,1
22,91,1022,40,27,0,0
30,69,1009,40,80,1,1
35,54,1002,9,90,0,1
30,49,1021,14,33,0,0
37,70,1000,32,32,1,1
39,51,1021,22,52,0,0
32,74,1017,11,27,0,0
26,85,1013,9,57,0,0
18,43,1024,15,13,1,0
37,58,1012,33,41,0,0
31,52,1004,40,93,0,1
36,28,1008,10,99,0,0
19,89,1017,18,99,0,1
30,44,1021,27,10,1,0
18,82,998,39,76,1,1
38,76,996,28,11,1,1
21,80,995,27,39,0,1
29,50,998,17,77,0,1
34,48,1002,28,38,0,1
28,43,1013,11,55,0,0
33,64,996,44,0,1,1
41,49,998,25,83,0,1
28,69,997,25,43,0,1
18,86,1009,33,86,0,1
24,25,999,15,93,0,1
24,40,1003,40,97,0,1
30,31,1019,3,5,0,0
19,41,1020,13,19,0,0
31,78,1023,39,94,0,1
39,96,1002,8,4,1,1
30,64,1005,33,6,1,1
38,63,1010,44,56,0,1
37,46,1023,5,2,1,0
41,91,1019,33,96,0,1
21,65,1023,40,65,1,1
21,78,1012,4,1,0,0
31,72,1015,5,43,0,0
36,43,1006,32,61,0,1
20,71,1014,8,67,1,1
24,46,999,31,72,0,1
23,37,995,16,79,0,1
26,72,1009,36,97,0,1
33,47,1003,33,34,0,1
30,40,1019,31,36,0,0
30,32,1002,37,88,0,1
27,25,1020,5,89,1,0
32,27,1013,33,19,1,0
31,66,1003,25,40,0,1
36,25,1008,32,9,0,0
27,72,1012,26,75,0,1
38,33,1018,21,89,0,0
22,64,1001,20,53,0,1
32,75,999,41,68,0,1
24,26,1024,12,51,0,0
18,33,1005,13,9,0,0
28,44,999,25,31,1,1
27,68,1008,20,23,1,1
29,74,1015,37,24,0,0
31,96,1023,26,86,0,1
33,36,1012,13,81,0,0
35,43,1010,36,26,0,0
23,75,1003,20,42,0,1
33,93,1001,22,40,1,1
36,70,1022,16,98,0,0
34,83,1008,23,38,0,1
39,93,1003,36,63,0,1
22,76,1012,22,41,0,0
25,63,1023,6,58,0,0
23,31,997,28,41,1,1
23,26,1019,3,37,0,0
27,31,1011,5,40,0,0
26,48,998,17,96,1,1
38,51,1017,22,90,0,0
38,83,998,11,33,0,1
23,38,1021,38,57,0,0
37,85,1006,25,84,0,1
28,54,1022,19,91,0,0
27,71,1001,13,49,1,1
26,64,1020,20,86,1,1
37,31,1021,14,54,0,0
18,55,1005,18,65,0,1
35,56,1018,25,12,0,0
38,63,1015,24,15,1,0
37,50,1016,42,99,0,1
34,55,1002,5,39,1,1
29,40,1002,14,77,0,1
26,77,1018,33,85,0,1
26,50,1007,30,81,0,1
18,27,1021,44,33,0,0
20,56,1004,10,45,0,0
41,80,1012,23,29,0,0
35,26,1004,8,26,1,0
31,50,1018,19,64,1,1
31,88,998,25,59,1,1
32,61,1000,44,44,1,1
24,52,1014,13,34,0,0
37,86,1015,2,91,0,1
30,54,1022,11,21,1,0
25,77,1005,27,18,0,1
21,66,1018,10,6,0,0
23,94,1007,23,80,1,1
23,56,999,4,15,1,1
20,65,1013,15,77,0,1
25,73,1021,18,38,0,0
27,28,1015,38,1,0,0
26,54,1003,2,55,0,0
30,37,1008,11,16,0,0
31,73,1013,27,98,0,1
33,42,1005,12,72,1,1
40,27,1008,41,88,0,1
26,92,1007,3,88,0,1
39,93,1011,22,73,0,1
40,28,1020,7,58,1,0
34,93,1001,38,0,1,1
33,96,1015,32,57,1,1
28,31,1011,25,95,0,1
32,92,997,12,33,1,1
32,95,1011,43,17,0,1
39,34,1011,33,60,0,0
34,70,1001,40,43,0,1
25,74,1004,33,89,0,1
34,25,1001,27,29,0,0
18,50,1004,11,41,1,1
41,71,1004,34,26,0,1
36,52,1000,11,66,0,1
33,25,1016,19,3,0,0
21,44,1013,36,44,0,0
41,44,1012,29,37,1,1
41,94,1000,26,95,1,1
22,41,1020,10,19,0,0
26,87,1021,41,82,0,1
21,30,998,12,20,1,1
33,54,1012,26,20,0,0
29,70,1022,19,61,1,1
30,85,1021,36,21,0,0
40,75,995,16,27,1,1
37,67,1010,6,62,1,1
32,26,1018,14,22,1,0
18,68,1007,26,34,0,1
28,92,1020,32,27,0,0
19,84,1024,14,16,0,0
21,62,997,44,53,0,1
35,54,1008,12,87,1,1
39,72,997,5,25,1,1
28,80,1006,6,79,0,1
18,83,1019,9,26,0,0
24,71,1006,10,53,0,1
39,63,1013,29,92,0,1
22,57,1015,11,15,1,0
37,39,1004,37,95,0,1
23,73,1007,21,48,0,1
40,46,1005,21,18,1,1
35,34,1012,42,98,0,1
40,51,1000,25,85,1,1
20,94,1020,15,99,1,1
36,72,1018,40,86,1,1
32,78,1000,20,68,0,1
41,34,1015,22,14,1,0
37,95,1002,9,37,0,1
22,46,1017,5,51,0,0
18,82,1024,31,65,0,0
30,52,1008,4,15,0,0
32,27,996,4,40,0,0
36,44,1015,21,91,0,0
29,26,1015,44,56,1,1
36,88,1008,42,66,1,1
37,59,1017,26,3,0,0
19,45,1015,26,90,0,1
31,39,1008,32,61,1,1
25,68,1007,19,80,0,1
24,50,1010,15,74,0,0
38,82,1015,32,49,1,1
25,55,1013,37,38,0,0
40,78,998,16,1,1,1
23,62,995,39,49,0,1
33,25,1015,20,28,0,0
19,78,1018,5,29,0,0
22,53,1006,16,78,0,1
20,76,1015,15,17,0,0
23,79,1005,4,52,1,1
31,71,1019,42,82,0,1
34,38,1023,15,86,0,0
31,32,1007,37,64,0,1
21,40,1019,20,19,0,0
20,95,999,22,29,0,1
41,25,1005,26,26,0,0
38,41,1022,33,43,0,0
39,66,1019,20,61,0,0
19,29,1022,5,52,0,0
32,30,1018,14,84,0,0
39,80,1016,30,23,1,1
37,58,1009,5,52,0,0
18,74,1009,44,62,0,1
41,98,998,15,85,0,1
24,74,1003,35,69,0,1
36,46,1015,6,20,0,0
41,55,999,7,94,0,1
41,78,1016,19,54,0,0
36,36,1023,8,15,0,0
38,92,1004,18,27,1,1
32,96,1008,27,39,0,1
33,55,1013,8,4,0,0
35,74,1014,24,35,0,0
25,76,995,8,68,0,1
24,92,1019,23,58,1,1
22,80,1023,23,64,0,0
33,73,998,10,7,0,0
39,78,1015,42,27,1,1
31,55,1007,14,58,0,0
35,55,995,32,90,0,1
38,93,1005,35,33,1,1
33,27,1000,21,3,0,0
24,95,1024,18,37,0,0
23,90,1012,43,26,0,1
36,43,1018,35,88,1,1
29,94,1024,34,78,0,1
36,49,1007,6,1,0,0
24,87,1022,39,16,1,1
23,94,998,9,92,0,1
27,48,1002,3,19,0,0
31,78,1017,38,87,0,1
34,30,995,29,74,1,1
23,96,1013,16,85,0,1
21,68,1012,13,82,0,1
32,98,1001,35,76,0,1
25,89,1011,24,77,0,1
36,44,1019,12,89,1,1
38,78,1017,6,6,1,0
24,45,1020,33,68,1,1
39,60,1015,20,2,0,0
21,97,996,30,73,0,1
26,64,1012,12,18,0,0
36,73,1014,23,61,0,0
33,31,1017,32,3,0,0
28,27,1019,35,32,0,0
23,28,1010,11,88,0,0
28,89,1011,8,77,0,1
23,98,1015,4,82,0,1
29,56,1006,2,45,0,0
26,86,1007,37,15,0,1
21,64,1005,36,82,0,1
20,77,998,37,65,0,1
22,68,1013,7,96,0,1
38,48,1013,29,74,0,1
31,58,1019,38,40,0,0
32,67,1016,28,14,1,1
21,71,1012,8,79,0,1
29,31,1003,11,61,1,1
41,42,995,24,80,0,1
27,89,1017,39,3,0,0
38,45,1021,23,77,0,0
21,56,1022,13,53,0,0
36,54,995,24,75,0,1
20,90,1005,21,1,0,0
25,77,1021,5,62,0,0
25,30,1008,16,32,1,1
29,67,1016,10,82,0,0
21,37,1004,34,17,0,0
24,96,1011,23,64,1,1
37,60,1017,18,44,0,0
31,41,1020,4,32,0,0
19,40,1003,15,0,1,0
18,67,1019,6,74,1,1
41,79,1010,4,62,1,1
39,80,1014,18,26,0,0
20,50,997,14,80,0,1
31,54,999,39,8,0,1
41,92,1000,2,88,1,1
20,45,1008,31,56,0,1
33,46,1007,26,42,0,0
27,73,1006,38,88,0,1
36,52,1022,43,56,0,0
28,84,1004,16,95,1,1
27,68,1024,42,96,1,1
24,84,1014,40,24,0,0
21,98,1013,3,3,0,0
18,42,1002,33,95,0,1
33,57,996,15,46,0,1
37,76,1005,43,97,0,1
20,92,1021,6,1,0,0
23,84,1014,28,90,0,1
24,62,1016,15,17,1,0
24,81,1000,25,37,1,1
39,66,998,11,21,1,1
31,78,1003,43,50,0,1
41,66,1007,13,87,0,1
26,37,1016,41,35,1,1
26,31,1024,32,54,0,0
32,37,997,36,19,0,1
40,77,999,21,18,1,1
21,85,1002,31,47,1,1
22,58,1002,8,49,1,1
26,35,1006,9,31,0,0
34,50,1013,34,25,0,0
31,87,1011,42,75,0,1
38,77,1008,3,48,0,0
26,96,1001,37,73,0,1
30,65,1003,6,84,0,1
33,43,1013,38,63,0,0
22,97,1015,8,41,0,0
32,74,1015,11,87,0,1
21,41,1015,3,78,0,0
24,60,1008,44,95,0,1
35,57,1007,26,36,0,0
36,69,1010,20,96,0,1
24,91,1016,11,7,0,0
38,42,1006,33,1,1,1
29,95,1009,3,26,1,1
29,41,995,32,39,1,1
25,76,1008,7,17,1,1
32,59,1024,18,90,0,0
36,76,1007,34,96,0,1
34,31,1011,27,64,0,0
28,34,1019,2,42,0,0
40,72,995,8,59,0,1
33,38,1003,22,44,0,0
25,60,1020,38,14,0,0
40,33,1002,27,21,0,0
24,39,1006,34,20,0,0
32,85,1008,9,87,1,1
32,40,1001,19,44,0,0
23,90,996,23,37,0,1
34,83,1013,3,98,0,1
29,74,1009,19,76,1,1
33,44,1022,27,34,1,0
35,68,1001,36,11,0,1
34,68,1003,2,24,1,1
32,99,999,40,2,0,1
30,75,1004,40,19,0,1
32,42,1014,40,98,1,1
27,36,1010,13,88,0,0
25,82,1018,2,88,0,0
21,94,1007,10,0,0,0
24,72,1001,19,91,1,1
22,60,1010,25,34,0,0
36,96,1004,11,79,0,1
37,84,1002,36,33,0,1
29,76,1006,42,26,1,1
39,39,1008,38,60,1,1
29,45,1023,44,14,1,0
21,88,1008,38,53,1,1
38,79,1005,40,76,0,1
21,76,1006,34,39,0,1
36,68,1006,31,94,0,1
28,31,1004,38,1,0,0
31,62,995,44,12,1,1
21,79,1005,32,96,1,1
39,29,1017,38,95,0,0
26,35,1012,43,54,0,0
26,37,1016,19,9,0,0
37,71,1008,20,82,0,1
18,81,1014,8,10,0,0
21,85,1015,23,9,0,0
33,54,1019,34,36,0,0
32,47,1020,7,6,1,0
32,56,1009,7,69,1,1
29,90,1019,5,69,1,1
27,85,1013,38,13,1,1
36,31,1016,19,57,0,0
25,52,1015,36,73,0,1
36,68,997,29,45,1,1
20,51,1019,18,78,0,0
24,51,997,6,65,1,1
30,44,1018,8,35,0,0
23,48,998,6,83,1,1
38,64,996,40,49,0,1
34,59,999,39,86,0,1
41,89,1003,4,58,0,1
19,54,1024,17,28,0,0
27,48,1001,38,45,0,1
33,49,1005,35,64,0,1
22,58,1021,27,76,0,0
26,80,1000,37,73,1,1
21,76,1018,5,76,0,0
36,92,1020,10,40,0,0
38,62,1014,33,92,1,1
38,80,1013,2,68,1,1
36,90,1022,3,72,0,0
24,97,1006,24,32,0,1
19,50,1011,15,76,0,0
33,44,1024,36,32,1,0
20,26,996,13,89,1,1
38,29,1022,24,47,0,0
20,94,1013,41,5,0,0
20,35,1001,42,23,0,1
35,98,1020,30,1,1,1
32,98,1006,21,56,0,1
36,78,1000,24,82,0,1
19,35,1020,19,64,1,0
21,60,1023,37,56,0,0
24,38,1010,38,4,1,1
39,93,999,39,45,0,1
33,61,1021,2,28,0,0
18,31,1023,32,37,0,0
22,83,1009,33,25,0,1
28,47,996,34,80,0,1
34,85,998,13,28,0,1
32,66,1013,3,6,0,0
31,46,1005,34,53,0,1
21,38,997,19,57,0,1
20,88,1021,29,85,1,1
33,59,1013,31,78,0,1
28,97,1007,44,20,1,1
18,58,1023,37,79,0,0
26,58,1019,2,75,1,1
39,84,1016,23,60,0,1
19,69,1002,34,68,0,1
20,35,1016,31,27,0,0
29,53,1008,37,34,0,0
33,67,999,17,55,1,1
25,78,1020,6,8,1,0
24,54,1011,32,64,0,1
32,55,1022,12,79,1,1
29,78,1009,17,96,0,1
18,61,997,27,72,0,1
31,49,1012,8,30,1,0
33,41,1023,7,88,1,0
36,39,997,33,35,0,1
25,78,998,35,73,1,1
29,79,1004,36,85,0,1
24,25,1007,10,47,0,0
32,71,1009,11,25,0,0
29,25,1007,18,16,1,0
29,65,1009,2,57,0,0
28,29,1024,19,81,0,0
24,70,1020,2,27,0,0
26,47,1020,39,38,0,0
33,74,1013,29,76,0,1
37,41,1005,30,43,0,0
18,52,1014,35,79,1,1
19,41,1010,21,17,0,0
37,40,995,22,4,0,0
22,76,1024,6,10,0,0
20,75,1004,3,56,0,1
20,64,1010,13,62,0,0
18,75,998,18,82,0,1
24,73,1019,42,38,1,1
32,52,1010,7,91,0,1
24,41,1008,16,52,0,0
35,44,1017,6,61,1,0
34,54,1013,33,15,1,1
34,27,1002,38,52,1,1
34,83,1022,26,77,0,0
21,87,1009,33,65,0,1
34,47,997,22,79,0,1
20,81,999,27,70,0,1
34,90,1006,14,4,0,0
25,80,1022,9,92,0,0
37,68,1005,17,89,0,1
30,46,1022,22,62,0,0
18,53,995,2,72,0,1
35,76,1005,3,97,0,1
36,26,1000,16,56,0,0
33,86,1021,23,2,0,0
38,67,1000,26,36,0,1
24,44,995,36,42,0,1
27,69,1023,4,42,0,0
28,65,1007,10,45,1,1
34,71,1022,29,74,0,0
28,53,1012,13,71,0,0
27,83,997,37,76,0,1
25,26,1022,35,84,0,0
37,84,1001,27,35,0,1
27,67,1001,6,89,0,1
33,76,999,8,2,1,1
36,93,1023,33,4,1,0
28,36,1011,23,58,0,0
32,73,1018,27,30,1,1
28,94,1006,44,90,0,1
30,29,998,40,14,0,1
40,80,1015,9,15,1,0
37,48,1021,36,54,0,0
22,84,1014,14,53,0,0
19,89,1010,7,83,0,1
26,27,1015,8,77,1,1
31,79,1019,4,4,1,0
27,33,1023,42,36,1,0
38,74,1010,25,70,1,1
40,73,1002,12,72,1,1
34,78,1007,18,50,1,1
35,95,1022,17,82,0,0
31,69,1014,8,46,0,0
19,48,997,22,87,0,1
34,53,1012,12,2,1,0
33,65,1015,2,42,0,0
30,52,1002,28,8,1,1
23,60,1022,42,90,1,1
35,92,1013,39,58,1,1
32,96,1019,29,94,0,1
25,67,1010,9,68,0,0
21,36,1004,5,50,1,1
36,37,1015,35,45,0,0
33,60,995,27,2,1,1
20,87,1012,32,99,0,1
29,76,1002,26,48,0,1
37,35,1002,2,84,0,1
35,98,1003,35,19,0,1
18,84,995,9,17,1,1
39,33,1016,11,96,1,1
20,33,1009,41,35,0,0
19,69,1021,20,32,0,0
40,58,1022,17,85,0,0
23,35,1008,21,35,0,0
23,96,1023,37,47,1,1
33,91,1022,31,28,0,0
35,27,995,24,4,0,0
20,89,1009,40,87,0,1
32,42,1019,37,0,1,0
26,46,1000,42,65,0,1
37,44,1023,24,11,0,0
22,68,1023,34,86,0,0
35,26,1005,29,88,0,1
21,42,1001,10,65,0,1
34,57,997,34,95,0,1
39,77,1019,12,33,0,0
21,33,1005,23,60,1,1
26,65,1001,33,71,0,1
21,89,998,41,59,0,1
29,72,1023,38,24,0,0
30,36,997,29,62,1,1
37,52,1017,32,87,1,1
27,85,1010,39,80,0,1
29,29,1014,36,47,0,0
39,50,1016,44,41,0,0
35,79,1012,23,20,0,0
25,54,1000,26,68,0,1
20,81,1009,31,87,1,1
34,74,1014,27,4,0,0
24,92,1007,18,58,0,1
33,83,995,9,29,0,1
36,48,1010,21,73,1,1
41,95,1010,21,76,0,1
26,95,1006,34,23,0,1
21,86,1008,30,21,0,1
34,68,1009,23,66,1,1
34,38,1007,31,12,0,0
31,75,1017,35,75,1,1
36,72,996,9,33,0,1
24,51,1013,21,53,0,0
34,96,998,34,85,1,1
26,38,1001,9,7,0,0
40,25,997,42,71,0,1
18,90,1004,16,8,1,1
41,43,1013,18,1,0,0
24,30,1024,3,7,0,0
35,60,1002,32,16,1,1
31,32,1020,26,77,0,0
26,87,1011,13,83,0,1
34,76,1005,28,61,0,1
23,60,1008,29,83,0,1
21,65,1006,29,63,1,1
22,40,1016,18,0,0,0
29,44,1013,6,14,0,0
20,79,1013,4,81,0,1
33,93,1004,43,76,1,1
27,26,1024,37,24,0,0
34,90,1009,39,92,0,1
31,56,1006,7,91,1,1
37,82,1000,5,61,1,1
28,83,1005,30,18,1,1
29,28,1021,13,46,0,0
18,36,1001,16,36,0,0
18,55,1009,3,12,0,0
33,57,1015,43,20,0,0
39,99,1003,24,37,0,1
25,60,995,30,94,0,1
25,85,1020,24,54,0,0
28,50,1014,43,1,0,0
35,74,1011,16,6,1,1
25,41,1010,31,77,1,1
35,76,1019,17,48,0,0
36,67,1000,8,8,0,0
19,60,997,22,66,0,1
25,61,1015,38,66,0,1
26,87,1020,25,45,0,0
37,56,1021,31,3,1,0
40,65,1022,5,36,0,0
21,39,999,4,29,1,1
40,57,995,2,2,0,0
30,69,1019,22,22,1,0
38,96,1002,31,68,0,1
36,88,997,23,38,1,1
24,86,1001,21,55,0,1
32,98,1015,16,33,1,1
22,80,1013,8,52,0,0
27,66,998,19,5,1,1
22,38,1003,34,52,1,1
19,39,1009,17,98,1,1
18,70,997,18,16,0,1
37,28,1005,16,56,1,1
41,44,1006,16,5,1,0
34,48,1011,12,17,1,0
41,60,1007,25,32,0,0
37,61,1007,17,42,1,1
32,37,1001,36,89,0,1
20,48,995,22,52,0,1
36,68,1024,33,4,0,0
23,31,1013,16,72,1,1
37,28,1004,43,39,0,1
41,68,1001,23,22,1,1
37,56,995,37,17,0,1
18,93,1012,10,41,1,1
32,28,1008,40,71,0,1
22,47,1005,35,14,0,0
35,71,1013,26,38,0,0
25,37,1000,37,36,0,1
30,43,999,26,64,0,1
24,50,1004,4,49,0,0
28,53,995,3,17,1,1
31,64,1024,30,28,0,0
31,82,1016,41,8,1,1
29,55,1008,32,14,1,1
27,81,1015,40,53,1,1
25,44,1007,8,17,0,0
41,41,1004,8,27,0,0
40,72,1021,11,51,1,0
18,99,995,32,43,0,1
32,93,1004,27,48,1,1
35,33,996,38,46,0,1
19,87,1009,10,79,0,1
26,81,1018,21,1,1,0
27,78,1013,19,23,0,0
39,44,1023,12,72,1,0
33,37,1015,7,24,0,0
32,78,1012,44,96,0,1
19,26,1014,43,15,1,0
40,75,1013,24,2,1,1
36,70,1002,30,22,0,1
38,93,1019,22,65,0,1
28,47,1001,44,61,0,1
26,75,1006,7,79,0,1
41,67,1009,39,27,0,1
26,74,1020,27,60,0,0
34,50,1017,27,72,0,0
41,97,1004,7,3,0,0
41,53,1006,4,87,0,1
34,83,1000,43,49,0,1
21,69,995,21,33,0,1
20,94,1023,40,42,0,0
34,68,995,34,49,0,1
37,86,1020,4,77,1,1
35,65,998,28,56,0,1
40,67,998,29,91,1,1
26,53,1008,39,33,1,1
36,51,1017,8,21,0,0
20,92,1023,38,99,1,1
22,39,1012,41,43,0,0
36,89,1016,26,60,0,1
37,82,1011,39,68,0,1
28,99,1006,35,34,0,1
37,70,1016,17,87,0,1
34,71,1005,14,16,0,0
41,60,1015,43,81,0,1
40,54,1006,12,28,0,0
19,26,1021,37,95,0,0
20,41,996,27,9,0,0
37,39,1002,28,10,0,0
39,86,1018,25,35,0,0
25,39,1007,37,77,0,1
41,48,1009,19,31,0,0
27,61,1009,34,0,1,1
34,70,1009,15,94,0,1
41,36,1020,25,59,0,0
19,32,1021,13,72,0,0
23,73,1005,20,20,0,0
20,56,1015,15,94,1,1
21,83,996,6,43,0,1
32,40,1006,37,85,0,1
25,67,1016,23,3,0,0
40,66,1021,42,15,1,1
34,78,1012,28,6,0,0
23,86,1016,21,56,0,0
18,50,1018,25,30,0,0
26,90,1000,32,24,1,1
23,93,1011,10,89,1,1
24,42,999,25,54,0,1
37,43,1008,15,31,0,0
34,40,1018,31,7,0,0
35,34,998,40,23,1,1
18,98,1009,24,73,0,1
23,86,997,33,62,0,1
23,65,1010,13,72,0,1
20,67,1004,9,72,0,1
36,47,1005,25,2,0,0
31,57,1017,28,11,1,0
24,70,1012,17,57,0,0
28,49,1000,16,73,0,1
26,35,1000,3,21,0,0
30,53,1020,42,75,0,0
36,72,1021,31,30,0,0
34,94,1018,8,69,1,1
38,71,1022,18,89,0,0
24,49,996,27,5,0,1
31,27,1021,17,68,0,0
22,80,999,39,81,0,1
24,41,1004,10,87,0,1
31,61,1001,18,40,1,1
38,69,1003,9,90,0,1
39,90,1006,8,1,0,0
23,69,1004,10,95,0,1
38,27,1016,35,92,0,0
37,47,999,9,35,0,0
32,59,1018,23,46,0,0
26,82,1007,32,40,0,1
30,98,1002,15,25,0,1
24,36,1007,19,1,0,0
24,44,996,35,36,0,1
18,43,1014,23,26,1,0
38,62,1007,30,20,0,0
33,70,1022,15,56,1,1
39,41,995,34,25,0,1
33,75,1024,42,32,0,0
24,52,1012,11,58,0,0
19,67,1008,14,0,1,1
27,39,1013,30,16,0,0
39,47,1001,37,5,0,0
38,93,1013,3,42,0,0
21,28,1005,42,19,0,0
20,38,1011,4,78,0,0
19,45,1019,11,90,0,0
36,77,1006,17,7,1,1
41,71,1002,19,20,0,1
36,54,1021,37,99,0,1
37,97,1017,31,52,0,1
27,52,1020,32,89,1,1
32,99,1006,3,67,0,1
19,79,999,6,62,0,1
26,36,997,38,97,0,1
24,84,1015,41,51,0,1
35,74,1021,32,47,0,0
23,74,1011,19,84,0,1
24,95,1013,2,32,0,0
40,52,1016,18,73,0,0
26,32,1021,6,77,1,0
28,62,1006,4,28,0,0
23,63,1010,32,48,1,1
31,25,1020,21,86,0,0
31,96,1015,34,44,1,1
20,48,1006,32,70,0,1
35,98,1009,22,20,1,1
27,89,1015,6,78,0,1
28,79,1011,22,45,0,1
39,28,1007,22,53,1,1
29,60,996,7,37,0,1
28,79,1017,37,27,0,0
36,83,1005,44,76,0,1
28,37,1018,36,90,1,1
25,50,1024,23,49,1,0
35,98,1020,28,85,0,1
40,31,1014,44,41,0,0
30,36,1006,39,2,0,0
30,96,999,25,91,0,1
33,42,998,44,39,0,1
30,77,1021,37,67,1,1
36,72,1022,15,69,0,0
28,27,1019,35,69,0,0
18,84,1008,9,80,1,1
26,59,1012,34,32,0,0
39,63,1008,39,37,0,1
33,71,1024,2,99,0,0
40,83,996,11,53,0,1
26,35,998,43,98,0,1
36,76,1024,19,11,0,0
29,86,1018,29,92,0,1
29,28,1018,43,48,0,0
41,44,1002,34,67,0,1
21,72,1002,10,81,0,1
41,41,995,40,78,1,1
40,85,999,29,31,0,1
31,97,1016,7,50,0,0
33,47,1016,13,84,0,0
23,40,1012,5,19,1,0
30,26,1024,32,27,0,0
28,59,1011,38,57,1,1
34,28,995,18,71,0,1
37,66,1013,39,42,0,1
39,41,1013,10,83,0,0
33,80,1000,10,74,0,1
32,29,1002,36,59,0,1
24,30,1018,22,35,0,0
18,41,999,7,57,1,1
25,72,1012,40,55,0,1
38,55,995,42,60,1,1
35,89,1007,15,22,0,0
25,88,995,3,42,0,1
29,59,1004,35,68,0,1
35,94,1005,2,22,0,0
26,73,1011,12,54,1,1
29,71,996,9,22,0,1
41,56,1000,2,58,0,1
25,64,1008,21,77,1,1
37,27,1009,28,82,1,1
20,76,995,18,76,0,1
29,50,1021,25,80,0,0
25,72,1023,43,95,0,1
25,29,1011,14,88,0,0
38,47,1006,13,38,1,1
41,82,1019,13,99,0,1
27,26,1022,34,45,0,0
21,81,1024,10,30,0,0
39,41,997,33,32,1,1
22,92,1013,39,95,0,1
37,97,1023,16,51,0,0
19,54,1004,15,33,0,0
39,37,1013,30,92,1,1
29,30,997,38,67,0,1
23,41,1011,25,76,0,0
41,86,996,15,26,1,1
32,33,1010,14,53,1,1
33,68,1014,32,46,1,1
37,50,997,41,70,1,1
34,67,1002,24,46,0,1
27,36,1024,31,35,0,0
30,89,1018,38,26,0,0
26,98,1016,26,0,0,0
35,71,1009,34,21,1,1
28,50,1020,7,96,0,0
41,62,1024,42,16,0,0
36,32,1018,24,43,1,0
38,37,999,19,0,0,0
29,80,1000,35,1,0,1
30,38,1000,13,56,1,1
41,38,1012,31,26,0,0
39,84,1020,7,14,0,0
30,31,1007,22,13,1,0
28,36,1017,22,58,0,0
37,93,1007,12,59,0,1
29,30,999,23,64,1,1
37,71,1010,30,23,0,0
19,63,1017,34,93,1,1
30,43,1020,27,80,0,0
41,71,1008,4,68,0,1
31,32,1005,26,14,1,1
30,27,1007,12,8,0,0
32,74,1010,33,97,0,1
22,81,1018,20,93,0,1
41,63,996,13,86,1,1
25,97,995,38,32,0,1
32,61,1003,19,84,1,1
24,94,997,19,36,0,1
21,28,1018,15,16,0,0
20,73,1007,33,52,0,1
41,33,1020,22,0,0,0
23,42,999,9,10,0,0
25,33,996,5,89,0,1
36,63,1007,35,58,0,1
23,56,1022,12,91,1,1
26,96,1014,25,26,1,1
28,46,999,35,61,1,1
22,50,1017,44,60,0,0
22,86,1024,26,32,0,0
24,40,1011,30,14,1,0
27,96,1017,33,27,1,1
40,98,1014,36,56,1,1
28,98,1023,10,41,1,1
22,95,1014,21,71,0,1
30,72,996,38,41,0,1
28,80,1003,30,33,1,1
22,44,1002,7,17,0,0
38,79,1014,26,65,1,1
37,94,999,17,34,0,1
18,38,1018,20,37,0,0
26,83,1013,20,61,1,1
27,62,997,42,16,0,1
26,93,1013,30,14,0,0
41,39,1013,32,4,0,0
32,54,1009,13,14,1,0
34,71,1009,12,93,1,1
39,56,995,17,10,1,1
40,60,1024,39,67,1,1
19,41,995,31,12,0,1
40,58,1013,13,3,0,0
35,88,1024,35,32,1,1
41,86,1007,25,68,1,1
19,33,1002,44,35,0,1
22,80,1008,11,73,0,1
37,32,998,19,83,0,1
31,27,1006,16,59,0,0
25,79,1000,37,83,1,1
33,90,1012,27,83,0,1
30,38,1024,19,7,0,0
26,83,1003,43,17,0,1
35,72,1022,38,73,0,0
26,86,1005,21,22,1,1
26,67,1024,42,35,0,0
20,85,1016,37,44,0,1
18,50,1002,10,21,0,0
26,60,1024,44,16,0,0
26,28,1006,36,83,1,1
24,86,1020,43,71,0,1
23,43,1016,21,63,0,0
24,48,1021,9,66,0,0
19,25,1001,25,11,0,0
30,94,1001,25,23,0,1
24,34,1024,40,87,0,0
32,26,1002,18,47,0,0
30,45,998,13,1,0,0
40,40,1007,5,1,0,0
39,62,1014,26,51,0,0
27,65,1011,3,80,1,1
33,51,1021,2,85,0,0
33,84,1015,37,79,0,1
18,41,999,36,82,1,1
19,83,1023,23,26,0,0
33,39,998,13,40,0,0
29,92,1020,4,95,0,0
18,29,996,12,8,1,1
24,87,1023,16,72,0,0
36,49,1016,35,21,0,0
38,98,999,6,65,0,1
39,37,1001,26,26,0,0
38,55,1009,39,38,0,1
18,35,999,35,4,0,0
30,66,1007,10,4,1,1
34,52,1019,44,69,1,1
21,49,998,15,58,0,1
34,43,1023,23,77,1,1
30,95,1022,9,92,0,0
20,28,1015,22,24,0,0
24,46,1011,26,5,0,0
35,36,1022,20,42,0,0
32,93,998,34,84,1,1
30,54,1001,31,55,1,1
41,78,1016,38,89,0,1
18,48,999,25,98,1,1
18,41,1014,13,29,1,0
23,91,1023,12,59,0,0
28,40,1014,43,43,0,0
21,39,1017,22,38,1,0
39,55,1009,29,37,1,1
32,43,997,19,73,0,1
41,71,1018,21,74,0,0
28,26,1014,21,20,1,0
33,25,997,27,95,1,1
25,45,1010,13,99,0,1
24,48,1012,31,83,0,1
30,52,998,13,66,0,1
32,52,999,10,13,1,1
33,91,1009,19,49,0,1
24,50,1022,7,25,1,0
36,65,1014,2,20,1,0
25,49,1011,19,14,0,0
33,31,1023,32,92,1,1
35,42,1009,26,74,1,1
33,87,1002,14,57,0,1
34,97,1009,8,49,0,1
19,42,998,25,97,0,1
28,83,1014,11,92,0,1
25,94,1010,11,29,0,0
36,51,996,35,31,0,1
33,40,1022,12,14,0,0
41,40,995,26,63,1,1
31,72,998,15,79,0,1
30,41,1022,11,16,1,0
41,89,1017,6,98,1,1
33,97,998,10,13,0,1
33,65,997,29,93,1,1
39,56,1014,12,25,0,0
37,93,1003,4,43,1,1
19,31,1024,19,79,1,0
24,54,1005,7,20,0,0
27,59,1021,13,36,1,0
39,35,1017,11,41,0,0
31,79,1012,33,87,0,1
18,42,1009,18,84,1,1
31,49,1021,32,83,1,1
21,42,998,28,32,1,1
18,83,996,35,94,0,1
37,35,1002,25,86,1,1
32,52,1014,15,89,1,1
37,61,996,35,33,0,1
26,85,1006,4,29,1,1
33,83,1020,25,14,0,0
28,66,1021,25,82,0,0
31,65,1019,39,0,0,0
29,70,998,16,80,0,1
18,54,1004,37,5,1,1
19,30,1005,27,91,1,1
29,42,1024,20,27,1,0
37,82,1024,23,44,0,0
20,33,1009,31,25,0,0
39,78,1003,16,52,1,1
19,38,1016,25,12,0,0
41,96,1004,3,62,0,1
19,53,1020,24,35,0,0
38,66,998,4,6,1,1
40,40,999,14,9,0,0
19,76,995,7,53,0,1
22,54,1011,20,41,1,1
26,63,1018,39,14,1,1
22,84,1024,32,29,0,0
18,62,1014,20,8,1,0
23,85,1011,38,78,0,1
31,44,1022,31,17,0,0
39,73,1012,35,60,0,1
21,31,1001,2,39,0,0
27,33,1001,4,98,0,1
29,47,1019,18,77,0,0
18,52,1020,24,17,0,0
30,68,999,4,13,0,0
34,94,1009,20,78,0,1
32,76,1007,27,38,0,1
30,47,1002,33,3,0,0
31,99,1004,34,38,1,1
41,71,1000,19,1,0,0
39,54,1005,25,3,0,0
34,68,1007,14,28,0,0
20,72,1013,3,13,0,0
21,59,1016,22,91,1,1
35,56,1017,7,28,1,0
18,28,1010,32,21,0,0
38,40,1000,17,6,0,0
18,73,1014,37,28,1,1
24,64,1003,23,78,0,1
35,47,1000,5,67,0,1
38,62,1020,42,48,0,0
38,65,1005,33,58,1,1
36,59,1016,28,64,0,0
24,38,999,31,13,0,0
20,94,1001,20,97,0,1
24,34,1014,26,22,0,0
36,44,1007,19,47,0,0
28,25,995,8,94,0,1
21,70,1018,6,85,1,1
20,74,1018,38,57,0,1
23,47,1006,29,57,0,1
25,79,1014,26,33,1,1
35,59,1010,38,40,0,1
39,63,998,17,51,1,1
34,69,996,3,87,0,1
21,36,1016,29,59,1,1
37,70,995,19,75,0,1
41,41,1020,44,95,0,1
37,95,1014,30,82,1,1
35,39,1007,20,69,0,0
33,57,1012,42,44,1,1
36,87,1020,24,0,0,0
25,27,1007,21,4,0,0
33,38,1015,27,93,0,0
29,68,1019,34,41,0,0
19,45,1020,33,90,0,0
24,39,995,15,89,0,1
37,90,1010,3,47,0,0
36,28,1011,34,22,0,0
24,82,1003,2,41,1,1
30,64,1024,39,20,1,0
18,94,1004,38,71,1,1
33,63,1009,29,56,0,1
41,96,1007,2,3,0,0
28,43,1016,37,0,0,0
36,67,1000,26,38,0,1
32,49,998,2,39,0,0
40,67,1004,3,16,1,1
39,34,1011,11,46,1,0
31,92,1007,5,3,0,0
18,83,1019,10,24,1,0
31,50,1018,19,64,1,1
27,35,1015,37,55,1,1
25,59,1016,5,92,1,1
25,93,1023,31,62,0,0
22,28,1018,44,20,0,0
33,77,1012,32,37,0,1
33,43,1014,11,25,1,0
30,69,1020,16,99,0,0
32,39,1019,2,86,1,0
23,40,1017,31,92,0,0
25,41,1020,10,80,1,0
28,27,1018,29,95,1,1
23,99,1019,2,46,0,0
19,69,1006,34,10,0,0
37,49,1000,38,89,0,1
35,37,1002,34,79,0,1
25,40,1018,11,35,0,0
38,80,1023,17,57,0,0
32,45,1015,8,51,0,0
39,70,1000,14,89,0,1
24,59,997,36,15,0,1
19,62,1018,23,49,1,1
36,81,1006,23,80,0,1
30,97,1024,41,13,0,0
38,59,1024,18,38,0,0
24,30,997,37,0,0,0
35,60,1000,12,43,0,1
31,98,1019,32,57,0,1
32,54,1010,15,86,1,1
29,87,1024,14,13,0,0
28,25,1018,21,71,0,0
35,37,1003,27,8,0,0
27,95,1003,41,25,1,1
18,57,1019,41,3,0,0
21,73,1002,7,32,0,0
35,27,996,3,64,1,1
21,59,1002,30,35,0,1
34,31,1007,23,56,0,0
19,96,1019,22,83,0,1
29,93,1015,31,32,0,0
22,25,997,26,3,1,1
34,91,1024,21,9,0,0
20,99,1009,29,34,0,1
18,66,1011,39,82,0,1
29,53,1022,3,82,0,0
23,26,1001,7,13,0,0
35,94,1006,39,21,0,1
26,34,1021,15,8,1,0
26,59,1020,42,66,0,0
37,92,1008,40,20,0,1
23,79,1002,7,24,0,0
22,58,1019,23,55,1,1
41,99,1021,27,34,1,1
25,44,1009,15,71,1,1
18,68,1008,10,76,0,1
33,49,1011,24,36,0,0
40,57,1016,40,24,0,0
24,83,1011,31,59,0,1
27,88,1014,35,37,0,1
30,32,1015,14,25,0,0
41,28,1004,32,16,0,0
37,61,1023,21,46,0,0
36,82,1006,35,10,1,1
27,78,996,31,14,0,1
23,64,1014,23,4,1,0
40,73,1017,3,18,1,0
31,31,1019,17,9,0,0
22,48,1009,25,87,1,1
40,42,1005,38,5,0,0
34,40,1017,30,63,0,0
30,50,1015,28,99,1,1
24,86,1001,35,47,1,1
25,96,1005,30,51,1,1
23,31,1011,25,34,0,0
20,68,998,33,76,0,1
36,74,1021,19,93,0,0
26,69,1000,8,44,0,1
37,94,1011,21,17,0,0
35,71,995,34,38,0,1
37,38,1022,22,43,1,0
29,61,1001,29,6,0,0
37,41,1024,38,13,0,0
36,79,1019,5,85,1,1
20,77,1000,32,88,0,1
34,86,996,28,75,0,1
33,40,997,26,17,0,0
25,56,1022,4,71,0,0
22,81,1014,26,69,0,1
41,34,1004,34,72,0,1
18,98,1021,36,61,0,1
24,34,1022,28,67,0,0
40,72,1005,4,88,1,1
24,70,996,11,66,1,1
28,75,1002,21,4,1,1
30,99,1020,35,2,1,1
18,80,1022,44,73,0,1
31,72,1003,15,96,0,1
40,79,1017,2,90,0,0
38,44,1021,37,31,0,0
31,59,1009,44,73,0,1
34,75,1005,21,94,0,1
24,35,1014,27,55,0,0
27,71,1000,36,7,0,1
35,40,1003,12,84,0,1
31,95,1006,41,20,0,1
28,50,1023,4,10,0,0
29,89,998,2,69,0,1
30,40,1005,15,73,0,1
39,82,1007,35,96,1,1
24,37,1011,10,12,0,0
39,54,1001,34,63,0,1
19,57,1009,18,51,0,0
23,66,1007,41,80,1,1
41,29,1002,28,64,0,1
18,66,997,35,65,0,1
25,59,1015,20,8,1,0
23,56,1017,35,86,1,1
18,31,1005,25,1,1,0
35,80,1022,36,31,0,0
27,64,1004,35,83,0,1
28,81,1016,13,93,0,1
29,69,1002,3,77,0,1
18,38,998,3,73,0,1
32,55,995,30,74,0,1
25,97,1009,30,84,0,1
39,88,1014,19,1,0,0
22,72,1010,5,25,0,0
28,44,1023,32,60,1,1
23,87,1013,12,75,1,1
19,75,1005,2,40,0,0
25,60,1005,41,38,0,1
40,84,1002,11,36,0,1
20,63,1000,18,9,0,0
37,90,995,13,12,1,1
24,63,1000,22,40,1,1
28,86,997,10,43,0,1
36,42,1007,41,40,0,1
34,76,1004,44,9,0,1
23,71,1001,13,51,1,1
41,72,1012,24,70,0,1
39,39,1000,29,90,0,1
29,51,1009,43,13,1,1
34,94,1006,29,92,0,1
20,57,1012,13,11,0,0
36,59,996,23,86,0,1
38,37,1013,37,85,0,1
21,37,1014,40,5,0,0
33,32,995,40,75,0,1
30,34,996,32,26,1,1
29,93,999,38,70,0,1
36,80,1010,43,12,0,1
19,77,997,11,98,1,1
23,45,1020,6,2,0,0
29,85,997,33,18,0,1
23,26,1011,33,2,0,0
37,61,1007,21,59,0,1
29,66,1017,42,72,0,1
26,70,1011,3,14,0,0
22,65,1003,15,7,1,1
24,91,1020,4,45,0,0
31,38,997,14,7,0,0
19,70,1001,28,80,0,1
31,48,995,30,89,0,1
36,70,995,27,38,0,1
36,50,1000,39,74,0,1
20,97,997,7,72,0,1
19,93,1004,21,21,1,1
23,31,1015,34,78,0,0
41,43,1013,39,87,0,1
39,41,1009,8,16,0,0
24,53,1007,9,3,0,0
33,99,1021,42,59,0,1
27,82,1000,13,39,1,1
30,72,1020,12,55,0,0
30,57,1014,29,3,0,0
36,75,1004,9,8,0,0
35,64,996,23,79,0,1
27,58,1010,17,48,1,1
22,87,1002,35,76,0,1
29,56,1006,24,73,0,1
28,36,1011,40,46,0,0
19,86,1000,35,25,0,1
36,74,1018,30,37,0,0
38,34,1009,24,43,0,0
29,86,1021,8,68,1,1
18,48,1005,24,85,0,1
31,45,1012,39,90,0,1
24,54,1005,15,97,0,1
34,26,1009,40,98,0,1
38,65,1004,31,52,0,1
18,34,1012,37,49,0,0
25,25,1002,6,0,0,0
30,85,1023,24,43,0,0
28,35,998,39,30,1,1
41,86,1013,33,39,0,1
35,36,1009,40,12,0,0
27,43,1003,29,59,0,1
25,28,1014,38,6,0,0
40,94,1007,10,8,0,0
30,87,1000,19,94,0,1
19,55,1000,8,9,0,0
18,61,1019,31,65,0,0
29,29,1018,16,41,0,0
34,70,1001,3,66,0,1
33,51,1016,4,16,0,0
24,81,1024,9,82,0,0
33,51,1004,35,46,1,1
24,79,1016,27,43,1,1
33,36,1003,43,16,0,0
41,35,1012,37,2,0,0
40,95,1009,10,65,0,1
37,71,1012,12,66,1,1
34,54,1002,38,84,1,1
28,82,1019,35,38,0,0
21,70,1016,8,12,1,0
19,37,996,30,46,0,1
28,87,1000,5,6,1,1
39,98,1016,31,28,1,1
38,46,1010,40,47,0,1
39,51,1017,5,89,0,0
34,27,1011,44,39,0,0
35,52,1015,16,50,1,1
33,39,999,25,1,0,0
37,69,1010,32,93,1,1
22,81,1015,13,34,0,0
21,96,1021,28,99,0,1
21,32,1007,14,72,1,1
37,29,1008,6,34,0,0
32,41,1006,37,60,1,1
32,46,1003,22,2,1,1
30,26,1009,15,6,0,0
21,45,1013,29,7,0,0
26,85,1014,6,98,1,1
29,78,995,44,68,0,1
29,40,1015,34,25,1,0
39,71,1014,37,34,0,0
22,28,1020,9,74,0,0
27,86,1020,21,31,1,1
34,50,1020,36,27,0,0
40,50,1020,7,49,0,0
31,45,1019,33,62,1,1
20,57,1013,25,94,0,1
34,61,998,20,20,0,1
36,96,1020,42,50,0,1
35,30,1001,6,90,1,1
18,81,1006,38,36,0,1
22,75,1004,30,2,1,1
25,69,1000,36,87,0,1
19,78,1018,20,12,0,0
26,81,1008,13,28,0,0
34,28,1007,24,27,0,0
29,42,996,31,5,0,1
40,52,1005,29,39,1,1
19,86,1020,35,56,0,0
30,76,996,20,7,0,1
25,40,1022,31,86,0,0
34,50,1019,40,32,0,0
33,45,997,20,5,0,0
26,37,1020,16,31,1,0
29,69,1017,30,48,1,1
35,58,1011,26,11,0,0
28,33,1002,21,88,1,1
34,38,999,30,59,0,1
39,67,1016,19,90,0,1
18,88,1003,9,84,1,1
29,83,1000,29,33,0,1
35,29,1007,37,71,0,1
27,70,1014,35,97,0,1
28,74,1023,24,97,0,0
41,49,1024,40,79,0,0
28,97,998,20,51,0,1
27,38,1014,21,43,0,0
37,49,1003,6,90,0,1
29,37,1015,44,54,1,1
38,36,1003,12,18,1,1
25,51,1019,8,84,1,1
31,48,1022,25,1,0,0
29,89,1022,22,92,0,1
18,46,1004,9,12,0,0
18,62,1006,17,87,1,1
28,56,1021,35,60,0,0
20,55,1023,43,57,1,1
28,85,1022,11,15,0,0
27,36,995,29,17,0,1
28,88,1008,9,93,0,1
27,33,1009,41,76,0,1
41,95,1007,7,73,0,1
28,53,1010,21,63,0,0
31,79,1022,42,79,1,1
23,53,1012,25,50,1,1
38,86,1017,28,74,0,1
39,35,1005,23,82,0,1
40,77,1017,41,8,0,0
29,26,1021,7,3,0,0
21,65,1001,39,81,1,1
18,54,998,26,3,0,0
41,89,996,10,64,0,1
32,84,1021,26,33,0,0
40,34,1024,42,57,0,0
40,80,1021,27,15,0,0
38,92,1017,20,55,0,0
41,99,1015,11,71,1,1
21,53,1007,42,20,1,1
30,97,1014,19,82,1,1
28,48,1011,7,94,1,1
19,70,1021,28,34,1,1
23,79,999,8,69,0,1
31,45,1008,41,13,1,1
20,72,1019,15,55,0,0
26,72,1022,3,21,0,0
29,85,1010,37,65,0,1
20,47,1021,38,27,0,0
25,57,1024,5,70,0,0
25,44,1024,44,91,0,0
39,94,1001,11,39,0,1
23,43,1008,34,37,1,1
18,77,1015,8,6,1,0
40,84,1016,27,17,0,0
19,77,1013,15,24,0,0
33,63,1020,21,4,0,0
41,38,1016,17,44,1,0
26,25,1022,3,71,0,0
23,43,1013,3,94,0,0
40,54,995,43,2,1,1
22,52,1013,22,12,0,0
25,54,1018,39,68,0,0
27,79,1011,17,51,1,1
33,98,1012,39,16,0,1
25,55,1020,27,75,1,1
20,99,1018,31,44,0,1
31,76,998,37,9,1,1
19,87,1012,29,36,0,1
34,59,1019,40,60,0,0
19,32,1010,36,22,1,1
23,43,1016,37,48,0,0
26,88,1024,36,58,0,0
34,29,1013,43,72,0,0
34,46,1015,40,50,1,1
35,31,1019,27,24,1,0
25,33,1016,29,19,1,0
29,65,1004,12,92,0,1
39,32,1008,35,94,0,1
35,35,1021,20,72,1,0
40,86,999,11,80,1,1
21,52,1024,41,20,0,0
34,93,1002,10,89,0,1
21,36,1013,28,23,0,0
19,45,1004,43,16,0,0
26,70,1012,11,15,0,0
30,85,1010,17,97,0,1
30,96,1017,12,51,0,0
28,72,1001,2,86,1,1
32,85,1008,14,55,0,1
39,48,1022,12,91,1,1
23,25,1019,21,68,0,0
18,68,1003,33,53,0,1
30,66,1010,7,29,0,0
24,49,1007,26,16,0,0
28,30,1009,38,95,0,1
28,96,1018,38,73,0,1
18,76,1017,19,86,0,1
33,72,995,40,95,0,1
40,90,1021,5,24,1,0
26,65,1017,34,27,1,1
33,80,1009,16,36,0,0
28,83,1013,22,34,0,0
39,60,1015,17,11,0,0
18,99,1009,20,54,1,1
30,74,1023,27,22,0,0
33,45,999,27,42,0,1
39,82,1007,3,43,0,0
30,68,1019,20,48,0,0
34,81,1000,24,81,0,1
29,90,1007,20,3,0,0
35,33,999,37,66,0,1
39,90,1006,2,87,0,1
35,66,1015,41,61,0,1
35,59,997,13,48,0,1
39,92,1001,24,94,1,1
39,64,1013,31,25,1,1
41,46,1023,10,45,0,0
38,42,1003,31,36,1,1
41,92,1014,18,20,0,0
26,93,999,31,5,0,1
33,70,995,16,72,1,1
24,31,1010,29,98,1,1
20,62,1002,39,79,1,1
36,43,1017,5,63,0,0
29,47,1018,44,81,0,1
34,55,1020,37,89,0,1
20,28,1022,39,32,0,0
31,29,1004,26,40,1,1
36,85,1014,34,8,0,0
22,70,1023,5,30,1,0
35,58,1010,15,89,1,1
18,66,1010,36,42,0,1
32,74,1014,8,62,0,0
30,42,997,2,87,0,1
21,91,1008,43,36,0,1
35,53,999,28,43,1,1
29,38,1008,11,85,1,1
35,93,996,43,64,0,1
25,30,1015,6,53,0,0
24,60,1017,34,53,1,1
36,27,1020,2,84,0,0
29,54,1002,28,86,0,1
41,77,1001,13,35,1,1
27,86,1013,19,43,1,1
19,54,1013,44,46,0,0
39,66,1013,4,3,0,0
23,97,1002,35,50,0,1
25,61,1006,29,17,0,0
22,49,1014,11,48,0,0
26,70,1017,7,10,0,0
19,82,1020,22,37,1,1
30,95,1014,4,14,0,0
20,82,1021,16,59,0,0
32,89,1015,21,10,0,0
21,78,1022,29,9,0,0
21,57,1021,14,92,0,0
25,70,1002,26,25,0,1
33,85,1014,19,89,0,1
23,44,1000,2,15,0,0
39,97,1018,9,6,1,0
39,36,1010,15,93,1,1
36,43,1007,11,92,1,1
30,39,1011,24,42,0,0
34,38,1024,33,33,0,0
33,46,998,36,22,0,1
23,84,1000,7,18,1,1
31,36,1007,23,49,1,1
22,55,1007,24,76,1,1
33,82,997,8,9,1,1
21,68,1000,19,70,0,1
25,52,1007,4,76,0,0
35,99,1023,26,16,1,1
31,38,1013,38,75,1,1
34,73,1019,3,69,0,0
23,89,1008,35,84,0,1
34,51,1017,37,99,0,1
30,38,1016,18,28,0,0
23,55,996,28,16,0,1
19,44,1006,5,72,1,1
30,50,1019,33,27,1,0
22,75,1019,42,79,0,1
20,27,1004,13,78,0,0
36,35,1000,13,81,0,1
41,82,1010,37,35,0,1
34,84,1004,20,10,0,0
33,27,1019,23,68,0,0
29,86,1007,3,54,1,1
41,29,1020,29,34,0,0
36,68,1013,21,80,1,1
38,96,1002,26,24,1,1
30,66,1009,24,27,0,0
28,68,1008,36,46,0,1
35,64,1007,7,92,1,1
22,57,1002,3,32,0,0
41,49,999,44,67,0,1
26,60,1022,35,9,0,0
26,52,1010,21,62,1,1
36,52,1016,15,0,1,0
32,39,1019,44,4,0,0
24,62,1001,44,50,1,1
36,50,1000,34,45,0,1
29,53,1003,42,19,0,1
40,54,1023,40,39,0,0
18,52,1013,9,30,0,0
35,40,1017,12,87,1,1
27,93,1006,37,56,0,1
33,90,1020,5,92,1,1
28,94,1022,12,41,1,1
24,71,1016,31,29,1,1
22,77,1024,27,5,0,0
21,60,997,17,15,0,1
41,30,1015,14,8,0,0
28,96,1022,20,28,0,0
39,81,995,7,63,0,1
38,40,1015,4,88,0,0
39,42,1019,27,24,0,0
25,47,1002,14,43,0,0
27,65,997,11,48,0,1
41,85,1023,11,51,0,0
33,63,1024,43,50,0,0
26,90,1003,5,48,0,1
32,86,996,17,67,0,1
27,30,1005,43,64,0,1
26,87,1011,37,97,0,1
19,61,996,38,0,1,1
32,75,1008,35,58,1,1
20,99,1011,6,16,1,1
40,71,1010,24,20,0,0
31,34,1014,8,29,0,0
37,89,1015,8,43,0,0
41,39,996,3,2,1,1
32,67,998,28,3,1,1
19,76,1007,41,50,1,1
19,41,1017,13,53,0,0
21,95,1016,3,14,1,0
26,48,1000,8,79,0,1
25,27,1019,30,20,0,0
23,35,1000,28,90,0,1
26,96,1007,28,31,0,1
18,29,1000,10,12,0,0
39,30,1001,11,35,1,1
33,35,1011,3,6,0,0
31,31,1024,40,13,0,0
26,26,1006,23,15,0,0
23,47,1024,29,42,0,0
34,60,1013,6,22,0,0
18,51,1005,26,53,0,1
34,49,1004,40,58,0,1
41,99,1018,4,39,1,1
22,94,996,30,68,1,1
19,79,999,27,72,1,1
31,72,1019,35,66,0,0
32,29,1009,29,17,0,0
27,28,1024,21,4,0,0
18,37,1009,10,2,0,0
41,80,1020,37,88,0,1
18,96,1011,38,70,0,1
30,40,1021,18,29,0,0
21,35,1022,44,69,0,0
33,62,1003,19,96,1,1
26,70,1006,43,72,0,1
40,58,1000,23,68,0,1
35,79,1020,16,65,1,1
28,82,1007,21,41,0,1
18,68,1019,8,97,1,1
37,37,1001,15,62,1,1
26,43,1016,38,73,0,0
31,99,1024,34,33,1,1
22,29,1003,44,46,0,1
34,43,1008,27,65,1,1
21,27,1009,23,49,1,1
19,34,1023,35,15,0,0
34,79,1016,33,43,0,0
37,57,1018,34,1,0,0
18,89,1009,23,29,0,1
18,77,1010,11,26,1,1
31,67,1013,20,98,0,1
33,53,1014,37,46,0,0
33,76,1015,5,4,1,0
36,48,1022,2,98,1,1
23,72,998,30,40,1,1
26,56,1002,6,84,0,1
33,30,1022,43,19,0,0
36,32,1012,38,60,1,1
32,62,996,33,14,0,1
22,44,1012,13,56,0,0
21,43,1019,24,26,0,0
38,66,1022,15,67,1,1
40,60,1005,34,4,0,0
29,71,1000,13,55,1,1
39,38,1016,12,51,1,0
23,30,1014,3,74,0,0
39,28,1001,25,95,0,1
20,66,1013,4,81,0,0
18,73,1017,36,28,0,0
35,38,1010,9,0,0,0
41,95,996,33,8,0,1
36,70,1020,16,94,0,0
36,70,999,8,34,1,1
33,58,997,32,11,0,1
18,25,1009,4,13,0,0
20,74,1017,37,90,0,1
21,35,997,25,38,0,1
36,56,1014,9,46,0,0
20,77,1015,16,52,0,0
27,53,1015,28,29,0,0
26,83,1008,43,63,1,1
31,49,1021,3,80,0,0
40,98,1024,44,8,0,0
41,89,1000,7,4,0,0
30,54,998,24,61,0,1
28,98,1013,38,96,1,1
30,86,1024,24,63,1,1
40,40,1018,10,3,0,0
29,65,1007,13,72,0,1
33,56,1000,15,65,1,1
37,59,1010,41,89,0,1
20,61,998,39,1,1,1
25,71,1004,27,26,1,1
29,32,1017,7,24,0,0
33,50,1009,33,39,1,1
38,68,997,27,51,0,1
32,96,1008,27,46,0,1
36,37,998,12,1,1,1
41,47,1015,7,74,0,0
18,34,1015,10,29,1,0
34,48,1006,8,33,0,0
36,96,998,40,99,0,1
41,89,999,43,13,0,1
29,26,1008,4,98,1,1
20,38,996,10,9,0,0
39,63,1024,34,22,0,0
25,47,1021,37,63,0,0
37,82,1010,13,35,0,0
23,56,995,25,28,0,1
40,53,1021,25,90,0,0
37,92,1016,8,56,1,1
39,42,1004,32,25,0,0
30,49,1018,19,23,0,0
32,32,1005,26,98,1,1
25,89,1020,11,25,0,0
31,57,1019,40,0,1,0
35,54,1021,31,44,1,1
38,78,1010,18,17,0,0
29,55,1004,42,3,1,1
40,86,1004,42,27,1,1
28,53,996,31,90,1,1
33,64,1017,30,62,0,0
28,84,1016,5,99,0,1
39,80,1015,31,98,0,1
22,91,1010,5,8,1,1
27,40,1001,7,93,0,1
37,55,1024,38,79,0,0
21,26,1022,41,62,1,1
34,62,998,33,53,0,1
30,38,1006,26,34,0,0
32,71,1009,41,16,1,1
31,41,1023,3,10,0,0
34,45,1021,22,5,0,0
40,82,1019,33,38,0,0
19,61,1006,16,69,0,1
18,99,1015,13,87,0,1
36,69,1023,44,54,1,1
35,53,1010,9,62,0,0
30,51,998,33,87,0,1
26,98,1005,34,6,0,1
23,96,1021,23,41,1,1
29,79,1005,8,54,0,1
19,50,1019,2,92,0,0
23,89,1019,35,41,0,0
26,36,1002,43,62,1,1
32,64,1003,6,0,1,1
21,62,1011,5,31,0,0
31,91,1015,12,99,0,1
27,59,1009,22,2,0,0
29,93,999,34,87,1,1
38,69,1001,20,56,0,1
25,27,1011,15,19,0,0
21,65,1017,34,1,1,0
33,39,1013,25,19,0,0
39,76,1013,5,79,0,0
24,81,1001,30,25,0,1
32,44,1001,19,73,0,1
20,77,995,31,65,0,1
28,94,1000,29,56,0,1
29,72,1010,11,16,0,0
19,84,1019,18,72,0,0
30,98,1016,29,54,0,1
35,43,1016,2,90,0,0
41,38,999,24,68,0,1
31,68,1020,36,35,0,0
41,58,999,26,50,0,1
39,29,1002,42,26,0,0
18,95,1007,4,60,0,1
35,72,1003,15,18,0,0
23,31,999,27,12,1,1
18,65,1003,16,68,0,1
38,31,1016,35,10,1,0
22,71,996,44,3,1,1
19,98,1022,44,95,1,1
41,61,1024,6,58,0,0
21,65,1013,25,66,1,1
31,89,1004,27,54,0,1
19,35,1006,29,96,0,1
26,73,1013,19,36,1,1
24,62,1020,6,60,0,0
24,52,1019,3,69,0,0
22,79,999,37,93,1,1
35,25,997,8,96,1,1
32,72,999,4,48,0,1
39,37,1015,34,92,0,1
38,81,1017,39,8,0,0
39,28,1001,19,49,0,0
22,94,996,35,64,0,1
27,26,1013,28,60,0,0
27,83,1019,28,11,1,1
35,87,1017,2,37,0,0
23,30,1000,16,71,0,1
28,97,1010,25,33,0,1
41,49,1003,34,42,1,1
21,43,1009,7,56,0,0
38,93,996,44,17,0,1
34,53,1011,21,82,0,1
28,84,1022,23,26,0,0
25,47,1006,16,90,1,1
21,64,1019,38,9,0,0
37,87,1013,16,69,1,1
26,64,1010,26,9,0,0
25,81,1008,8,42,0,0
33,81,1011,26,6,0,0
34,56,1017,33,25,1,1
31,79,1019,9,45,0,0
37,35,998,3,73,1,1
41,36,1017,17,30,0,0
27,88,1002,28,58,1,1
22,92,1015,44,14,0,0
22,94,1007,26,24,0,1
29,91,1023,30,42,0,0
32,61,999,12,39,0,1
39,39,1003,7,63,0,0
28,44,1023,36,42,1,0
35,76,1004,37,93,0,1
40,92,1019,25,64,1,1
23,60,1020,10,41,0,0
25,48,1002,19,7,0,0
36,35,1005,36,87,0,1
41,53,1004,7,2,0,0
19,89,1006,37,55,1,1
41,35,995,7,90,1,1
41,96,1011,25,76,1,1
23,47,1016,22,16,0,0
35,49,1010,39,2,0,0
27,34,996,8,13,0,0
27,73,1007,28,61,0,1
32,84,1019,8,76,0,0
28,70,1019,44,28,0,0
39,90,1016,36,97,1,1
35,27,1018,22,23,0,0
37,37,1000,27,42,1,1
32,61,1019,39,29,0,0
28,49,1000,44,29,0,1
40,68,1011,2,77,0,0
35,65,1024,17,9,0,0
31,90,1019,43,53,1,1
19,94,1005,42,66,0,1
21,73,1012,23,36,1,1
26,74,1006,41,30,0,1
21,65,998,15,45,0,1
40,57,1024,10,37,0,0
28,31,1018,41,84,0,0
40,59,1005,12,1,0,0
22,64,1010,22,8,1,1
34,90,1002,27,71,1,1
35,69,1017,41,15,1,1
20,88,1009,43,49,0,1
36,48,996,22,41,1,1
25,82,1003,3,15,1,1
40,39,1017,6,0,0,0
30,50,1014,14,95,1,1
35,26,1021,43,66,1,1
27,33,997,23,37,0,1
22,54,1008,3,96,1,1
27,42,1001,14,45,0,0
29,64,1018,19,37,0,0
20,40,1011,14,23,1,0
19,34,1013,23,23,0,0
22,58,1000,29,63,1,1
30,83,1015,33,88,0,1
32,77,997,10,93,0,1
24,55,1008,18,88,0,1
27,61,1021,19,28,1,0
21,25,1007,25,41,0,0
41,80,999,27,17,0,1
27,41,1022,36,3,1,0
28,91,1022,12,2,0,0
20,49,1006,13,48,1,1
25,34,1010,20,46,0,0
24,63,1017,20,66,1,1
23,39,1014,44,95,0,1
21,30,1021,20,25,1,0
40,83,1004,39,83,0,1
29,59,999,36,2,0,1
21,54,1014,40,92,0,1
41,82,1020,16,4,0,0
26,33,1007,44,27,1,1
26,93,1008,3,61,0,1
34,93,1018,11,35,1,1
24,56,1021,2,57,0,0
19,75,998,27,86,0,1
20,74,997,36,58,0,1
30,46,1018,6,80,1,1
40,39,1007,43,8,1,1
27,88,1003,14,15,0,1
40,95,996,34,3,0,1
19,83,1003,3,89,1,1
32,45,1010,28,97,0,1
40,46,1017,2,58,1,0
23,52,1019,19,0,0,0
37,70,1007,13,71,0,1
35,52,1009,40,96,1,1
33,45,1008,9,41,0,0
32,44,1023,12,31,0,0
22,63,1019,24,96,0,1
29,35,1002,34,47,0,1
23,41,1011,35,50,0,0
41,46,1004,6,30,0,0
28,75,1017,15,3,0,0
20,56,1016,23,89,0,1
21,85,1019,9,84,0,0
33,78,998,43,68,0,1
19,74,1002,5,12,0,0
23,36,1022,14,20,1,0
37,50,1019,23,50,0,0
25,61,1002,23,76,0,1
35,31,1004,31,54,0,1
30,27,1021,41,75,0,0
40,96,995,36,78,0,1
29,25,1005,38,65,0,1
30,96,1015,4,88,0,1
19,96,995,22,14,1,1
25,44,1007,27,38,0,0
28,55,996,12,87,0,1
41,53,1020,22,32,0,0
22,77,996,43,93,0,1
38,75,1021,40,21,1,1
23,88,999,37,37,1,1
29,38,1018,35,51,1,1
20,29,1004,31,6,1,1
35,81,1000,11,43,0,1
18,87,1022,5,14,0,0
40,83,1017,36,90,0,1
19,37,1002,11,38,1,1
35,76,1011,28,7,1,1
30,70,1016,37,42,1,1
36,87,1007,5,12,0,0
35,32,1003,21,84,0,1
19,90,1003,33,21,0,1
30,34,1001,6,11,0,0
35,64,1012,11,63,0,0
38,77,1004,38,81,0,1
30,62,1011,29,21,0,0
40,33,998,38,64,0,1
29,84,1023,22,62,0,0
30,59,1008,8,66,0,0
21,26,997,34,49,1,1
36,31,1022,40,90,1,1
34,49,1024,31,13,0,0
24,57,1015,22,16,0,0
32,64,995,21,33,0,1
33,46,1024,30,44,0,0
18,62,995,39,72,1,1
38,48,998,21,42,0,1
18,84,997,44,83,0,1
36,70,1024,7,25,1,0
32,43,1018,10,58,0,0
32,82,1015,43,27,0,0
36,95,1019,31,76,0,1
38,64,1020,9,83,1,1
37,45,1022,8,30,1,0
40,37,1007,37,1,0,0
19,86,1009,35,1,0,0
40,61,1010,23,62,0,1
25,79,1015,44,42,0,1
40,40,1015,41,51,1,1
37,61,1020,4,17,1,0
36,37,1005,34,93,0,1
35,96,1015,3,82,0,1
25,44,1019,36,65,0,0
33,71,998,3,63,0,1
37,50,1021,21,92,0,0
37,89,1019,15,34,1,1
21,76,1017,21,89,0,1
26,60,998,27,39,0,1
28,98,996,10,81,0,1
31,27,1023,8,24,0,0
23,39,1009,41,90,1,1
38,82,1007,33,31,0,1
26,44,1011,16,76,0,0
38,69,1019,36,39,0,0
23,35,1004,9,71,0,0
24,75,1017,13,2,1,0
33,40,999,41,75,1,1
30,27,1023,32,23,0,0
40,57,1000,17,96,0,1
19,85,1022,36,6,0,0
19,41,1013,15,48,1,1
33,45,1010,4,57,0,0
24,53,1003,41,78,0,1
23,39,1009,31,31,1,1
37,26,1003,23,25,0,0
21,50,999,18,6,0,0
27,56,1008,20,8,0,0
29,89,1016,22,19,1,1
18,57,1012,42,16,0,0
34,67,1011,10,64,0,0
19,60,1012,15,84,0,1
38,54,1002,13,92,0,1
33,74,1004,44,86,0,1
22,45,995,32,81,0,1
18,47,1021,3,33,0,0
25,98,1014,38,24,1,1
30,64,1007,6,16,1,1
27,83,997,24,55,0,1
32,86,1000,43,23,1,1
22,95,1016,30,52,1,1
19,43,996,31,82,1,1
26,77,1010,41,61,0,1
39,35,1010,33,25,0,0
33,69,1001,34,63,0,1
31,26,1023,12,13,0,0
27,49,995,10,76,0,1
18,33,1016,41,12,1,0
25,83,1018,18,96,0,1
29,85,1006,44,61,1,1
28,88,999,25,72,0,1
27,35,1023,32,66,0,0
28,51,995,17,98,0,1
38,35,1003,25,98,0,1
23,95,1006,31,59,0,1
24,65,1003,2,2,0,0
21,57,995,21,36,0,1
38,82,1013,8,15,0,0
35,99,1018,30,41,0,0
40,98,997,23,95,1,1
19,32,1012,42,88,1,1
20,29,1009,43,13,0,0
29,91,1002,34,67,0,1
25,69,1010,24,87,0,1
36,75,995,14,44,1,1
27,54,1008,33,29,0,0
32,41,1010,34,75,0,1
36,83,1015,24,38,0,0
25,82,998,15,5,0,1
41,43,1021,33,44,1,0
25,26,995,11,44,1,1
19,60,1024,40,68,1,1
24,33,1014,42,87,0,1
28,51,1003,20,71,0,1
36,90,1023,4,65,0,0
28,49,1005,14,93,0,1
39,83,1007,32,37,1,1
36,54,1017,39,16,1,1
22,79,1014,7,65,0,0
36,89,1000,26,79,1,1
27,64,1014,25,58,0,0
37,29,998,43,21,0,1
37,25,1014,29,30,1,0
30,31,996,10,62,1,1
34,47,1012,11,86,1,1
36,79,1013,35,36,0,1
30,95,1005,2,53,0,1
18,65,1024,33,48,0,0
27,68,1010,34,3,0,0
39,65,1016,31,70,0,1
35,32,1015,8,68,1,0
25,86,1020,28,38,0,0
18,90,1003,16,70,1,1
21,34,998,13,57,1,1
20,82,1002,18,69,0,1
33,67,1008,34,43,0,1
23,95,1005,34,66,0,1
23,88,1004,40,42,0,1
32,48,1005,27,61,0,1
31,85,1017,33,0,0,0
31,25,1013,37,68,0,0
19,99,997,31,95,0,1
21,49,1013,8,13,0,0
18,61,1005,31,83,0,1
41,37,1001,19,37,0,0
26,90,1002,39,40,0,1
41,73,1021,33,38,0,0
40,99,1008,4,7,0,0
26,40,1020,33,81,0,0
37,84,1004,13,75,0,1
27,58,1019,31,43,0,0
41,85,1003,26,83,1,1
37,94,998,42,19,0,1
35,36,1001,41,93,0,1
39,91,1012,42,23,0,1
30,58,1001,4,95,0,1
20,48,1000,11,34,0,0
29,72,1005,13,80,0,1
34,96,1001,19,25,0,1
41,80,1015,9,60,0,0
33,98,1012,6,10,1,1
24,99,1012,19,30,0,0
40,77,1024,11,16,0,0
30,32,1011,41,89,0,1
35,79,1003,33,86,0,1
21,29,1017,2,49,1,0
36,33,995,36,25,0,1
19,30,999,32,91,1,1
26,78,1019,37,90,0,1
37,26,999,28,17,0,0
28,68,998,40,76,1,1
24,83,1019,16,83,0,1
18,49,1022,38,74,1,1
26,78,1003,29,90,0,1
23,68,1017,44,61,0,1
41,62,1012,29,69,0,1
27,36,1001,25,27,0,0
37,89,1021,17,35,0,0
24,68,1013,11,89,1,1
18,98,1024,34,89,1,1
34,37,1000,31,87,0,1
22,43,996,31,85,0,1
25,39,1000,37,79,0,1
25,62,997,34,7,0,1
34,84,1007,19,47,1,1
41,36,1000,32,97,1,1
39,92,1019,18,28,1,1
41,27,1008,40,26,1,1
31,28,998,26,74,1,1
29,81,1020,25,25,1,1
21,78,996,24,8,1,1
25,88,1011,2,20,1,1
28,63,1010,36,22,0,0
33,76,1013,35,61,1,1
40,35,1021,44,97,0,0
41,48,1004,35,81,0,1
24,36,1023,30,19,0,0
33,85,1013,8,99,0,1
26,41,995,3,6,0,0
31,28,1007,11,44,0,0
29,79,1012,12,53,0,0
38,57,1001,20,24,1,1
27,28,1018,7,11,1,0
29,86,995,13,57,1,1
34,34,1013,44,32,0,0
31,26,1022,39,37,0,0
18,67,1016,31,67,0,1
37,88,1023,38,78,0,1
34,47,1004,10,33,0,0
33,28,1022,18,75,0,0
23,87,1008,15,65,0,1
32,34,1020,36,33,0,0
28,68,1009,44,51,1,1
36,54,1011,18,28,1,1
32,77,996,29,84,0,1
38,48,1023,25,75,0,0
22,50,1018,4,32,1,0
29,67,1002,44,12,1,1
37,29,1004,26,4,1,1
34,78,1023,43,48,0,0
31,61,1017,23,83,0,0
33,95,1022,35,40,1,1
38,98,1013,37,76,1,1
36,30,1010,16,48,1,1
18,46,1022,37,81,0,0
25,94,1021,38,58,0,1
21,53,1020,29,76,0,0
39,74,1016,24,17,0,0
39,52,1002,33,5,0,0
39,64,1013,32,69,0,1
24,51,996,15,92,0,1
22,80,1006,19,59,0,1
29,30,995,13,23,1,1
28,58,1023,33,56,1,1
18,57,1022,37,64,0,0
18,93,996,37,87,0,1
35,75,1012,22,29,0,0
40,56,1002,24,26,1,1
28,45,1013,40,93,0,1
40,37,998,24,25,0,0
21,47,1002,15,23,1,1
25,49,1016,21,24,0,0
38,65,1022,24,84,0,0
37,45,1018,38,81,0,0
36,29,1023,28,5,0,0
20,89,1017,11,54,0,0
36,63,1022,41,47,1,1
33,76,1003,5,41,0,1
39,33,1019,25,57,0,0
29,98,1011,35,74,1,1
31,62,995,18,80,0,1
27,70,995,3,19,0,1
21,29,1014,4,2,0,0
24,71,1000,38,7,1,1
33,25,1008,11,9,0,0
26,92,1005,24,40,0,1
25,69,1018,2,25,1,0
41,61,1005,5,71,0,1
20,73,1017,41,67,1,1
27,94,998,22,41,0,1
37,30,1005,19,72,1,1
28,82,1012,35,79,1,1
29,60,1007,3,14,0,0
23,68,1023,34,78,0,0
27,30,999,41,5,0,0
38,29,1007,10,93,0,0
23,77,1021,28,68,0,0
41,97,1009,26,7,0,0
40,25,1009,32,70,1,1
23,40,1008,18,73,0,0
25,81,1005,19,44,0,1
40,38,1006,28,76,1,1
41,33,1007,9,55,1,1
26,31,1007,16,97,0,1
37,80,999,42,16,0,1
31,76,995,14,94,1,1
31,94,1005,24,70,0,1
21,68,1024,26,30,0,0
37,78,1008,39,22,0,1
36,74,1001,22,32,0,1
25,99,1001,22,91,0,1
25,76,1006,6,71,0,1
21,85,1016,43,48,0,1
18,87,1022,39,39,0,0
41,38,996,38,62,0,1
24,33,995,25,60,1,1
38,68,995,22,56,1,1
23,68,1003,5,5,1,1
38,51,1012,6,87,1,1
29,29,1023,29,5,1,0
33,32,997,12,83,0,1
36,67,1016,42,75,0,1
19,54,1021,24,99,0,0
33,94,1004,30,84,1,1
30,65,1003,37,0,1,1
31,43,995,30,73,1,1
35,53,1022,8,30,1,0
19,46,1007,12,53,0,0
23,97,1024,30,42,0,0
41,86,1007,16,4,0,0
35,62,1012,31,53,1,1
24,44,1020,21,28,1,0
34,75,1002,22,22,0,1
23,76,1002,36,68,0,1
18,87,1018,33,54,0,1
19,34,999,38,65,1,1
32,85,1015,39,28,0,0
28,47,1019,42,27,0,0
25,25,1007,21,93,1,1
25,86,1008,39,2,0,1
31,45,997,44,40,0,1
22,67,1001,11,62,0,1
32,53,1022,12,84,0,0
32,48,997,21,57,0,1
28,84,1001,21,85,0,1
31,60,1007,2,90,0,1
25,42,996,7,57,0,1
35,33,1009,24,58,1,1
26,46,1012,24,83,1,1
38,41,997,8,76,0,1
40,61,998,10,69,0,1
35,59,1017,32,83,1,1
29,73,1020,5,11,0,0
19,71,1005,34,13,1,1
23,26,998,25,8,0,0
25,65,1022,14,71,1,1
35,98,1023,21,64,0,0
37,36,1001,30,57,0,1
40,99,1019,21,48,0,0
23,94,1001,42,57,0,1
26,25,1012,13,64,1,1
36,38,1008,27,79,0,1
23,47,1013,26,88,0,1
27,65,1015,28,7,0,0
18,67,1013,31,33,1,1
37,86,1009,3,87,1,1
33,92,996,16,82,0,1
29,59,1014,40,40,0,0
32,56,1007,8,53,0,0
41,90,1013,39,52,0,1
38,25,1009,11,58,0,0
27,27,1016,39,65,1,1
26,86,1015,25,95,0,1
34,37,999,40,28,0,1
31,43,995,36,15,0,1
38,99,1020,16,56,0,0
23,84,999,5,82,0,1
22,66,1010,37,60,0,1
40,61,1009,39,58,1,1
19,66,1014,32,5,0,0
32,57,1002,27,52,0,1
28,89,1008,11,16,0,0
32,27,1016,27,49,0,0
33,85,1023,4,29,0,0
25,48,999,8,50,0,1
29,65,1017,26,32,0,0
28,60,1019,7,44,0,0
25,61,999,31,37,0,1
23,77,1002,36,8,1,1
22,43,1019,17,17,0,0
22,91,1001,33,94,1,1
33,57,999,9,1,0,0
23,66,997,39,60,1,1
19,73,1017,5,34,1,0
20,99,1004,4,40,0,1
22,82,1009,7,3,0,0
18,80,996,16,3,0,1
40,56,1003,38,88,1,1
24,64,1010,18,90,1,1
18,74,1023,19,51,0,0
28,57,1021,23,10,0,0
37,46,1012,9,85,0,0
33,58,1014,14,55,0,0
38,74,1024,26,93,0,0
19,28,1016,30,53,1,1
33,47,1017,7,68,0,0
23,95,999,34,25,0,1
19,50,1004,3,19,0,0
38,95,1004,32,7,0,1
25,84,1024,11,17,0,0
22,90,1014,4,87,1,1
33,84,1008,44,74,1,1
28,38,1013,19,99,1,1
36,65,1017,12,48,1,1
38,33,1010,13,64,0,0
24,79,1021,17,78,0,0
40,41,996,9,69,0,1
33,29,1015,21,97,0,0
32,97,1021,3,99,0,1
25,60,1002,8,12,0,0
39,46,1012,12,5,1,0
37,94,1009,4,16,0,0
19,81,1010,23,10,0,0
29,64,997,44,44,0,1
32,68,1004,22,3,0,0
26,30,1001,18,99,0,1
34,51,1001,12,89,0,1
38,56,1012,24,50,0,0
24,25,1019,32,5,0,0
21,40,1009,23,17,0,0
27,73,1000,44,9,0,1
24,66,1007,36,27,0,1
26,29,1019,17,28,0,0
40,81,1012,27,4,0,0
36,52,998,21,49,0,1
18,32,1022,42,26,0,0
39,57,1000,34,45,0,1
22,39,1024,4,27,0,0
21,27,1014,32,13,1,0
22,73,1013,27,55,1,1
35,69,998,32,81,0,1
19,66,1007,7,83,0,1
21,55,1020,20,70,0,0
34,43,1019,30,24,0,0
22,99,998,32,35,0,1
24,68,1021,27,18,0,0
26,62,1004,2,34,0,0
31,94,1005,40,88,1,1
22,50,1012,33,46,0,0
35,98,1020,29,94,0,1
25,82,1002,11,44,0,1
35,72,1022,29,19,0,0
23,65,1010,33,5,0,0
20,96,995,20,9,0,1
24,85,1008,3,21,0,0
37,50,1021,5,38,1,0
40,49,1014,10,52,0,0
31,51,998,15,22,0,0
38,27,1000,30,3,1,1
25,72,1014,17,46,0,0
19,53,1006,5,42,0,0
34,84,1013,10,4,0,0
33,83,1018,2,83,1,1
27,71,1017,29,34,0,0
30,39,1015,43,34,0,0
36,34,1018,17,19,0,0
30,32,1020,14,87,0,0
34,71,1022,42,51,0,0
29,78,998,14,98,0,1
31,96,1017,12,7,1,0
29,35,1011,28,76,0,0
26,68,1020,25,29,1,0
22,88,1014,7,70,0,1
41,61,1018,42,59,0,0
36,93,1007,13,36,0,1
20,99,1004,31,72,1,1
23,70,1004,35,25,0,1
41,31,1014,37,39,1,1
37,99,1020,36,68,0,1
18,33,1016,6,83,1,1
19,54,1004,38,31,0,1
29,91,1001,44,25,0,1
27,81,1006,34,26,0,1
27,62,1010,43,26,0,0
39,82,1005,42,8,0,1
31,78,1023,31,58,0,0
33,69,1002,27,94,0,1
27,71,1011,7,59,1,1
22,46,1007,17,89,0,1
27,37,1017,33,22,1,0
33,52,995,41,25,0,1
34,66,1023,3,33,0,0
23,36,1014,22,90,0,0
22,73,1020,6,60,1,1
31,96,1005,29,28,0,1
19,88,1016,3,42,0,0
30,77,1022,20,27,1,0
19,53,1014,15,27,0,0
29,67,1011,16,47,1,1
34,60,1008,37,90,0,1
39,30,1024,28,21,0,0
24,74,1006,17,68,1,1
20,33,1023,28,56,0,0
27,77,1000,26,3,0,1
26,68,1017,11,69,0,0
22,84,1021,5,2,0,0
22,42,997,6,40,0,0
32,96,1006,31,85,0,1
25,88,1009,30,94,0,1
34,44,1020,29,58,0,0
35,53,997,36,14,0,1
38,85,997,36,49,0,1
20,78,1005,3,32,1,1
36,42,1012,22,21,1,0
35,30,995,10,51,0,1
22,46,1011,9,81,1,1
31,92,1002,28,23,0,1
28,37,1002,5,89,1,1
40,87,1004,39,10,0,1
29,62,1000,26,61,0,1
24,78,1021,40,84,0,1
41,87,1021,43,25,0,0
25,77,999,5,4,0,0
23,32,995,32,32,0,1
22,60,1010,21,23,0,0
24,97,1022,40,30,0,0
21,90,1004,38,56,0,1
28,44,996,25,79,0,1
35,62,1009,30,29,1,1
29,67,1016,42,26,0,0
23,55,1006,24,28,1,1
24,44,1010,8,3,0,0
19,42,995,2,24,0,0
28,76,1024,9,59,0,0
24,66,1012,8,3,0,0
27,54,1012,36,44,0,0
31,78,1008,34,4,0,0
36,47,1001,29,20,0,0
27,96,1003,12,21,1,1
35,64,996,20,15,1,1
23,31,1017,15,75,1,1
19,45,998,41,62,1,1
24,34,1015,17,62,0,0
40,74,1021,38,7,0,0
24,54,1012,24,37,0,0
41,54,1017,31,71,0,0
24,63,1011,33,68,0,1
37,37,1008,8,87,1,1
26,70,997,30,99,0,1
25,90,998,3,93,0,1
21,97,996,21,96,1,1
33,29,999,10,95,0,1
24,87,1009,41,92,0,1
20,67,1023,26,54,1,1
29,82,1007,40,18,0,1
27,26,995,4,25,0,0
31,48,997,35,87,0,1
41,60,1023,14,7,0,0
33,76,999,18,33,0,1
28,85,1009,42,21,0,1
34,63,1017,14,71,0,0
35,41,1002,4,92,0,1
28,90,996,18,72,1,1
39,94,1005,7,51,0,1
18,75,1005,23,33,0,1
34,73,1020,43,91,0,1
23,92,1008,37,55,0,1
31,39,1017,9,55,0,0
40,69,1008,42,26,0,1
38,90,1006,32,60,0,1
34,54,1018,32,51,0,0
30,82,1017,16,89,0,1
20,40,1003,20,39,0,0
36,27,1020,38,71,0,0
38,51,1006,39,71,0,1
24,65,1020,30,80,1,1
36,51,1024,34,44,1,0
26,34,1023,23,19,0,0
19,64,1017,19,81,1,1
34,47,1009,16,88,1,1
38,71,1012,20,17,1,1
27,54,1023,22,20,1,0
19,69,995,23,55,0,1
36,43,996,30,86,0,1
33,69,1017,29,27,1,1
35,61,1010,30,93,0,1
24,25,1002,40,54,0,1
24,49,1017,24,42,1,1
18,62,1020,25,4,0,0
34,61,1009,3,97,0,1
33,68,1021,5,30,0,0
26,26,1002,15,23,0,0
26,49,1024,8,31,1,0
31,50,1004,8,55,1,1
30,92,1006,26,51,1,1
39,28,1023,25,39,0,0
23,65,1006,10,14,0,0
30,81,1024,36,34,1,1
38,37,1015,25,25,0,0
41,54,1019,27,81,0,0
34,45,1017,29,80,0,0
38,77,996,29,67,1,1
19,49,1018,32,67,1,1
23,63,1012,25,88,1,1
39,34,1012,30,74,1,1
28,93,1000,15,15,1,1
18,93,1002,15,39,0,1
37,91,1004,12,97,1,1
27,30,1002,32,5,0,0
25,91,1024,23,11,0,0
24,88,1017,14,3,0,0
21,31,1007,36,48,0,0
28,48,1016,44,50,0,0
31,46,1009,19,43,0,0
41,98,1003,26,3,1,1
21,66,999,40,6,0,1
37,87,1007,22,4,0,0
33,83,1000,37,37,0,1
33,30,1005,24,14,0,0
24,98,995,25,69,0,1
36,94,1014,26,83,1,1
39,35,1011,21,77,0,0
23,84,998,8,93,1,1
22,92,1009,37,14,1,1
21,26,1009,21,54,0,0
30,84,1019,15,8,1,0
20,29,1006,38,77,0,1
22,78,1009,32,48,0,1
40,40,1011,8,42,0,0
26,95,1008,17,59,0,1
22,75,1001,23,23,0,1
27,46,1017,36,54,1,1
32,95,1013,43,45,0,1
40,44,995,7,14,0,0
26,55,1000,2,18,0,0
36,73,1005,19,87,0,1
26,35,1005,5,81,0,0
26,88,995,26,8,0,1
37,41,997,24,0,0,0
37,88,1014,13,80,0,1
41,54,1017,24,55,1,1
19,57,1019,16,31,1,0
39,55,1009,21,86,0,1
30,40,1009,26,75,0,1
29,78,1020,17,61,0,0
27,90,1021,31,96,1,1
32,50,1023,16,5,1,0
18,59,1022,44,88,1,1
23,65,1006,11,26,0,0
27,95,1000,12,23,0,1
22,27,998,5,0,1,0
30,55,999,6,42,0,1
21,95,1020,30,99,0,1
27,35,1012,34,52,0,0
34,36,995,24,6,0,0
29,77,1002,8,77,0,1
37,98,1015,6,96,0,1
29,35,1015,5,88,0,0
20,59,1001,34,76,0,1
29,75,1018,39,41,0,0
20,52,1003,43,44,1,1
25,50,1005,35,28,0,0
23,72,1010,8,74,0,1
23,61,1003,4,52,0,0
25,64,1011,39,69,0,1
27,85,996,30,69,0,1
26,90,998,42,93,0,1
18,99,1001,19,7,0,1
27,90,1004,16,21,0,1
34,91,998,26,56,0,1
38,79,1018,20,95,1,1
22,79,1009,28,17,1,1
40,84,1019,4,1,0,0
38,37,1002,7,11,0,0
25,97,998,38,35,1,1
29,42,1023,32,39,0,0
24,87,1023,41,28,0,0
18,63,1012,21,91,0,1
38,51,1000,27,86,1,1
28,60,1001,38,61,0,1
27,55,1003,7,12,0,0
28,72,1020,21,28,1,0
23,80,1011,19,99,0,1
35,66,1022,4,81,1,1
28,52,1004,10,83,0,1
38,50,1017,11,43,0,0
39,61,1018,13,99,1,1
20,54,1001,3,17,0,0
31,36,1020,33,92,0,0
27,90,999,15,9,0,1
26,45,999,10,8,0,0
22,86,1010,35,3,0,0
35,68,1008,28,75,0,1
19,28,1005,3,31,0,0
39,43,1020,21,99,0,0
35,38,1014,25,46,0,0
37,70,1001,24,92,1,1
35,55,1009,37,17,1,1
23,69,1022,19,94,0,0
28,40,1024,41,88,1,1
32,82,996,6,93,0,1
30,55,998,40,49,1,1
32,35,1011,11,15,0,0
24,47,1008,2,48,1,1
30,96,1013,25,48,1,1
28,50,1008,43,90,1,1
20,85,1005,10,64,0,1
31,88,998,38,20,1,1
22,91,1016,21,40,0,0
28,25,1017,26,89,1,1
30,71,995,26,55,1,1
32,78,1021,19,80,1,1
35,73,995,8,29,1,1
20,54,1008,36,33,0,0
24,37,998,41,59,0,1
19,37,1020,5,12,0,0
30,57,1017,4,31,0,0
29,80,998,34,31,0,1
26,29,1023,22,2,0,0
20,61,1006,36,32,1,1
33,42,997,30,4,1,1
33,97,1012,44,85,0,1
20,29,1016,2,46,1,0
39,79,1008,3,99,0,1
24,32,998,44,11,1,1
32,43,1015,31,48,0,0
37,84,995,43,6,0,1
33,49,1000,39,44,0,1
34,40,998,31,83,0,1
22,65,1003,41,27,1,1
37,56,1006,17,89,1,1
26,41,1010,24,41,0,0
38,70,1019,6,51,1,0
32,27,1015,20,55,1,0
32,74,995,29,45,1,1
25,25,1001,15,20,0,0
34,31,1009,9,59,0,0
27,65,1013,3,7,1,0
21,74,1012,3,4,0,0
25,81,1005,9,37,1,1
24,91,1012,26,87,0,1
40,54,1008,42,90,0,1
29,34,1003,3,20,1,0
27,49,1002,6,21,0,0
28,68,999,7,96,0,1
31,48,1008,25,75,1,1
23,45,1010,10,45,0,0
26,83,999,43,94,0,1
26,91,1013,20,64,0,1
32,43,1019,40,94,1,1
18,64,1006,29,29,0,1
27,38,999,37,58,0,1
31,87,1011,28,64,1,1
26,40,997,11,15,0,0
36,85,1009,40,71,1,1
19,95,1019,39,61,1,1
24,49,1021,3,25,0,0
23,79,1008,4,45,1,1
28,45,1005,5,68,1,1
31,30,1008,23,15,0,0
35,82,1001,24,50,0,1
38,30,1004,26,2,0,0
38,91,1016,4,80,0,1
19,29,1003,30,34,1,1
20,74,1024,16,28,0,0
22,81,1010,5,57,0,0
22,61,1019,5,23,0,0
19,59,1023,37,7,0,0
39,68,1004,6,46,0,0
20,50,996,16,76,0,1
29,38,1006,16,84,1,1
30,71,1014,19,78,0,1
29,29,1020,18,76,0,0
21,64,997,3,88,0,1
28,35,1004,29,10,0,0
24,53,995,16,6,0,0
20,44,1022,4,28,1,0
27,85,997,27,93,0,1
37,75,1015,43,72,0,1
37,69,1017,37,23,0,0
38,66,998,41,33,0,1
24,49,997,44,81,1,1
37,37,996,41,46,0,1
19,92,1007,31,75,1,1
28,27,1005,10,70,0,0
27,56,995,14,35,0,1
39,35,1019,16,44,0,0
19,58,1000,26,66,1,1
28,53,1015,10,84,1,1
32,56,1016,43,10,0,0
19,65,1016,26,15,1,0
24,94,996,43,36,1,1
24,71,1007,18,2,1,1
29,99,1003,20,30,1,1
30,42,1017,5,21,0,0
31,58,1010,7,75,1,1
27,70,998,35,50,1,1
36,39,1003,37,21,1,1
29,50,1018,26,85,1,1
35,61,1020,20,34,1,0
34,83,1014,30,6,1,1
23,89,1008,22,26,1,1
26,34,1016,44,49,1,1
34,55,1002,41,59,1,1
24,69,1009,15,24,0,0
31,69,1014,5,45,1,1
18,25,998,21,58,1,1
22,76,1018,15,1,1,0
29,62,1003,33,40,1,1
27,36,1019,22,7,0,0
38,41,1015,8,60,1,0
37,78,1003,14,28,1,1
25,44,1006,11,14,1,0
41,80,1008,17,41,1,1
37,38,999,27,40,0,1
30,83,1009,25,20,1,1
27,48,1015,5,24,1,0
19,74,1008,28,27,1,1
27,68,1002,18,11,0,0
37,91,1004,12,77,0,1
22,57,1006,33,37,0,1
32,94,1017,26,0,0,0
28,49,1014,13,45,0,0
21,33,995,41,33,0,1
30,69,1024,34,32,1,0
33,83,1024,36,46,0,0
19,84,1000,26,52,0,1
31,28,1002,35,91,1,1
34,92,1017,35,26,1,1
23,58,1003,32,5,0,0
25,25,1010,43,82,0,1
33,71,1010,12,5,0,0
21,46,1002,24,30,0,0
36,25,997,9,12,0,0
30,66,1023,31,15,0,0
19,64,997,30,93,0,1
37,88,996,5,47,0,1
33,42,1016,11,13,0,0
31,70,996,3,34,1,1
23,92,995,36,47,0,1
28,86,1013,5,85,1,1
27,59,1015,29,22,0,0
19,50,1011,44,96,0,1
39,90,1004,40,25,0,1
28,46,1018,30,9,0,0
38,85,1016,40,76,0,1
23,25,1019,29,85,0,0
22,42,1014,13,84,1,1
35,65,996,19,33,0,1
31,89,1024,29,26,0,0
29,25,995,42,61,0,1
33,29,1001,21,25,0,0
20,63,1008,15,19,0,0
26,87,1020,7,65,1,1
28,88,995,6,12,0,1
30,58,1018,10,89,0,0
39,49,1002,5,46,0,0
22,98,1003,37,0,1,1
28,65,1017,6,90,0,0
36,27,1002,37,54,1,1
26,98,1021,35,29,1,1
23,79,1014,38,80,0,1
39,46,998,19,91,0,1
40,42,1004,3,13,1,0
36,93,1020,33,73,0,1
24,67,1013,12,98,1,1
23,83,1007,31,51,0,1
35,99,1016,11,82,0,1
20,59,995,19,25,1,1
26,67,1012,33,37,1,1
34,80,1023,42,83,0,1
20,80,1006,36,61,0,1
39,52,999,21,34,0,1
19,30,1013,43,7,0,0
19,40,1015,25,24,0,0
26,54,1003,41,6,1,1
28,75,1002,16,10,1,1
30,98,1004,31,56,0,1
19,89,1002,32,47,0,1
28,65,1019,20,60,0,0
27,77,998,34,99,0,1
20,27,1008,6,96,0,0
23,26,1007,2,90,0,0
27,39,997,31,5,0,0
40,87,1003,38,69,1,1
26,40,1000,21,83,0,1
38,96,1014,25,46,0,1
34,64,1020,5,41,0,0
21,76,1016,26,67,0,1
20,44,1008,15,38,0,0
19,91,1006,40,11,0,1
20,55,1018,8,8,0,0
22,46,1003,17,63,0,1
26,36,1021,10,90,1,1
28,62,1003,4,55,0,1
36,73,996,31,79,0,1
33,64,999,9,53,0,1
19,62,1018,39,19,0,0
18,90,1014,20,15,0,0
41,44,1005,15,76,0,1
19,83,1010,29,42,1,1
20,51,1013,5,84,0,0
26,47,1017,14,59,0,0
35,36,1004,39,91,1,1
23,78,1018,21,11,1,0
39,59,1007,10,86,1,1
31,56,1021,41,57,1,1
27,88,1007,35,4,0,1
22,96,1012,26,17,1,1
37,44,1001,41,87,1,1
21,46,1019,22,81,0,0
26,33,1021,34,6,0,0
35,96,995,36,92,0,1
38,76,997,41,43,1,1
18,27,1015,13,7,0,0
32,35,1020,24,37,0,0
22,39,1023,44,51,1,1
36,78,1020,18,14,0,0
35,47,1010,21,24,0,0
18,52,1021,28,99,1,1
37,75,1020,22,42,0,0
30,49,1013,32,83,1,1
25,91,1005,28,36,0,1
23,94,1006,22,88,0,1
35,68,1001,6,22,0,0
20,93,1023,18,37,1,1
36,87,997,31,96,0,1
36,63,1020,33,27,0,0
33,37,1016,41,10,0,0
25,75,1000,17,29,0,1
31,78,1001,4,94,0,1
23,61,1009,5,41,0,0
37,46,998,13,72,0,1
22,43,1018,15,46,1,0
41,35,1007,11,92,0,1
39,83,995,33,17,1,1
35,75,1009,26,9,0,0
38,89,995,34,18,0,1
30,62,1001,44,66,0,1
23,27,1023,13,81,0,0
24,72,1020,17,44,0,0
21,74,1020,2,66,1,1
28,61,996,10,60,1,1
36,55,1015,18,80,1,1
24,89,1010,4,78,0,1
40,87,999,12,18,1,1
28,99,1023,10,24,0,0
30,89,1024,10,28,0,0
20,59,996,5,40,0,1
34,54,1017,31,10,1,0
31,29,1021,36,50,0,0
33,82,1000,38,6,0,1
27,57,1013,15,35,0,0
37,79,1024,27,94,1,1
36,49,1023,27,84,1,1
41,41,1024,5,54,0,0
26,64,1003,37,7,0,1
39,73,1000,27,41,1,1
29,43,1019,38,64,0,0
19,40,1003,8,76,0,1
27,36,996,29,4,0,0
32,35,996,16,50,1,1
38,55,1002,8,98,1,1
22,38,996,11,81,0,1
34,41,1018,23,88,0,0
40,58,999,34,4,1,1
20,87,1000,14,7,0,1
35,93,1000,32,1,1,1
33,34,1023,31,83,0,0
25,69,1019,37,70,0,1
37,57,1020,34,89,0,1
36,88,1000,17,11,1,1
29,44,1019,3,94,0,0
27,30,996,17,68,1,1
23,46,1016,2,99,1,1
29,87,1007,12,81,1,1
21,33,997,9,8,1,1
39,93,1017,17,4,1,0
24,27,1020,9,84,0,0
22,30,1024,28,85,1,1
41,67,1021,34,94,1,1
19,75,997,37,5,1,1
40,38,1003,16,24,1,1
39,95,1012,18,13,0,0
25,83,1001,10,11,0,0
18,39,1003,18,27,1,1
30,71,1015,6,6,0,0
36,56,1018,44,66,0,1
23,75,1010,9,52,1,1
33,34,1024,10,85,1,0
27,60,1004,28,78,1,1
37,70,1022,16,67,1,1
36,29,1012,18,54,1,1
21,76,1013,32,2,0,0
38,32,1018,6,63,0,0
18,82,1024,19,87,0,0
31,56,1021,40,40,0,0
31,72,1010,28,85,0,1
18,48,1020,43,94,0,1
30,55,1017,38,58,0,0
24,96,1012,28,8,1,1
39,99,1016,23,13,0,0
32,74,999,30,96,1,1
31,41,995,15,54,1,1
26,36,1020,3,14,0,0
38,65,1022,31,77,0,0
25,95,1011,23,89,1,1
25,46,1002,6,8,1,1
39,58,997,37,82,0,1
24,62,997,33,45,0,1
30,49,995,6,28,1,1
38,73,995,5,46,1,1
30,88,1008,33,97,1,1
27,61,997,44,33,0,1
20,69,1000,42,51,1,1
32,40,997,28,22,1,1
33,79,1000,28,46,0,1
20,60,1018,18,44,0,0
18,44,1000,6,63,0,1
35,77,995,39,51,0,1
27,49,1022,30,34,0,0
31,60,1001,11,45,0,1
33,72,1007,31,95,0,1
21,90,1023,8,55,0,0
40,57,1004,7,7,1,1
28,94,1002,17,16,0,1
25,82,1024,28,73,0,0
36,34,1011,31,8,0,0
19,51,1014,25,26,0,0
35,74,1005,42,75,1,1
25,77,1010,14,25,1,1
40,80,1015,22,7,0,0
35,26,1002,7,5,0,0
31,85,997,6,85,1,1
35,97,1019,30,32,0,0
25,37,1023,9,26,0,0
18,52,1015,30,92,1,1
26,85,1016,9,56,1,1
40,54,1009,15,88,0,1
33,42,1008,39,52,1,1
34,57,1007,8,63,1,1
41,61,1020,10,3,0,0
30,87,1002,37,7,0,1
33,50,1007,43,13,0,0
30,96,1018,6,52,0,0
30,26,1010,15,48,0,0
33,33,1001,3,74,1,1
31,64,1017,23,46,0,0
21,57,1001,44,17,0,1
22,29,1014,37,72,1,1
26,72,1014,10,84,0,1
29,34,1023,35,85,0,0
41,58,1015,43,39,1,1
27,50,1005,42,70,0,1
33,81,1013,16,61,0,1
20,69,1023,27,70,1,1
32,91,1000,30,62,0,1
21,71,999,7,82,0,1
23,60,1006,25,56,1,1
31,63,996,35,57,0,1
21,59,996,22,7,0,1
36,86,1024,21,51,0,0
37,70,1017,5,61,0,0
25,29,1012,26,80,0,0
27,45,998,20,22,0,0
21,59,1021,43,89,1,1
28,73,1020,42,76,0,1
34,95,1010,21,45,0,1
28,51,996,23,62,0,1
20,51,1001,36,22,0,1
41,26,1012,37,57,0,0
24,90,1009,32,45,0,1
22,77,1023,5,45,1,0
30,36,1022,18,49,1,0
40,33,1013,30,24,0,0
30,71,1006,43,2,1,1
35,34,998,29,56,0,1
35,73,999,21,73,0,1
39,45,995,17,34,1,1
29,37,1021,9,30,0,0
29,75,998,26,44,0,1
25,46,1000,12,70,0,1
25,58,1018,44,85,0,1
22,86,1024,39,29,1,1
37,49,1020,38,86,1,1
22,41,1012,36,93,0,1
21,65,998,25,2,0,1
28,85,1002,30,97,0,1
19,45,1019,22,61,0,0
22,65,1019,3,8,0,0
24,62,1014,16,27,1,1
39,75,1018,35,72,1,1
30,79,998,41,57,0,1
31,86,995,12,86,0,1
32,51,1015,11,79,0,0
19,59,1009,12,32,0,0
28,76,1013,40,86,0,1
25,90,1018,8,89,0,1
23,35,1014,37,11,1,0
26,47,1002,7,49,0,0
37,42,1021,34,92,0,0
29,82,1024,28,52,0,0
28,74,1016,43,58,0,1
31,37,1001,16,43,0,0
35,60,998,14,38,0,1
36,92,995,41,95,0,1
37,99,1015,31,94,0,1
34,65,1016,30,0,1,0
20,32,1002,9,5,1,0
22,94,1016,30,57,1,1
23,43,1022,35,57,0,0
30,28,1005,22,59,0,0
30,66,1020,32,48,1,1
20,63,1010,22,17,1,1
27,59,1020,12,57,0,0
23,70,1024,21,25,1,0
24,61,1000,24,46,0,1
32,50,1019,37,20,1,0
28,47,995,11,88,1,1
25,88,995,13,47,0,1
29,35,1010,9,50,0,0
34,92,1012,8,97,0,1
21,54,1020,13,74,0,0
28,97,1020,9,84,0,1
23,79,1012,7,20,0,0
41,72,1017,37,81,0,1
30,27,1021,13,83,1,0
22,75,1013,13,91,1,1
19,87,1015,5,53,0,0
39,30,1001,35,67,1,1
26,61,1011,39,77,0,1
19,84,1017,14,20,0,0
18,34,1002,14,62,0,1
41,91,1021,19,34,1,1
19,32,1022,22,45,0,0
33,70,1002,31,55,1,1
31,81,1006,24,11,1,1
29,63,1004,31,47,1,1
20,59,995,38,39,0,1
33,42,1012,15,95,0,0
27,26,1015,27,86,0,0
18,65,1019,5,20,0,0
41,28,998,4,54,0,0
23,56,1022,10,66,0,0
38,34,999,30,6,1,1
27,35,1015,41,57,1,1
29,92,1022,30,76,1,1
20,63,1016,18,91,0,1
33,93,1016,18,60,0,1
29,68,998,42,54,0,1
30,37,1007,31,17,0,0
34,34,1003,25,92,0,1
41,38,1023,8,88,0,0
41,98,1009,35,61,0,1
27,53,1020,16,91,0,0
41,66,1014,30,1,0,0
32,78,1004,31,8,1,1
25,82,995,14,5,1,1
19,98,1002,42,38,0,1
30,95,1013,2,44,1,1
38,81,1020,17,11,0,0
19,78,1021,26,82,0,0
29,48,1012,40,68,0,1
33,85,1010,18,3,1,1
22,93,1014,44,45,0,1
38,54,1011,34,86,0,1
27,63,1000,8,36,0,1
27,44,1020,10,69,1,0
38,31,1000,35,46,0,1
30,41,1013,44,65,0,1
29,37,1000,37,75,0,1
32,64,999,33,99,0,1
23,98,1020,38,14,0,0
26,79,1003,42,14,0,1
18,52,995,2,53,0,1
28,72,1021,6,73,0,0
28,50,1012,29,77,0,1
20,53,1006,6,31,1,1
24,45,1010,30,78,0,1
24,38,1003,11,88,0,1
26,40,1024,25,20,0,0
40,63,1014,8,6,0,0
20,82,1004,39,31,0,1
41,74,1003,42,1,1,1
18,46,1005,12,13,0,0
40,97,1021,19,60,0,0
20,92,1016,12,70,0,1
22,28,1007,3,64,1,1
40,28,1015,43,82,0,0
25,75,1003,10,22,0,0
29,34,1021,20,95,1,1
28,99,1020,17,28,1,1
18,30,1007,28,34,0,0
18,83,1008,44,45,0,1
27,26,1018,6,14,1,0
37,80,1018,36,87,0,1
35,51,1013,38,35,0,0
24,36,1006,17,47,1,1
18,56,1016,7,29,1,0
34,26,1010,13,11,1,0
24,94,1017,42,89,0,1
31,87,1002,17,45,0,1
35,73,1020,31,32,1,1
22,96,1012,42,10,0,1
28,71,1008,41,49,0,1
26,47,1023,8,14,0,0
38,61,1001,29,5,0,0
39,28,1009,36,57,0,0
22,26,1009,41,27,0,0
26,95,998,20,7,0,1
26,94,1004,29,44,0,1
30,27,1006,37,10,1,1
29,65,1002,42,76,0,1
26,34,1003,28,52,1,1
34,43,1004,24,99,1,1
19,43,1002,27,50,0,1
20,85,1024,19,16,1,0
33,32,1003,27,4,0,0
41,93,998,26,16,0,1
24,70,1009,7,31,0,0
27,64,1021,41,4,0,0
33,76,1005,40,88,0,1
19,31,1000,2,81,0,1
34,96,1014,36,41,1,1
18,40,1010,26,95,0,1
26,47,1024,33,87,1,1
28,44,1006,19,33,0,0
38,38,1020,14,89,0,0
40,46,1004,6,67,0,0
33,35,1001,34,98,1,1
40,91,1014,2,32,0,0
20,79,1007,39,30,0,1
41,76,1004,7,91,0,1
32,70,1006,11,29,0,0
31,87,1018,11,89,0,1
37,53,996,3,65,0,1
39,42,1007,18,29,0,0
31,53,1013,20,23,0,0
33,74,1003,43,53,1,1
22,47,1024,8,19,1,0
20,55,1001,2,55,0,1
18,94,1014,40,2,0,0
32,44,998,28,83,0,1
38,67,1014,6,19,1,0
27,87,1016,39,91,1,1
27,85,997,41,16,0,1
37,70,1018,30,89,1,1
29,50,995,33,74,0,1
25,49,1014,22,3,1,0
36,50,998,26,22,0,1
26,99,1023,21,8,0,0
34,65,1007,3,80,1,1
23,90,1024,34,68,0,0
35,83,998,28,77,0,1
41,96,1015,35,48,1,1
34,94,1000,20,0,0,1
22,92,1019,23,47,0,0
18,49,1004,19,54,0,1
41,73,1020,43,1,0,0
37,62,997,11,91,0,1
34,77,1006,24,27,0,1
23,44,1000,4,2,0,0
18,60,1006,27,36,0,1
27,68,1005,20,68,1,1
36,94,1018,40,82,0,1
29,35,1024,18,16,1,0
23,86,1002,12,12,0,0
34,52,1010,17,35,0,0
37,26,1007,3,68,0,0
33,48,1011,10,39,0,0
26,30,1013,34,18,0,0
41,85,1024,40,61,0,0
19,27,1000,29,76,0,1
26,91,1016,32,78,1,1
34,83,1023,12,60,0,0
20,74,995,9,61,1,1
34,96,1005,34,89,1,1
34,39,1023,31,49,0,0
29,26,1022,22,28,1,0
33,85,995,3,43,0,1
34,29,996,9,49,0,1
26,34,998,5,13,0,0
34,45,1015,14,96,0,0
33,69,1003,21,39,0,1
39,88,997,2,52,1,1
22,93,1005,26,59,1,1
29,81,1002,11,17,0,0
22,80,998,28,31,0,1
39,90,998,12,47,0,1
30,97,1004,28,65,1,1
29,36,997,27,78,0,1
30,59,1007,6,42,0,0
36,83,1017,13,95,1,1
34,88,1013,44,65,0,1
20,39,1012,3,4,0,0
23,66,1021,20,15,0,0
26,91,1011,31,26,1,1
35,63,1001,10,15,1,1
26,25,1006,36,83,1,1
24,61,999,21,4,0,0
37,29,1017,8,64,1,0
19,36,1004,26,95,1,1
28,55,1020,10,20,0,0
24,37,1014,14,51,0,0
31,72,1007,27,96,0,1
40,78,1021,16,2,1,0
25,42,1018,40,56,1,1
25,61,999,10,44,1,1
25,51,1009,32,76,0,1
22,66,1017,26,11,0,0
22,33,999,8,40,0,0
22,31,999,18,74,0,1
21,25,1020,2,77,0,0
26,89,1002,42,46,0,1
21,28,1004,3,93,1,1
35,54,1008,36,0,0,0
40,69,1002,23,48,1,1
33,87,1010,16,40,0,0
19,81,1004,13,81,0,1
21,63,1013,44,61,1,1
37,55,1011,32,41,0,0
33,44,1010,20,94,0,1
37,73,1009,27,34,0,0
29,48,1003,6,30,0,0
19,84,1007,12,72,1,1
40,71,1022,17,73,0,0
32,69,999,34,57,0,1
20,47,1004,33,47,1,1
21,78,1014,4,68,0,0
23,94,1017,31,38,1,1
38,69,999,23,51,1,1
35,74,1009,38,1,0,0
37,98,999,33,65,1,1
39,85,999,22,17,0,1
21,80,998,18,51,0,1
27,57,1016,19,26,0,0
27,28,1021,33,23,0,0
38,99,1002,2,1,1,1
37,66,1024,41,24,0,0
27,52,999,33,40,0,1
35,48,995,17,87,0,1
35,87,1000,23,64,0,1
30,70,1019,29,80,1,1
30,28,1009,42,59,0,1
37,31,1024,8,63,0,0
25,38,1019,23,22,0,0
38,48,1012,22,62,0,0
32,55,1020,5,3,1,0
36,50,1012,34,3,1,1
23,58,1024,35,1,1,0
34,45,1006,37,0,0,0
24,40,1011,7,96,1,1
30,33,997,29,63,1,1
40,89,1001,26,51,0,1
21,49,1010,41,68,0,1
37,27,995,26,79,0,1
21,88,1000,13,45,0,1
23,29,1023,3,2,1,0
29,74,1022,2,64,1,0
39,77,1003,2,14,0,0
21,34,1017,32,83,1,1
19,40,1009,42,41,1,1
19,91,1013,25,66,1,1
22,83,1023,32,75,1,1
21,55,995,8,89,0,1
19,57,1013,18,5,0,0
23,44,1004,43,62,0,1
35,96,1005,8,70,0,1
33,74,1012,14,30,1,1
20,90,1001,35,76,0,1
24,51,1001,9,99,0,1
38,50,1023,21,92,0,0
32,75,1004,3,29,0,0
34,91,1002,44,48,1,1
25,58,1010,10,57,0,0
41,80,1007,23,80,0,1
26,87,1004,31,16,0,1
30,90,1010,30,69,0,1
18,79,1017,11,54,1,1
41,96,1022,29,50,0,0
25,53,1013,30,78,0,1
34,79,1008,16,71,0,1
24,46,1024,6,73,1,0
22,47,1018,5,42,0,0
28,49,1020,40,55,0,0
21,57,1010,21,51,0,0
29,28,1007,4,52,0,0
24,69,1009,15,95,1,1
33,55,1010,2,45,0,0
39,83,1024,42,50,1,1
27,62,997,3,92,0,1
38,74,1008,29,33,1,1
32,94,1022,39,8,1,1
40,55,1016,5,32,0,0
20,37,1009,34,91,1,1
23,89,1016,32,48,0,1
18,72,1022,42,65,1,1
22,50,1002,2,31,1,1
34,29,1002,18,52,0,0
36,53,1013,13,7,1,0
32,58,1020,36,92,0,1
21,45,1024,20,95,1,1
36,57,1020,43,53,0,0
36,52,1014,9,89,1,1
28,96,1020,13,12,0,0
25,66,1015,39,64,1,1
18,79,1004,22,70,1,1
24,52,1020,38,97,0,1
39,97,1009,16,64,0,1
35,35,997,34,3,0,0
36,72,1006,41,58,0,1
26,46,1009,13,48,0,0
32,28,1002,32,59,1,1
20,31,1009,21,16,0,0
27,50,1016,16,57,0,0
29,63,997,25,54,0,1
40,83,1019,24,71,0,0
29,97,1005,32,0,0,1
41,67,1024,16,6,0,0
23,44,1018,43,99,0,1
29,27,1022,13,79,1,0
39,79,1015,22,81,0,1
34,59,1012,12,22,0,0
23,61,1010,30,28,0,0
27,52,1010,4,87,0,0
34,98,999,26,99,1,1
40,74,1013,11,74,1,1
23,27,1007,39,74,0,1
28,72,1018,27,48,0,0
25,79,998,11,97,0,1
36,85,1002,39,18,1,1
20,43,1019,16,2,1,0
30,36,1013,29,97,0,1
35,51,1006,37,96,1,1
37,41,1014,35,77,0,1
37,88,1024,36,78,0,1
32,36,1018,37,32,0,0
25,70,998,26,6,0,1
24,85,1015,16,29,1,1
26,84,1006,31,23,1,1
40,53,1016,23,98,0,1
26,75,1003,23,49,0,1
29,47,1023,12,53,0,0
20,76,1021,23,2,0,0
18,82,1005,27,97,0,1
38,57,1019,37,65,0,0
27,39,1000,22,41,0,1
30,30,1008,19,42,0,0
38,72,1021,25,75,1,1
31,56,997,11,25,0,1
18,74,1011,33,82,1,1
22,50,1000,2,93,0,1
21,60,1018,43,54,0,0
25,85,1021,13,62,1,1
20,40,998,31,31,0,1
41,64,1023,31,88,0,0
18,98,1012,37,56,0,1
39,37,1024,23,69,1,0
20,29,1012,28,11,1,0
34,37,1008,12,74,0,0
35,75,998,19,17,0,1
28,93,1010,12,68,0,1
28,85,1009,26,16,0,0
31,63,1018,10,62,1,1
38,84,1016,31,89,1,1
24,76,995,41,57,0,1
34,53,1020,43,27,0,0
27,35,1004,31,48,0,1
37,83,1006,6,29,0,0
24,90,1024,42,68,1,1
31,32,1023,4,27,0,0
25,78,1006,44,8,1,1
36,31,1011,24,75,1,1
31,82,1019,12,74,1,1
20,39,997,42,16,0,1
29,95,1005,21,0,1,1
39,55,1011,26,40,0,0
37,52,1011,27,99,1,1
36,93,1005,39,76,1,1
40,69,1000,17,53,1,1
28,76,1011,43,68,0,1
27,27,1013,5,43,0,0
39,66,1005,9,90,0,1
38,91,1021,12,26,0,0
32,99,1019,26,38,0,0
38,81,1013,18,30,0,0
19,50,1016,43,27,0,0
24,43,1018,22,41,0,0
32,68,1019,32,8,1,0
36,56,1004,41,51,0,1
38,51,996,2,7,0,0
22,90,1016,42,47,0,1
34,72,1023,34,88,0,1
36,88,1012,24,51,0,1
28,67,1005,11,9,0,0
27,25,1010,20,75,1,1
22,31,1006,15,32,0,0
23,75,1024,13,98,1,1
21,25,1014,39,52,0,0
38,55,1003,8,60,1,1
26,84,1018,25,14,0,0
41,31,1018,24,63,0,0
19,78,1016,35,27,0,0
29,61,1024,26,59,0,0
33,52,1017,39,23,0,0
25,42,1014,5,7,1,0
24,42,995,19,97,0,1
27,77,995,22,70,1,1
18,28,1005,3,39,1,0
34,88,1012,11,84,0,1
40,61,1002,11,24,1,1
36,48,1011,43,29,0,0
34,52,1007,11,64,0,0
38,50,1007,8,37,0,0
25,82,1003,28,33,0,1
32,34,1019,27,16,0,0
41,35,1011,12,14,0,0
21,77,1009,32,45,1,1
26,72,1018,2,2,0,0
26,46,1013,9,24,0,0
30,77,1013,15,4,0,0
38,47,1011,4,96,0,0
39,40,1000,42,53,0,1
34,70,1008,13,28,0,0
34,64,1011,44,86,0,1
33,37,1023,20,2,0,0
25,64,1006,32,34,1,1
19,51,997,22,51,1,1
18,69,1008,34,35,1,1
37,45,1000,35,48,0,1
33,36,1012,7,76,1,1
33,35,995,22,23,1,1
29,33,1022,39,4,0,0
19,98,999,18,52,1,1
30,44,1013,39,82,1,1
23,99,1004,32,17,1,1
27,71,1018,17,92,1,1
25,64,1007,20,73,0,1
39,52,1024,36,2,0,0
29,29,1010,11,6,1,0
27,81,1015,30,80,0,1
25,45,996,17,45,1,1
29,27,1017,14,37,1,0
24,50,1014,39,54,0,0
36,81,1010,39,67,0,1
38,34,1010,2,11,0,0
36,88,1019,30,18,0,0
38,48,1020,37,55,0,0
37,56,996,10,81,0,1
31,79,1000,13,76,1,1
33,98,1016,11,49,1,1
33,60,1018,12,16,1,0
29,27,1013,10,82,0,0
35,99,1018,23,0,0,0
29,34,1005,9,16,0,0
24,87,999,5,63,0,1
33,38,1020,37,72,0,0
18,33,1019,41,14,1,0
41,96,1014,30,70,0,1
35,91,1009,25,83,0,1
23,67,1002,33,71,0,1
24,89,999,4,51,1,1
36,28,1007,44,54,0,1
20,81,1018,31,80,0,1
24,33,1015,31,21,0,0
21,34,1024,31,6,0,0
27,63,1021,4,98,1,1
35,37,1006,18,16,0,0
37,73,1013,8,18,0,0
27,53,1000,9,67,0,1
28,82,1010,41,95,1,1
34,39,1014,40,10,0,0
41,94,1012,42,47,1,1
25,50,1011,15,40,1,1
20,58,1002,28,99,0,1
18,53,1011,19,48,0,0
20,33,1021,40,37,1,0
34,98,1021,4,18,0,0
38,90,1014,24,62,0,1
35,32,1018,38,41,0,0
26,83,1012,32,89,1,1
22,99,1014,25,64,0,1
40,76,1006,26,62,0,1
41,66,1015,22,84,0,1
29,72,999,19,73,0,1
31,33,1022,33,12,1,0
28,78,1022,30,50,0,0
26,36,997,39,3,0,1
27,42,1008,20,57,0,0
40,47,1015,27,33,1,1
30,81,1019,34,91,1,1
25,67,1018,7,76,1,1
22,83,1007,28,18,0,1
19,50,995,39,6,0,1
22,33,1007,41,47,0,1
35,54,1004,20,47,0,1
18,63,1023,44,51,0,0
41,51,1004,3,65,0,0
33,36,1002,27,9,0,0
32,28,1020,24,48,0,0
18,89,1001,4,56,1,1
32,42,1015,9,24,1,0
23,64,1014,30,68,0,1
24,57,997,43,45,1,1
28,92,1002,6,41,0,1
34,44,1005,13,52,0,0
37,51,1017,6,55,1,0
30,53,1008,9,45,0,0
24,50,1004,31,80,1,1
36,78,1018,29,34,0,0
23,30,1017,30,22,0,0
36,86,999,33,0,0,1
29,52,1012,8,36,0,0
33,43,1013,21,14,1,0
38,96,1013,8,82,0,1
20,92,996,8,53,0,1
18,36,1020,20,51,1,0
41,27,1007,33,62,0,0
39,96,1014,17,95,0,1
33,38,1007,24,51,0,0
25,80,1020,19,36,0,0
37,47,1019,18,95,0,0
33,44,997,2,36,1,1
33,28,997,18,43,0,1
19,66,996,18,23,0,1
41,38,1004,16,36,0,0
38,80,1007,14,34,1,1
27,58,1018,28,72,1,1
29,39,997,29,8,0,0
40,54,1010,37,29,1,1
33,44,1008,30,36,0,0
18,53,1024,30,87,0,0
27,60,1017,18,53,0,0
33,75,1014,24,15,0,0
25,94,1004,35,61,0,1
21,30,1007,34,4,0,0
24,83,1013,44,49,0,1
38,62,1001,18,82,0,1
24,62,1011,30,50,0,1
29,39,1010,34,10,1,1
30,44,1011,30,15,0,0
31,61,1007,19,70,0,1
28,81,1011,20,69,0,1
38,34,995,2,46,0,0
24,34,998,9,96,0,1
38,28,1011,6,41,0,0
18,58,995,15,52,0,1
18,32,1012,6,94,0,0
23,51,1015,38,97,1,1
21,85,1017,27,0,1,1
40,91,1008,40,76,1,1
20,50,999,4,55,1,1
37,67,1024,24,17,0,0
30,85,995,28,13,0,1
26,92,1015,26,30,0,0
19,61,1014,3,13,1,0
27,32,1020,15,83,0,0
36,58,1020,38,45,0,0
40,88,1020,25,71,1,1
22,67,1002,18,88,1,1
18,93,1009,43,14,1,1
41,67,1012,7,33,0,0
39,93,1014,15,75,1,1
35,98,1001,31,36,0,1
30,81,998,7,14,0,1
35,84,995,37,88,1,1
30,56,1010,20,30,0,0
29,47,1002,28,0,0,0
22,48,1022,34,11,0,0
32,84,1003,43,52,0,1
27,38,1013,2,26,1,0
41,54,1002,18,22,0,0
25,29,996,28,61,1,1
19,44,1017,44,66,0,0
26,88,1000,41,14,0,1
41,59,1017,9,85,0,0
24,85,1007,30,62,0,1
36,95,1010,26,23,0,1
22,53,996,21,4,0,0
35,44,1005,22,19,0,0
40,29,1019,30,3,0,0
19,82,1002,36,27,0,1
19,83,1024,18,32,0,0
34,61,1007,30,39,0,1
40,38,1002,33,10,0,0
35,61,1007,6,65,0,0
30,62,1011,41,26,1,1
32,86,995,31,31,0,1
24,85,1010,12,36,1,1
40,83,1022,43,68,0,1
36,92,1017,10,10,0,0
24,41,1017,19,25,0,0
34,50,1019,18,73,1,1
40,72,1009,27,40,0,1
36,25,996,39,87,0,1
35,89,1004,5,13,0,0
23,93,1009,25,9,0,0
26,55,1003,16,49,0,1
20,78,1007,23,70,0,1
22,50,1013,31,97,0,1
20,40,1010,33,80,1,1
29,46,1006,30,57,0,1
21,30,1010,9,69,1,1
36,34,1010,3,23,0,0
19,81,997,27,62,0,1
28,60,1008,38,2,0,0
25,98,1006,27,22,0,1
29,76,1005,10,4,1,1
31,42,1009,2,78,0,0
24,84,1003,12,2,0,0
39,78,1015,44,25,0,0
26,32,1018,41,12,0,0
30,84,1005,15,45,0,1
32,37,1018,17,28,1,0
33,56,1008,18,70,0,1
41,80,1021,34,22,1,1
19,85,998,2,1,0,0
26,52,995,24,83,0,1
33,70,1017,27,94,1,1
32,85,1012,36,14,0,0
30,80,1021,26,19,0,0
37,39,1024,31,13,1,0
35,93,1009,44,26,0,1
39,83,1006,40,83,0,1
26,59,1011,10,59,0,0
27,92,1010,17,92,0,1
23,62,1001,42,15,0,1
30,39,1012,5,36,0,0
21,41,1011,35,47,0,0
24,89,1015,19,38,0,0
30,59,1003,18,33,0,0
24,43,1005,25,84,0,1
34,28,996,18,0,0,0
34,33,997,11,48,1,1
32,69,996,39,2,0,1
18,83,995,31,42,0,1
30,85,1016,21,92,0,1
34,90,996,23,49,0,1
19,67,1011,10,19,0,0
32,50,1019,32,29,1,0
23,52,1014,38,23,1,1
24,41,999,7,63,0,1
31,55,1019,21,45,1,0
35,74,1022,23,40,0,0
35,94,1011,15,9,0,0
20,66,1008,16,15,0,0
21,37,1021,28,7,1,0
38,99,999,6,88,0,1
40,48,1003,44,74,0,1
26,88,999,28,10,0,1
30,85,1013,9,54,0,0
24,80,1021,41,22,1,1
21,98,1009,24,39,1,1
41,63,1002,30,44,0,1
19,39,1000,26,81,0,1
19,25,1019,3,35,1,0
40,44,999,13,31,1,1
35,53,996,30,90,1,1
33,44,1020,40,84,0,0
40,36,1017,44,48,1,1
23,56,1000,16,89,1,1
26,50,1024,30,29,0,0
28,46,1005,42,16,0,0
38,94,1016,38,89,0,1
20,94,1016,18,74,0,1
29,98,1011,39,17,0,1
39,85,1019,16,43,1,1
22,42,1020,13,31,1,0
32,66,1022,26,93,0,0
23,89,995,12,34,0,1
22,64,1016,19,36,1,1
35,36,1015,41,29,1,1
32,71,1022,5,27,1,0
36,40,1006,37,14,0,0
28,52,1018,24,78,0,0
28,69,1001,32,78,0,1
41,69,998,34,3,0,1
41,35,1015,26,49,0,0
37,30,1008,7,85,0,0
18,36,1024,32,98,0,0
40,93,1002,3,30,0,1
31,66,1014,15,74,0,0
36,26,1017,36,26,1,0
36,40,1014,41,89,0,1
29,68,1003,17,41,0,1
37,52,1022,42,0,1,0
39,53,1002,3,23,0,0
41,38,1015,44,0,0,0
28,44,1019,16,91,0,0
26,44,1015,18,62,1,1
22,70,1004,34,93,0,1
22,73,1000,25,88,0,1
35,67,997,7,8,0,0
18,54,1009,33,83,1,1
40,58,1010,39,83,1,1
24,49,1005,9,33,1,1
39,86,1002,34,38,1,1
39,97,996,5,77,0,1
38,78,1013,7,96,0,1
25,31,1001,11,35,0,0
36,55,1004,21,34,1,1
34,55,995,41,67,0,1
19,61,1020,32,94,0,1
23,34,1002,37,82,0,1
41,31,1014,3,56,0,0
35,38,1018,11,31,0,0
40,72,1002,10,74,1,1
41,55,999,34,93,1,1
32,63,1010,27,63,0,1
32,83,997,21,20,1,1
32,78,1011,17,15,0,0
21,61,1018,9,68,0,0
36,34,1018,10,21,0,0
37,75,1021,39,9,0,0
33,64,1006,6,42,1,1
41,55,1009,4,62,1,1
28,93,1001,34,76,0,1
37,74,1007,2,37,0,0
27,63,1004,43,72,0,1
26,97,1021,43,28,0,0
33,81,996,12,8,1,1
24,69,1021,29,42,1,1
33,26,1004,11,18,0,0
37,82,1022,39,58,0,0
30,75,997,42,9,1,1
21,77,1018,17,49,0,0
27,25,1017,43,48,0,0
33,81,1000,9,61,1,1
26,31,1002,38,60,1,1
25,47,1014,12,0,0,0
22,38,1001,25,3,0,0
24,78,1018,10,64,0,0
24,91,1001,21,57,1,1
19,56,995,41,4,1,1
26,70,1023,22,41,0,0
40,33,999,9,55,0,0
31,67,1005,37,17,0,1
25,43,1016,3,10,0,0
27,77,1007,4,38,0,0
19,74,1022,15,51,0,0
19,63,1004,29,83,1,1
40,42,996,18,37,1,1
26,59,1019,40,29,1,1
38,31,1004,43,41,0,1
36,88,1022,26,62,0,0
32,69,1014,3,63,1,1
27,58,1023,36,68,0,0
24,52,1006,4,9,0,0
28,44,1009,29,75,0,1
30,75,999,13,7,0,0
26,94,1017,29,43,0,0
36,73,997,37,90,1,1
22,94,1007,42,80,1,1
32,54,1002,10,33,1,1
31,85,997,43,65,1,1
28,33,1015,42,64,0,0
22,36,1005,22,60,1,1
40,96,1016,27,82,0,1
22,65,1015,14,6,0,0
20,63,1003,37,39,0,1
40,90,1008,7,70,0,1
18,91,1020,26,78,0,1
22,88,1014,30,18,1,1
31,39,995,13,63,0,1
26,78,1016,28,97,0,1
27,37,1023,6,74,0,0
24,76,1021,44,45,0,0
41,66,1010,32,70,0,1
28,49,1013,5,88,1,1
33,26,1020,9,42,0,0
38,74,1011,31,42,1,1
29,55,1006,38,46,0,1
24,95,997,28,25,1,1
28,43,1016,2,33,0,0
38,75,1014,29,44,0,0
36,32,1009,22,17,1,0
27,87,1012,21,61,0,1
31,76,1024,4,0,0,0
34,89,1010,34,92,1,1
36,78,1008,8,83,0,1
28,36,1004,39,94,0,1
30,45,1017,32,43,1,1
39,45,1003,21,91,1,1
33,48,1019,44,30,0,0
18,61,1024,33,95,0,0
29,53,1016,6,29,0,0
35,61,1005,5,85,0,1
20,77,1018,35,7,0,0
23,97,1012,13,5,0,0
24,25,1009,15,76,1,1
31,65,1012,7,19,0,0
36,98,1023,6,1,0,0
38,30,1005,20,17,1,1
34,77,998,4,24,0,1
31,65,1017,17,91,0,1
26,85,1012,39,5,0,0
20,98,1024,17,10,0,0
29,78,995,14,62,0,1
24,63,1000,4,29,0,0
28,94,1006,17,85,0,1
29,60,1012,18,31,0,0
20,49,1013,38,48,0,0
36,50,995,16,52,1,1
22,88,1010,41,23,0,1
21,67,1007,22,68,1,1
29,30,1023,24,98,0,0
21,34,1021,8,49,0,0
31,25,1019,22,93,0,0
32,38,1001,43,24,0,1
25,56,1005,29,68,0,1
37,65,1013,8,32,1,1
29,81,1021,26,85,1,1
20,54,1022,42,80,0,0
19,29,1012,16,1,0,0
27,59,1024,42,46,1,1
38,54,1023,30,98,0,0
37,60,1005,41,17,0,1
32,40,1019,4,68,0,0
18,64,1000,5,42,0,1
37,76,1015,3,61,1,1
36,88,1012,12,34,0,0
19,25,995,14,26,1,1
30,68,1002,3,40,1,1
35,65,999,27,12,1,1
40,68,1003,3,75,0,1
23,37,1010,26,39,1,1
32,61,1015,19,82,0,0
33,87,1023,17,85,0,0
28,88,1020,29,54,0,0
24,62,1017,15,30,1,0
29,99,998,26,88,0,1
25,48,1012,39,72,0,1
22,72,1007,14,20,0,0
38,89,1002,25,33,0,1
18,59,1003,27,67,1,1
40,91,1013,44,38,1,1
39,73,1020,16,39,0,0
37,80,1001,18,51,0,1
23,52,996,33,23,0,1
22,68,1017,22,0,0,0
37,96,995,16,73,0,1
30,76,1004,38,40,0,1
38,89,1009,28,51,1,1
35,60,1018,39,98,0,1
19,90,1021,41,70,0,1
41,31,1019,30,7,0,0
25,56,1013,5,9,0,0
38,35,1000,39,54,1,1
25,98,1016,35,85,0,1
21,35,1012,35,2,0,0
36,74,1000,37,80,0,1
36,77,1005,32,31,1,1
36,33,1011,17,37,1,0
21,35,1014,16,87,0,0
38,67,1004,43,88,0,1
34,75,1012,25,20,0,0
36,91,1007,3,40,0,0
18,56,1004,26,59,0,1
36,31,1011,26,86,1,1
29,32,1012,36,24,0,0
21,56,1015,26,25,0,0
28,26,1013,4,75,0,0
